
  .   ____          _            __ _ _
 /\\ / ___'_ __ _ _(_)_ __  __ _ \ \ \ \
( ( )\___ | '_ | '_| | '_ \/ _` | \ \ \ \
 \\/  ___)| |_)| | | | | || (_| |  ) ) ) )
  '  |____| .__|_| |_|_| |_\__, | / / / /
 =========|_|==============|___/=/_/_/_/

 :: Spring Boot ::                (v3.4.2)

2026-01-27T23:50:14.024+05:30  INFO 7183 --- [           main] c.c.marketplace.CranberryApplication     : Starting CranberryApplication v0.0.1-SNAPSHOT using Java 17.0.12 with PID 7183 (/Users/aryangaikwad/Desktop/Cranberry- AI Powered Multivendor Ecommerce Marketplace/Cranberry-Backend/target/marketplace-0.0.1-SNAPSHOT.jar started by aryangaikwad in /Users/aryangaikwad/Desktop/Cranberry- AI Powered Multivendor Ecommerce Marketplace/Cranberry-Backend)
2026-01-27T23:50:14.025+05:30  INFO 7183 --- [           main] c.c.marketplace.CranberryApplication     : No active profile set, falling back to 1 default profile: "default"
2026-01-27T23:50:14.370+05:30  INFO 7183 --- [           main] .s.d.r.c.RepositoryConfigurationDelegate : Bootstrapping Spring Data JPA repositories in DEFAULT mode.
2026-01-27T23:50:14.455+05:30  INFO 7183 --- [           main] .s.d.r.c.RepositoryConfigurationDelegate : Finished Spring Data repository scanning in 81 ms. Found 10 JPA repository interfaces.
2026-01-27T23:50:14.694+05:30  INFO 7183 --- [           main] o.s.b.w.embedded.tomcat.TomcatWebServer  : Tomcat initialized with port 8080 (http)
2026-01-27T23:50:14.699+05:30  INFO 7183 --- [           main] o.apache.catalina.core.StandardService   : Starting service [Tomcat]
2026-01-27T23:50:14.699+05:30  INFO 7183 --- [           main] o.apache.catalina.core.StandardEngine    : Starting Servlet engine: [Apache Tomcat/10.1.34]
2026-01-27T23:50:14.710+05:30  INFO 7183 --- [           main] o.a.c.c.C.[Tomcat].[localhost].[/]       : Initializing Spring embedded WebApplicationContext
2026-01-27T23:50:14.711+05:30  INFO 7183 --- [           main] w.s.c.ServletWebServerApplicationContext : Root WebApplicationContext: initialization completed in 668 ms
2026-01-27T23:50:14.780+05:30  INFO 7183 --- [           main] o.hibernate.jpa.internal.util.LogHelper  : HHH000204: Processing PersistenceUnitInfo [name: default]
2026-01-27T23:50:14.813+05:30  INFO 7183 --- [           main] org.hibernate.Version                    : HHH000412: Hibernate ORM core version 6.6.5.Final
2026-01-27T23:50:14.828+05:30  INFO 7183 --- [           main] o.h.c.internal.RegionFactoryInitiator    : HHH000026: Second-level cache disabled
2026-01-27T23:50:14.943+05:30  INFO 7183 --- [           main] o.s.o.j.p.SpringPersistenceUnitInfo      : No LoadTimeWeaver setup: ignoring JPA class transformer
2026-01-27T23:50:14.956+05:30  INFO 7183 --- [           main] com.zaxxer.hikari.HikariDataSource       : HikariPool-1 - Starting...
2026-01-27T23:50:15.081+05:30  INFO 7183 --- [           main] com.zaxxer.hikari.pool.HikariPool        : HikariPool-1 - Added connection com.mysql.cj.jdbc.ConnectionImpl@2adc1e84
2026-01-27T23:50:15.081+05:30  INFO 7183 --- [           main] com.zaxxer.hikari.HikariDataSource       : HikariPool-1 - Start completed.
2026-01-27T23:50:15.120+05:30  INFO 7183 --- [           main] org.hibernate.orm.connections.pooling    : HHH10001005: Database info:
	Database JDBC URL [Connecting through datasource 'HikariDataSource (HikariPool-1)']
	Database driver: undefined/unknown
	Database version: 9.5
	Autocommit mode: undefined/unknown
	Isolation level: undefined/unknown
	Minimum pool size: undefined/unknown
	Maximum pool size: undefined/unknown
2026-01-27T23:50:15.543+05:30  INFO 7183 --- [           main] o.h.e.t.j.p.i.JtaPlatformInitiator       : HHH000489: No JTA platform available (set 'hibernate.transaction.jta.platform' to enable JTA platform integration)
2026-01-27T23:50:15.618+05:30  INFO 7183 --- [           main] j.LocalContainerEntityManagerFactoryBean : Initialized JPA EntityManagerFactory for persistence unit 'default'
2026-01-27T23:50:15.834+05:30  INFO 7183 --- [           main] o.s.d.j.r.query.QueryEnhancerFactory     : Hibernate is in classpath; If applicable, HQL parser will be used.
2026-01-27T23:50:16.705+05:30  INFO 7183 --- [           main] c.c.marketplace.service.PaymentService   : Razorpay client initialized with key: rzp_t...
2026-01-27T23:50:16.745+05:30  WARN 7183 --- [           main] .s.s.UserDetailsServiceAutoConfiguration : 

Using generated security password: 4077cf65-f53a-4170-b6c3-1e286fb33b64

This generated password is for development use only. Your security configuration must be updated before running your application in production.

2026-01-27T23:50:16.748+05:30  INFO 7183 --- [           main] r$InitializeUserDetailsManagerConfigurer : Global AuthenticationManager configured with UserDetailsService bean with name inMemoryUserDetailsManager
2026-01-27T23:50:16.975+05:30  INFO 7183 --- [           main] o.s.b.w.embedded.tomcat.TomcatWebServer  : Tomcat started on port 8080 (http) with context path '/'
2026-01-27T23:50:16.982+05:30  INFO 7183 --- [           main] c.c.marketplace.CranberryApplication     : Started CranberryApplication in 3.12 seconds (process running for 3.335)
2026-01-27T23:50:24.917+05:30  INFO 7183 --- [nio-8080-exec-2] o.a.c.c.C.[Tomcat].[localhost].[/]       : Initializing Spring DispatcherServlet 'dispatcherServlet'
2026-01-27T23:50:24.917+05:30  INFO 7183 --- [nio-8080-exec-2] o.s.web.servlet.DispatcherServlet        : Initializing Servlet 'dispatcherServlet'
2026-01-27T23:50:24.917+05:30  INFO 7183 --- [nio-8080-exec-2] o.s.web.servlet.DispatcherServlet        : Completed initialization in 0 ms
Hibernate: select u1_0.id,u1_0.email,u1_0.name,u1_0.password,u1_0.role from users u1_0 where u1_0.email=?
Hibernate: select u1_0.id,u1_0.email,u1_0.name,u1_0.password,u1_0.role from users u1_0 where u1_0.email=?
Hibernate: select u1_0.id,u1_0.email,u1_0.name,u1_0.password,u1_0.role from users u1_0 where u1_0.email=?
Hibernate: select w1_0.id,w1_0.user_id from wishlists w1_0 left join users u1_0 on u1_0.id=w1_0.user_id where u1_0.id=?
Hibernate: select o1_0.id,o1_0.created_at,o1_0.estimated_delivery_date,o1_0.shipping_address,o1_0.status,o1_0.total_amount,o1_0.tracking_number,o1_0.updated_at,o1_0.user_id from orders o1_0 order by o1_0.created_at desc
Hibernate: select c1_0.id,c1_0.user_id from carts c1_0 left join users u1_0 on u1_0.id=c1_0.user_id where u1_0.id=?
Hibernate: select u1_0.id,u1_0.email,u1_0.name,u1_0.password,u1_0.role from users u1_0 where u1_0.id=?
Hibernate: select u1_0.id,u1_0.email,u1_0.name,u1_0.password,u1_0.role from users u1_0 where u1_0.id=?
Hibernate: select u1_0.id,u1_0.email,u1_0.name,u1_0.password,u1_0.role from users u1_0 where u1_0.id=?
Hibernate: select i1_0.wishlist_id,i1_0.id,p1_0.id,p1_0.category,p1_0.description,p1_0.image_url,p1_0.name,p1_0.price,p1_0.status,p1_0.stock,v1_0.id,v1_0.address,v1_0.contact_email,v1_0.contact_phone,v1_0.created_at,v1_0.logo_url,v1_0.shop_name,v1_0.status,v1_0.user_id from wishlist_items i1_0 left join product p1_0 on p1_0.id=i1_0.product_id left join vendor v1_0 on v1_0.id=p1_0.vendor_id where i1_0.wishlist_id=?
Hibernate: select i1_0.cart_id,i1_0.id,p1_0.id,p1_0.category,p1_0.description,p1_0.image_url,p1_0.name,p1_0.price,p1_0.status,p1_0.stock,v1_0.id,v1_0.address,v1_0.contact_email,v1_0.contact_phone,v1_0.created_at,v1_0.logo_url,v1_0.shop_name,v1_0.status,v1_0.user_id,i1_0.quantity from cart_items i1_0 left join product p1_0 on p1_0.id=i1_0.product_id left join vendor v1_0 on v1_0.id=p1_0.vendor_id where i1_0.cart_id=?
Hibernate: select i1_0.order_id,i1_0.id,i1_0.price,p1_0.id,p1_0.category,p1_0.description,p1_0.image_url,p1_0.name,p1_0.price,p1_0.status,p1_0.stock,v1_0.id,v1_0.address,v1_0.contact_email,v1_0.contact_phone,v1_0.created_at,v1_0.logo_url,v1_0.shop_name,v1_0.status,v1_0.user_id,i1_0.quantity from order_item i1_0 left join product p1_0 on p1_0.id=i1_0.product_id left join vendor v1_0 on v1_0.id=p1_0.vendor_id where i1_0.order_id=?
Hibernate: select u1_0.id,u1_0.email,u1_0.name,u1_0.password,u1_0.role from users u1_0 where u1_0.id=?
Hibernate: select u1_0.id,u1_0.email,u1_0.name,u1_0.password,u1_0.role from users u1_0 where u1_0.id=?
Hibernate: select i1_0.order_id,i1_0.id,i1_0.price,p1_0.id,p1_0.category,p1_0.description,p1_0.image_url,p1_0.name,p1_0.price,p1_0.status,p1_0.stock,v1_0.id,v1_0.address,v1_0.contact_email,v1_0.contact_phone,v1_0.created_at,v1_0.logo_url,v1_0.shop_name,v1_0.status,v1_0.user_id,i1_0.quantity from order_item i1_0 left join product p1_0 on p1_0.id=i1_0.product_id left join vendor v1_0 on v1_0.id=p1_0.vendor_id where i1_0.order_id=?
Hibernate: select i1_0.order_id,i1_0.id,i1_0.price,p1_0.id,p1_0.category,p1_0.description,p1_0.image_url,p1_0.name,p1_0.price,p1_0.status,p1_0.stock,v1_0.id,v1_0.address,v1_0.contact_email,v1_0.contact_phone,v1_0.created_at,v1_0.logo_url,v1_0.shop_name,v1_0.status,v1_0.user_id,i1_0.quantity from order_item i1_0 left join product p1_0 on p1_0.id=i1_0.product_id left join vendor v1_0 on v1_0.id=p1_0.vendor_id where i1_0.order_id=?
Hibernate: select i1_0.order_id,i1_0.id,i1_0.price,p1_0.id,p1_0.category,p1_0.description,p1_0.image_url,p1_0.name,p1_0.price,p1_0.status,p1_0.stock,v1_0.id,v1_0.address,v1_0.contact_email,v1_0.contact_phone,v1_0.created_at,v1_0.logo_url,v1_0.shop_name,v1_0.status,v1_0.user_id,i1_0.quantity from order_item i1_0 left join product p1_0 on p1_0.id=i1_0.product_id left join vendor v1_0 on v1_0.id=p1_0.vendor_id where i1_0.order_id=?
Hibernate: select i1_0.order_id,i1_0.id,i1_0.price,p1_0.id,p1_0.category,p1_0.description,p1_0.image_url,p1_0.name,p1_0.price,p1_0.status,p1_0.stock,v1_0.id,v1_0.address,v1_0.contact_email,v1_0.contact_phone,v1_0.created_at,v1_0.logo_url,v1_0.shop_name,v1_0.status,v1_0.user_id,i1_0.quantity from order_item i1_0 left join product p1_0 on p1_0.id=i1_0.product_id left join vendor v1_0 on v1_0.id=p1_0.vendor_id where i1_0.order_id=?
Hibernate: select i1_0.order_id,i1_0.id,i1_0.price,p1_0.id,p1_0.category,p1_0.description,p1_0.image_url,p1_0.name,p1_0.price,p1_0.status,p1_0.stock,v1_0.id,v1_0.address,v1_0.contact_email,v1_0.contact_phone,v1_0.created_at,v1_0.logo_url,v1_0.shop_name,v1_0.status,v1_0.user_id,i1_0.quantity from order_item i1_0 left join product p1_0 on p1_0.id=i1_0.product_id left join vendor v1_0 on v1_0.id=p1_0.vendor_id where i1_0.order_id=?
Hibernate: select i1_0.order_id,i1_0.id,i1_0.price,p1_0.id,p1_0.category,p1_0.description,p1_0.image_url,p1_0.name,p1_0.price,p1_0.status,p1_0.stock,v1_0.id,v1_0.address,v1_0.contact_email,v1_0.contact_phone,v1_0.created_at,v1_0.logo_url,v1_0.shop_name,v1_0.status,v1_0.user_id,i1_0.quantity from order_item i1_0 left join product p1_0 on p1_0.id=i1_0.product_id left join vendor v1_0 on v1_0.id=p1_0.vendor_id where i1_0.order_id=?
Hibernate: select u1_0.id,u1_0.email,u1_0.name,u1_0.password,u1_0.role from users u1_0 where u1_0.email=?
Hibernate: select u1_0.id,u1_0.email,u1_0.name,u1_0.password,u1_0.role from users u1_0 where u1_0.email=?
Hibernate: select w1_0.id,w1_0.user_id from wishlists w1_0 left join users u1_0 on u1_0.id=w1_0.user_id where u1_0.id=?
Hibernate: select c1_0.id,c1_0.user_id from carts c1_0 left join users u1_0 on u1_0.id=c1_0.user_id where u1_0.id=?
Hibernate: select u1_0.id,u1_0.email,u1_0.name,u1_0.password,u1_0.role from users u1_0 where u1_0.id=?
Hibernate: select u1_0.id,u1_0.email,u1_0.name,u1_0.password,u1_0.role from users u1_0 where u1_0.id=?
Hibernate: select i1_0.wishlist_id,i1_0.id,p1_0.id,p1_0.category,p1_0.description,p1_0.image_url,p1_0.name,p1_0.price,p1_0.status,p1_0.stock,v1_0.id,v1_0.address,v1_0.contact_email,v1_0.contact_phone,v1_0.created_at,v1_0.logo_url,v1_0.shop_name,v1_0.status,v1_0.user_id from wishlist_items i1_0 left join product p1_0 on p1_0.id=i1_0.product_id left join vendor v1_0 on v1_0.id=p1_0.vendor_id where i1_0.wishlist_id=?
Hibernate: select i1_0.cart_id,i1_0.id,p1_0.id,p1_0.category,p1_0.description,p1_0.image_url,p1_0.name,p1_0.price,p1_0.status,p1_0.stock,v1_0.id,v1_0.address,v1_0.contact_email,v1_0.contact_phone,v1_0.created_at,v1_0.logo_url,v1_0.shop_name,v1_0.status,v1_0.user_id,i1_0.quantity from cart_items i1_0 left join product p1_0 on p1_0.id=i1_0.product_id left join vendor v1_0 on v1_0.id=p1_0.vendor_id where i1_0.cart_id=?
Hibernate: select u1_0.id,u1_0.email,u1_0.name,u1_0.password,u1_0.role from users u1_0 where u1_0.email=?
Hibernate: select u1_0.id,u1_0.email,u1_0.name,u1_0.password,u1_0.role from users u1_0 where u1_0.email=?
Hibernate: select o1_0.id,o1_0.created_at,o1_0.estimated_delivery_date,o1_0.shipping_address,o1_0.status,o1_0.total_amount,o1_0.tracking_number,o1_0.updated_at,o1_0.user_id from orders o1_0 order by o1_0.created_at desc
Hibernate: select u1_0.id,u1_0.email,u1_0.name,u1_0.password,u1_0.role from users u1_0 where u1_0.id=?
Hibernate: select i1_0.order_id,i1_0.id,i1_0.price,p1_0.id,p1_0.category,p1_0.description,p1_0.image_url,p1_0.name,p1_0.price,p1_0.status,p1_0.stock,v1_0.id,v1_0.address,v1_0.contact_email,v1_0.contact_phone,v1_0.created_at,v1_0.logo_url,v1_0.shop_name,v1_0.status,v1_0.user_id,i1_0.quantity from order_item i1_0 left join product p1_0 on p1_0.id=i1_0.product_id left join vendor v1_0 on v1_0.id=p1_0.vendor_id where i1_0.order_id=?
Hibernate: select u1_0.id,u1_0.email,u1_0.name,u1_0.password,u1_0.role from users u1_0 where u1_0.id=?
Hibernate: select u1_0.id,u1_0.email,u1_0.name,u1_0.password,u1_0.role from users u1_0 where u1_0.id=?
Hibernate: select i1_0.order_id,i1_0.id,i1_0.price,p1_0.id,p1_0.category,p1_0.description,p1_0.image_url,p1_0.name,p1_0.price,p1_0.status,p1_0.stock,v1_0.id,v1_0.address,v1_0.contact_email,v1_0.contact_phone,v1_0.created_at,v1_0.logo_url,v1_0.shop_name,v1_0.status,v1_0.user_id,i1_0.quantity from order_item i1_0 left join product p1_0 on p1_0.id=i1_0.product_id left join vendor v1_0 on v1_0.id=p1_0.vendor_id where i1_0.order_id=?
Hibernate: select i1_0.order_id,i1_0.id,i1_0.price,p1_0.id,p1_0.category,p1_0.description,p1_0.image_url,p1_0.name,p1_0.price,p1_0.status,p1_0.stock,v1_0.id,v1_0.address,v1_0.contact_email,v1_0.contact_phone,v1_0.created_at,v1_0.logo_url,v1_0.shop_name,v1_0.status,v1_0.user_id,i1_0.quantity from order_item i1_0 left join product p1_0 on p1_0.id=i1_0.product_id left join vendor v1_0 on v1_0.id=p1_0.vendor_id where i1_0.order_id=?
Hibernate: select count(*) from orders o1_0
Hibernate: select i1_0.order_id,i1_0.id,i1_0.price,p1_0.id,p1_0.category,p1_0.description,p1_0.image_url,p1_0.name,p1_0.price,p1_0.status,p1_0.stock,v1_0.id,v1_0.address,v1_0.contact_email,v1_0.contact_phone,v1_0.created_at,v1_0.logo_url,v1_0.shop_name,v1_0.status,v1_0.user_id,i1_0.quantity from order_item i1_0 left join product p1_0 on p1_0.id=i1_0.product_id left join vendor v1_0 on v1_0.id=p1_0.vendor_id where i1_0.order_id=?
Hibernate: select i1_0.order_id,i1_0.id,i1_0.price,p1_0.id,p1_0.category,p1_0.description,p1_0.image_url,p1_0.name,p1_0.price,p1_0.status,p1_0.stock,v1_0.id,v1_0.address,v1_0.contact_email,v1_0.contact_phone,v1_0.created_at,v1_0.logo_url,v1_0.shop_name,v1_0.status,v1_0.user_id,i1_0.quantity from order_item i1_0 left join product p1_0 on p1_0.id=i1_0.product_id left join vendor v1_0 on v1_0.id=p1_0.vendor_id where i1_0.order_id=?
Hibernate: select i1_0.order_id,i1_0.id,i1_0.price,p1_0.id,p1_0.category,p1_0.description,p1_0.image_url,p1_0.name,p1_0.price,p1_0.status,p1_0.stock,v1_0.id,v1_0.address,v1_0.contact_email,v1_0.contact_phone,v1_0.created_at,v1_0.logo_url,v1_0.shop_name,v1_0.status,v1_0.user_id,i1_0.quantity from order_item i1_0 left join product p1_0 on p1_0.id=i1_0.product_id left join vendor v1_0 on v1_0.id=p1_0.vendor_id where i1_0.order_id=?
Hibernate: select i1_0.order_id,i1_0.id,i1_0.price,p1_0.id,p1_0.category,p1_0.description,p1_0.image_url,p1_0.name,p1_0.price,p1_0.status,p1_0.stock,v1_0.id,v1_0.address,v1_0.contact_email,v1_0.contact_phone,v1_0.created_at,v1_0.logo_url,v1_0.shop_name,v1_0.status,v1_0.user_id,i1_0.quantity from order_item i1_0 left join product p1_0 on p1_0.id=i1_0.product_id left join vendor v1_0 on v1_0.id=p1_0.vendor_id where i1_0.order_id=?
Hibernate: select count(o1_0.id) from orders o1_0 where o1_0.status=?
Hibernate: select count(o1_0.id) from orders o1_0 where o1_0.status=?
Hibernate: select count(o1_0.id) from orders o1_0 where o1_0.status=?
Hibernate: select count(o1_0.id) from orders o1_0 where o1_0.status=?
Hibernate: select count(o1_0.id) from orders o1_0 where o1_0.status=?
Hibernate: select count(o1_0.id) from orders o1_0 where o1_0.status=?
Hibernate: select count(o1_0.id) from orders o1_0 where o1_0.status=?
Hibernate: select sum(o1_0.total_amount) from orders o1_0 where o1_0.status='PAID' or o1_0.status='PROCESSING' or o1_0.status='SHIPPED' or o1_0.status='DELIVERED'
Hibernate: select count(o1_0.id) from orders o1_0 where o1_0.created_at>=?
Hibernate: select sum(o1_0.total_amount) from orders o1_0 where (o1_0.status='PAID' or o1_0.status='PROCESSING' or o1_0.status='SHIPPED' or o1_0.status='DELIVERED') and o1_0.created_at>=?
Hibernate: select u1_0.id,u1_0.email,u1_0.name,u1_0.password,u1_0.role from users u1_0 where u1_0.email=?
Hibernate: select count(*) from orders o1_0
Hibernate: select count(o1_0.id) from orders o1_0 where o1_0.status=?
Hibernate: select count(o1_0.id) from orders o1_0 where o1_0.status=?
Hibernate: select count(o1_0.id) from orders o1_0 where o1_0.status=?
Hibernate: select count(o1_0.id) from orders o1_0 where o1_0.status=?
Hibernate: select count(o1_0.id) from orders o1_0 where o1_0.status=?
Hibernate: select count(o1_0.id) from orders o1_0 where o1_0.status=?
Hibernate: select count(o1_0.id) from orders o1_0 where o1_0.status=?
Hibernate: select sum(o1_0.total_amount) from orders o1_0 where o1_0.status='PAID' or o1_0.status='PROCESSING' or o1_0.status='SHIPPED' or o1_0.status='DELIVERED'
Hibernate: select count(o1_0.id) from orders o1_0 where o1_0.created_at>=?
Hibernate: select sum(o1_0.total_amount) from orders o1_0 where (o1_0.status='PAID' or o1_0.status='PROCESSING' or o1_0.status='SHIPPED' or o1_0.status='DELIVERED') and o1_0.created_at>=?
Hibernate: select u1_0.id,u1_0.email,u1_0.name,u1_0.password,u1_0.role from users u1_0 where u1_0.email=?
Hibernate: select u1_0.id,u1_0.email,u1_0.name,u1_0.password,u1_0.role from users u1_0 where u1_0.email=?
Hibernate: select u1_0.id,u1_0.email,u1_0.name,u1_0.password,u1_0.role from users u1_0 where u1_0.email=?
Hibernate: select c1_0.id,c1_0.user_id from carts c1_0 left join users u1_0 on u1_0.id=c1_0.user_id where u1_0.id=?
Hibernate: select o1_0.id,o1_0.created_at,o1_0.estimated_delivery_date,o1_0.shipping_address,o1_0.status,o1_0.total_amount,o1_0.tracking_number,o1_0.updated_at,o1_0.user_id from orders o1_0 order by o1_0.created_at desc
Hibernate: select w1_0.id,w1_0.user_id from wishlists w1_0 left join users u1_0 on u1_0.id=w1_0.user_id where u1_0.id=?
Hibernate: select u1_0.id,u1_0.email,u1_0.name,u1_0.password,u1_0.role from users u1_0 where u1_0.id=?
Hibernate: select u1_0.id,u1_0.email,u1_0.name,u1_0.password,u1_0.role from users u1_0 where u1_0.id=?
Hibernate: select u1_0.id,u1_0.email,u1_0.name,u1_0.password,u1_0.role from users u1_0 where u1_0.id=?
Hibernate: select i1_0.cart_id,i1_0.id,p1_0.id,p1_0.category,p1_0.description,p1_0.image_url,p1_0.name,p1_0.price,p1_0.status,p1_0.stock,v1_0.id,v1_0.address,v1_0.contact_email,v1_0.contact_phone,v1_0.created_at,v1_0.logo_url,v1_0.shop_name,v1_0.status,v1_0.user_id,i1_0.quantity from cart_items i1_0 left join product p1_0 on p1_0.id=i1_0.product_id left join vendor v1_0 on v1_0.id=p1_0.vendor_id where i1_0.cart_id=?
Hibernate: select i1_0.wishlist_id,i1_0.id,p1_0.id,p1_0.category,p1_0.description,p1_0.image_url,p1_0.name,p1_0.price,p1_0.status,p1_0.stock,v1_0.id,v1_0.address,v1_0.contact_email,v1_0.contact_phone,v1_0.created_at,v1_0.logo_url,v1_0.shop_name,v1_0.status,v1_0.user_id from wishlist_items i1_0 left join product p1_0 on p1_0.id=i1_0.product_id left join vendor v1_0 on v1_0.id=p1_0.vendor_id where i1_0.wishlist_id=?
Hibernate: select i1_0.order_id,i1_0.id,i1_0.price,p1_0.id,p1_0.category,p1_0.description,p1_0.image_url,p1_0.name,p1_0.price,p1_0.status,p1_0.stock,v1_0.id,v1_0.address,v1_0.contact_email,v1_0.contact_phone,v1_0.created_at,v1_0.logo_url,v1_0.shop_name,v1_0.status,v1_0.user_id,i1_0.quantity from order_item i1_0 left join product p1_0 on p1_0.id=i1_0.product_id left join vendor v1_0 on v1_0.id=p1_0.vendor_id where i1_0.order_id=?
Hibernate: select u1_0.id,u1_0.email,u1_0.name,u1_0.password,u1_0.role from users u1_0 where u1_0.id=?
Hibernate: select u1_0.id,u1_0.email,u1_0.name,u1_0.password,u1_0.role from users u1_0 where u1_0.id=?
Hibernate: select i1_0.order_id,i1_0.id,i1_0.price,p1_0.id,p1_0.category,p1_0.description,p1_0.image_url,p1_0.name,p1_0.price,p1_0.status,p1_0.stock,v1_0.id,v1_0.address,v1_0.contact_email,v1_0.contact_phone,v1_0.created_at,v1_0.logo_url,v1_0.shop_name,v1_0.status,v1_0.user_id,i1_0.quantity from order_item i1_0 left join product p1_0 on p1_0.id=i1_0.product_id left join vendor v1_0 on v1_0.id=p1_0.vendor_id where i1_0.order_id=?
Hibernate: select i1_0.order_id,i1_0.id,i1_0.price,p1_0.id,p1_0.category,p1_0.description,p1_0.image_url,p1_0.name,p1_0.price,p1_0.status,p1_0.stock,v1_0.id,v1_0.address,v1_0.contact_email,v1_0.contact_phone,v1_0.created_at,v1_0.logo_url,v1_0.shop_name,v1_0.status,v1_0.user_id,i1_0.quantity from order_item i1_0 left join product p1_0 on p1_0.id=i1_0.product_id left join vendor v1_0 on v1_0.id=p1_0.vendor_id where i1_0.order_id=?
Hibernate: select u1_0.id,u1_0.email,u1_0.name,u1_0.password,u1_0.role from users u1_0 where u1_0.email=?
Hibernate: select u1_0.id,u1_0.email,u1_0.name,u1_0.password,u1_0.role from users u1_0 where u1_0.email=?
Hibernate: select i1_0.order_id,i1_0.id,i1_0.price,p1_0.id,p1_0.category,p1_0.description,p1_0.image_url,p1_0.name,p1_0.price,p1_0.status,p1_0.stock,v1_0.id,v1_0.address,v1_0.contact_email,v1_0.contact_phone,v1_0.created_at,v1_0.logo_url,v1_0.shop_name,v1_0.status,v1_0.user_id,i1_0.quantity from order_item i1_0 left join product p1_0 on p1_0.id=i1_0.product_id left join vendor v1_0 on v1_0.id=p1_0.vendor_id where i1_0.order_id=?
Hibernate: select i1_0.order_id,i1_0.id,i1_0.price,p1_0.id,p1_0.category,p1_0.description,p1_0.image_url,p1_0.name,p1_0.price,p1_0.status,p1_0.stock,v1_0.id,v1_0.address,v1_0.contact_email,v1_0.contact_phone,v1_0.created_at,v1_0.logo_url,v1_0.shop_name,v1_0.status,v1_0.user_id,i1_0.quantity from order_item i1_0 left join product p1_0 on p1_0.id=i1_0.product_id left join vendor v1_0 on v1_0.id=p1_0.vendor_id where i1_0.order_id=?
Hibernate: select c1_0.id,c1_0.user_id from carts c1_0 left join users u1_0 on u1_0.id=c1_0.user_id where u1_0.id=?
Hibernate: select w1_0.id,w1_0.user_id from wishlists w1_0 left join users u1_0 on u1_0.id=w1_0.user_id where u1_0.id=?
Hibernate: select i1_0.order_id,i1_0.id,i1_0.price,p1_0.id,p1_0.category,p1_0.description,p1_0.image_url,p1_0.name,p1_0.price,p1_0.status,p1_0.stock,v1_0.id,v1_0.address,v1_0.contact_email,v1_0.contact_phone,v1_0.created_at,v1_0.logo_url,v1_0.shop_name,v1_0.status,v1_0.user_id,i1_0.quantity from order_item i1_0 left join product p1_0 on p1_0.id=i1_0.product_id left join vendor v1_0 on v1_0.id=p1_0.vendor_id where i1_0.order_id=?
Hibernate: select u1_0.id,u1_0.email,u1_0.name,u1_0.password,u1_0.role from users u1_0 where u1_0.id=?
Hibernate: select u1_0.id,u1_0.email,u1_0.name,u1_0.password,u1_0.role from users u1_0 where u1_0.id=?
Hibernate: select i1_0.cart_id,i1_0.id,p1_0.id,p1_0.category,p1_0.description,p1_0.image_url,p1_0.name,p1_0.price,p1_0.status,p1_0.stock,v1_0.id,v1_0.address,v1_0.contact_email,v1_0.contact_phone,v1_0.created_at,v1_0.logo_url,v1_0.shop_name,v1_0.status,v1_0.user_id,i1_0.quantity from cart_items i1_0 left join product p1_0 on p1_0.id=i1_0.product_id left join vendor v1_0 on v1_0.id=p1_0.vendor_id where i1_0.cart_id=?
Hibernate: select i1_0.order_id,i1_0.id,i1_0.price,p1_0.id,p1_0.category,p1_0.description,p1_0.image_url,p1_0.name,p1_0.price,p1_0.status,p1_0.stock,v1_0.id,v1_0.address,v1_0.contact_email,v1_0.contact_phone,v1_0.created_at,v1_0.logo_url,v1_0.shop_name,v1_0.status,v1_0.user_id,i1_0.quantity from order_item i1_0 left join product p1_0 on p1_0.id=i1_0.product_id left join vendor v1_0 on v1_0.id=p1_0.vendor_id where i1_0.order_id=?
Hibernate: select i1_0.wishlist_id,i1_0.id,p1_0.id,p1_0.category,p1_0.description,p1_0.image_url,p1_0.name,p1_0.price,p1_0.status,p1_0.stock,v1_0.id,v1_0.address,v1_0.contact_email,v1_0.contact_phone,v1_0.created_at,v1_0.logo_url,v1_0.shop_name,v1_0.status,v1_0.user_id from wishlist_items i1_0 left join product p1_0 on p1_0.id=i1_0.product_id left join vendor v1_0 on v1_0.id=p1_0.vendor_id where i1_0.wishlist_id=?
Hibernate: select u1_0.id,u1_0.email,u1_0.name,u1_0.password,u1_0.role from users u1_0 where u1_0.email=?
Hibernate: select u1_0.id,u1_0.email,u1_0.name,u1_0.password,u1_0.role from users u1_0 where u1_0.email=?
Hibernate: select count(*) from orders o1_0
Hibernate: select o1_0.id,o1_0.created_at,o1_0.estimated_delivery_date,o1_0.shipping_address,o1_0.status,o1_0.total_amount,o1_0.tracking_number,o1_0.updated_at,o1_0.user_id from orders o1_0 order by o1_0.created_at desc
Hibernate: select u1_0.id,u1_0.email,u1_0.name,u1_0.password,u1_0.role from users u1_0 where u1_0.id=?
Hibernate: select count(o1_0.id) from orders o1_0 where o1_0.status=?
Hibernate: select count(o1_0.id) from orders o1_0 where o1_0.status=?
Hibernate: select i1_0.order_id,i1_0.id,i1_0.price,p1_0.id,p1_0.category,p1_0.description,p1_0.image_url,p1_0.name,p1_0.price,p1_0.status,p1_0.stock,v1_0.id,v1_0.address,v1_0.contact_email,v1_0.contact_phone,v1_0.created_at,v1_0.logo_url,v1_0.shop_name,v1_0.status,v1_0.user_id,i1_0.quantity from order_item i1_0 left join product p1_0 on p1_0.id=i1_0.product_id left join vendor v1_0 on v1_0.id=p1_0.vendor_id where i1_0.order_id=?
Hibernate: select count(o1_0.id) from orders o1_0 where o1_0.status=?
Hibernate: select u1_0.id,u1_0.email,u1_0.name,u1_0.password,u1_0.role from users u1_0 where u1_0.id=?
Hibernate: select count(o1_0.id) from orders o1_0 where o1_0.status=?
Hibernate: select u1_0.id,u1_0.email,u1_0.name,u1_0.password,u1_0.role from users u1_0 where u1_0.id=?
Hibernate: select count(o1_0.id) from orders o1_0 where o1_0.status=?
Hibernate: select i1_0.order_id,i1_0.id,i1_0.price,p1_0.id,p1_0.category,p1_0.description,p1_0.image_url,p1_0.name,p1_0.price,p1_0.status,p1_0.stock,v1_0.id,v1_0.address,v1_0.contact_email,v1_0.contact_phone,v1_0.created_at,v1_0.logo_url,v1_0.shop_name,v1_0.status,v1_0.user_id,i1_0.quantity from order_item i1_0 left join product p1_0 on p1_0.id=i1_0.product_id left join vendor v1_0 on v1_0.id=p1_0.vendor_id where i1_0.order_id=?
Hibernate: select count(o1_0.id) from orders o1_0 where o1_0.status=?
Hibernate: select count(o1_0.id) from orders o1_0 where o1_0.status=?
Hibernate: select sum(o1_0.total_amount) from orders o1_0 where o1_0.status='PAID' or o1_0.status='PROCESSING' or o1_0.status='SHIPPED' or o1_0.status='DELIVERED'
Hibernate: select i1_0.order_id,i1_0.id,i1_0.price,p1_0.id,p1_0.category,p1_0.description,p1_0.image_url,p1_0.name,p1_0.price,p1_0.status,p1_0.stock,v1_0.id,v1_0.address,v1_0.contact_email,v1_0.contact_phone,v1_0.created_at,v1_0.logo_url,v1_0.shop_name,v1_0.status,v1_0.user_id,i1_0.quantity from order_item i1_0 left join product p1_0 on p1_0.id=i1_0.product_id left join vendor v1_0 on v1_0.id=p1_0.vendor_id where i1_0.order_id=?
Hibernate: select count(o1_0.id) from orders o1_0 where o1_0.created_at>=?
Hibernate: select i1_0.order_id,i1_0.id,i1_0.price,p1_0.id,p1_0.category,p1_0.description,p1_0.image_url,p1_0.name,p1_0.price,p1_0.status,p1_0.stock,v1_0.id,v1_0.address,v1_0.contact_email,v1_0.contact_phone,v1_0.created_at,v1_0.logo_url,v1_0.shop_name,v1_0.status,v1_0.user_id,i1_0.quantity from order_item i1_0 left join product p1_0 on p1_0.id=i1_0.product_id left join vendor v1_0 on v1_0.id=p1_0.vendor_id where i1_0.order_id=?
Hibernate: select sum(o1_0.total_amount) from orders o1_0 where (o1_0.status='PAID' or o1_0.status='PROCESSING' or o1_0.status='SHIPPED' or o1_0.status='DELIVERED') and o1_0.created_at>=?
Hibernate: select i1_0.order_id,i1_0.id,i1_0.price,p1_0.id,p1_0.category,p1_0.description,p1_0.image_url,p1_0.name,p1_0.price,p1_0.status,p1_0.stock,v1_0.id,v1_0.address,v1_0.contact_email,v1_0.contact_phone,v1_0.created_at,v1_0.logo_url,v1_0.shop_name,v1_0.status,v1_0.user_id,i1_0.quantity from order_item i1_0 left join product p1_0 on p1_0.id=i1_0.product_id left join vendor v1_0 on v1_0.id=p1_0.vendor_id where i1_0.order_id=?
Hibernate: select i1_0.order_id,i1_0.id,i1_0.price,p1_0.id,p1_0.category,p1_0.description,p1_0.image_url,p1_0.name,p1_0.price,p1_0.status,p1_0.stock,v1_0.id,v1_0.address,v1_0.contact_email,v1_0.contact_phone,v1_0.created_at,v1_0.logo_url,v1_0.shop_name,v1_0.status,v1_0.user_id,i1_0.quantity from order_item i1_0 left join product p1_0 on p1_0.id=i1_0.product_id left join vendor v1_0 on v1_0.id=p1_0.vendor_id where i1_0.order_id=?
Hibernate: select i1_0.order_id,i1_0.id,i1_0.price,p1_0.id,p1_0.category,p1_0.description,p1_0.image_url,p1_0.name,p1_0.price,p1_0.status,p1_0.stock,v1_0.id,v1_0.address,v1_0.contact_email,v1_0.contact_phone,v1_0.created_at,v1_0.logo_url,v1_0.shop_name,v1_0.status,v1_0.user_id,i1_0.quantity from order_item i1_0 left join product p1_0 on p1_0.id=i1_0.product_id left join vendor v1_0 on v1_0.id=p1_0.vendor_id where i1_0.order_id=?
Hibernate: select u1_0.id,u1_0.email,u1_0.name,u1_0.password,u1_0.role from users u1_0 where u1_0.email=?
Hibernate: select count(*) from orders o1_0
Hibernate: select count(o1_0.id) from orders o1_0 where o1_0.status=?
Hibernate: select count(o1_0.id) from orders o1_0 where o1_0.status=?
Hibernate: select count(o1_0.id) from orders o1_0 where o1_0.status=?
Hibernate: select count(o1_0.id) from orders o1_0 where o1_0.status=?
Hibernate: select count(o1_0.id) from orders o1_0 where o1_0.status=?
Hibernate: select count(o1_0.id) from orders o1_0 where o1_0.status=?
Hibernate: select count(o1_0.id) from orders o1_0 where o1_0.status=?
Hibernate: select sum(o1_0.total_amount) from orders o1_0 where o1_0.status='PAID' or o1_0.status='PROCESSING' or o1_0.status='SHIPPED' or o1_0.status='DELIVERED'
Hibernate: select count(o1_0.id) from orders o1_0 where o1_0.created_at>=?
Hibernate: select sum(o1_0.total_amount) from orders o1_0 where (o1_0.status='PAID' or o1_0.status='PROCESSING' or o1_0.status='SHIPPED' or o1_0.status='DELIVERED') and o1_0.created_at>=?
Hibernate: select u1_0.id,u1_0.email,u1_0.name,u1_0.password,u1_0.role from users u1_0 where u1_0.email=?
Hibernate: select u1_0.id,u1_0.email,u1_0.name,u1_0.password,u1_0.role from users u1_0 where u1_0.email=?
Hibernate: select u1_0.id,u1_0.email,u1_0.name,u1_0.password,u1_0.role from users u1_0 where u1_0.email=?
Hibernate: select c1_0.id,c1_0.user_id from carts c1_0 left join users u1_0 on u1_0.id=c1_0.user_id where u1_0.id=?
Hibernate: select o1_0.id,o1_0.created_at,o1_0.estimated_delivery_date,o1_0.shipping_address,o1_0.status,o1_0.total_amount,o1_0.tracking_number,o1_0.updated_at,o1_0.user_id from orders o1_0 order by o1_0.created_at desc
Hibernate: select w1_0.id,w1_0.user_id from wishlists w1_0 left join users u1_0 on u1_0.id=w1_0.user_id where u1_0.id=?
Hibernate: select u1_0.id,u1_0.email,u1_0.name,u1_0.password,u1_0.role from users u1_0 where u1_0.id=?
Hibernate: select u1_0.id,u1_0.email,u1_0.name,u1_0.password,u1_0.role from users u1_0 where u1_0.id=?
Hibernate: select u1_0.id,u1_0.email,u1_0.name,u1_0.password,u1_0.role from users u1_0 where u1_0.id=?
Hibernate: select i1_0.cart_id,i1_0.id,p1_0.id,p1_0.category,p1_0.description,p1_0.image_url,p1_0.name,p1_0.price,p1_0.status,p1_0.stock,v1_0.id,v1_0.address,v1_0.contact_email,v1_0.contact_phone,v1_0.created_at,v1_0.logo_url,v1_0.shop_name,v1_0.status,v1_0.user_id,i1_0.quantity from cart_items i1_0 left join product p1_0 on p1_0.id=i1_0.product_id left join vendor v1_0 on v1_0.id=p1_0.vendor_id where i1_0.cart_id=?
Hibernate: select i1_0.wishlist_id,i1_0.id,p1_0.id,p1_0.category,p1_0.description,p1_0.image_url,p1_0.name,p1_0.price,p1_0.status,p1_0.stock,v1_0.id,v1_0.address,v1_0.contact_email,v1_0.contact_phone,v1_0.created_at,v1_0.logo_url,v1_0.shop_name,v1_0.status,v1_0.user_id from wishlist_items i1_0 left join product p1_0 on p1_0.id=i1_0.product_id left join vendor v1_0 on v1_0.id=p1_0.vendor_id where i1_0.wishlist_id=?
Hibernate: select i1_0.order_id,i1_0.id,i1_0.price,p1_0.id,p1_0.category,p1_0.description,p1_0.image_url,p1_0.name,p1_0.price,p1_0.status,p1_0.stock,v1_0.id,v1_0.address,v1_0.contact_email,v1_0.contact_phone,v1_0.created_at,v1_0.logo_url,v1_0.shop_name,v1_0.status,v1_0.user_id,i1_0.quantity from order_item i1_0 left join product p1_0 on p1_0.id=i1_0.product_id left join vendor v1_0 on v1_0.id=p1_0.vendor_id where i1_0.order_id=?
Hibernate: select u1_0.id,u1_0.email,u1_0.name,u1_0.password,u1_0.role from users u1_0 where u1_0.id=?
Hibernate: select u1_0.id,u1_0.email,u1_0.name,u1_0.password,u1_0.role from users u1_0 where u1_0.id=?
Hibernate: select i1_0.order_id,i1_0.id,i1_0.price,p1_0.id,p1_0.category,p1_0.description,p1_0.image_url,p1_0.name,p1_0.price,p1_0.status,p1_0.stock,v1_0.id,v1_0.address,v1_0.contact_email,v1_0.contact_phone,v1_0.created_at,v1_0.logo_url,v1_0.shop_name,v1_0.status,v1_0.user_id,i1_0.quantity from order_item i1_0 left join product p1_0 on p1_0.id=i1_0.product_id left join vendor v1_0 on v1_0.id=p1_0.vendor_id where i1_0.order_id=?
Hibernate: select i1_0.order_id,i1_0.id,i1_0.price,p1_0.id,p1_0.category,p1_0.description,p1_0.image_url,p1_0.name,p1_0.price,p1_0.status,p1_0.stock,v1_0.id,v1_0.address,v1_0.contact_email,v1_0.contact_phone,v1_0.created_at,v1_0.logo_url,v1_0.shop_name,v1_0.status,v1_0.user_id,i1_0.quantity from order_item i1_0 left join product p1_0 on p1_0.id=i1_0.product_id left join vendor v1_0 on v1_0.id=p1_0.vendor_id where i1_0.order_id=?
Hibernate: select i1_0.order_id,i1_0.id,i1_0.price,p1_0.id,p1_0.category,p1_0.description,p1_0.image_url,p1_0.name,p1_0.price,p1_0.status,p1_0.stock,v1_0.id,v1_0.address,v1_0.contact_email,v1_0.contact_phone,v1_0.created_at,v1_0.logo_url,v1_0.shop_name,v1_0.status,v1_0.user_id,i1_0.quantity from order_item i1_0 left join product p1_0 on p1_0.id=i1_0.product_id left join vendor v1_0 on v1_0.id=p1_0.vendor_id where i1_0.order_id=?
Hibernate: select i1_0.order_id,i1_0.id,i1_0.price,p1_0.id,p1_0.category,p1_0.description,p1_0.image_url,p1_0.name,p1_0.price,p1_0.status,p1_0.stock,v1_0.id,v1_0.address,v1_0.contact_email,v1_0.contact_phone,v1_0.created_at,v1_0.logo_url,v1_0.shop_name,v1_0.status,v1_0.user_id,i1_0.quantity from order_item i1_0 left join product p1_0 on p1_0.id=i1_0.product_id left join vendor v1_0 on v1_0.id=p1_0.vendor_id where i1_0.order_id=?
Hibernate: select i1_0.order_id,i1_0.id,i1_0.price,p1_0.id,p1_0.category,p1_0.description,p1_0.image_url,p1_0.name,p1_0.price,p1_0.status,p1_0.stock,v1_0.id,v1_0.address,v1_0.contact_email,v1_0.contact_phone,v1_0.created_at,v1_0.logo_url,v1_0.shop_name,v1_0.status,v1_0.user_id,i1_0.quantity from order_item i1_0 left join product p1_0 on p1_0.id=i1_0.product_id left join vendor v1_0 on v1_0.id=p1_0.vendor_id where i1_0.order_id=?
Hibernate: select u1_0.id,u1_0.email,u1_0.name,u1_0.password,u1_0.role from users u1_0 where u1_0.email=?
Hibernate: select u1_0.id,u1_0.email,u1_0.name,u1_0.password,u1_0.role from users u1_0 where u1_0.email=?
Hibernate: select i1_0.order_id,i1_0.id,i1_0.price,p1_0.id,p1_0.category,p1_0.description,p1_0.image_url,p1_0.name,p1_0.price,p1_0.status,p1_0.stock,v1_0.id,v1_0.address,v1_0.contact_email,v1_0.contact_phone,v1_0.created_at,v1_0.logo_url,v1_0.shop_name,v1_0.status,v1_0.user_id,i1_0.quantity from order_item i1_0 left join product p1_0 on p1_0.id=i1_0.product_id left join vendor v1_0 on v1_0.id=p1_0.vendor_id where i1_0.order_id=?
Hibernate: select c1_0.id,c1_0.user_id from carts c1_0 left join users u1_0 on u1_0.id=c1_0.user_id where u1_0.id=?
Hibernate: select w1_0.id,w1_0.user_id from wishlists w1_0 left join users u1_0 on u1_0.id=w1_0.user_id where u1_0.id=?
Hibernate: select u1_0.id,u1_0.email,u1_0.name,u1_0.password,u1_0.role from users u1_0 where u1_0.id=?
Hibernate: select u1_0.id,u1_0.email,u1_0.name,u1_0.password,u1_0.role from users u1_0 where u1_0.id=?
Hibernate: select i1_0.wishlist_id,i1_0.id,p1_0.id,p1_0.category,p1_0.description,p1_0.image_url,p1_0.name,p1_0.price,p1_0.status,p1_0.stock,v1_0.id,v1_0.address,v1_0.contact_email,v1_0.contact_phone,v1_0.created_at,v1_0.logo_url,v1_0.shop_name,v1_0.status,v1_0.user_id from wishlist_items i1_0 left join product p1_0 on p1_0.id=i1_0.product_id left join vendor v1_0 on v1_0.id=p1_0.vendor_id where i1_0.wishlist_id=?
Hibernate: select i1_0.cart_id,i1_0.id,p1_0.id,p1_0.category,p1_0.description,p1_0.image_url,p1_0.name,p1_0.price,p1_0.status,p1_0.stock,v1_0.id,v1_0.address,v1_0.contact_email,v1_0.contact_phone,v1_0.created_at,v1_0.logo_url,v1_0.shop_name,v1_0.status,v1_0.user_id,i1_0.quantity from cart_items i1_0 left join product p1_0 on p1_0.id=i1_0.product_id left join vendor v1_0 on v1_0.id=p1_0.vendor_id where i1_0.cart_id=?
Hibernate: select u1_0.id,u1_0.email,u1_0.name,u1_0.password,u1_0.role from users u1_0 where u1_0.email=?
Hibernate: select u1_0.id,u1_0.email,u1_0.name,u1_0.password,u1_0.role from users u1_0 where u1_0.email=?
Hibernate: select count(*) from orders o1_0
Hibernate: select o1_0.id,o1_0.created_at,o1_0.estimated_delivery_date,o1_0.shipping_address,o1_0.status,o1_0.total_amount,o1_0.tracking_number,o1_0.updated_at,o1_0.user_id from orders o1_0 order by o1_0.created_at desc
Hibernate: select u1_0.id,u1_0.email,u1_0.name,u1_0.password,u1_0.role from users u1_0 where u1_0.id=?
Hibernate: select count(o1_0.id) from orders o1_0 where o1_0.status=?
Hibernate: select count(o1_0.id) from orders o1_0 where o1_0.status=?
Hibernate: select i1_0.order_id,i1_0.id,i1_0.price,p1_0.id,p1_0.category,p1_0.description,p1_0.image_url,p1_0.name,p1_0.price,p1_0.status,p1_0.stock,v1_0.id,v1_0.address,v1_0.contact_email,v1_0.contact_phone,v1_0.created_at,v1_0.logo_url,v1_0.shop_name,v1_0.status,v1_0.user_id,i1_0.quantity from order_item i1_0 left join product p1_0 on p1_0.id=i1_0.product_id left join vendor v1_0 on v1_0.id=p1_0.vendor_id where i1_0.order_id=?
Hibernate: select count(o1_0.id) from orders o1_0 where o1_0.status=?
Hibernate: select count(o1_0.id) from orders o1_0 where o1_0.status=?
Hibernate: select u1_0.id,u1_0.email,u1_0.name,u1_0.password,u1_0.role from users u1_0 where u1_0.id=?
Hibernate: select count(o1_0.id) from orders o1_0 where o1_0.status=?
Hibernate: select u1_0.id,u1_0.email,u1_0.name,u1_0.password,u1_0.role from users u1_0 where u1_0.id=?
Hibernate: select count(o1_0.id) from orders o1_0 where o1_0.status=?
Hibernate: select i1_0.order_id,i1_0.id,i1_0.price,p1_0.id,p1_0.category,p1_0.description,p1_0.image_url,p1_0.name,p1_0.price,p1_0.status,p1_0.stock,v1_0.id,v1_0.address,v1_0.contact_email,v1_0.contact_phone,v1_0.created_at,v1_0.logo_url,v1_0.shop_name,v1_0.status,v1_0.user_id,i1_0.quantity from order_item i1_0 left join product p1_0 on p1_0.id=i1_0.product_id left join vendor v1_0 on v1_0.id=p1_0.vendor_id where i1_0.order_id=?
Hibernate: select count(o1_0.id) from orders o1_0 where o1_0.status=?
Hibernate: select i1_0.order_id,i1_0.id,i1_0.price,p1_0.id,p1_0.category,p1_0.description,p1_0.image_url,p1_0.name,p1_0.price,p1_0.status,p1_0.stock,v1_0.id,v1_0.address,v1_0.contact_email,v1_0.contact_phone,v1_0.created_at,v1_0.logo_url,v1_0.shop_name,v1_0.status,v1_0.user_id,i1_0.quantity from order_item i1_0 left join product p1_0 on p1_0.id=i1_0.product_id left join vendor v1_0 on v1_0.id=p1_0.vendor_id where i1_0.order_id=?
Hibernate: select sum(o1_0.total_amount) from orders o1_0 where o1_0.status='PAID' or o1_0.status='PROCESSING' or o1_0.status='SHIPPED' or o1_0.status='DELIVERED'
Hibernate: select count(o1_0.id) from orders o1_0 where o1_0.created_at>=?
Hibernate: select i1_0.order_id,i1_0.id,i1_0.price,p1_0.id,p1_0.category,p1_0.description,p1_0.image_url,p1_0.name,p1_0.price,p1_0.status,p1_0.stock,v1_0.id,v1_0.address,v1_0.contact_email,v1_0.contact_phone,v1_0.created_at,v1_0.logo_url,v1_0.shop_name,v1_0.status,v1_0.user_id,i1_0.quantity from order_item i1_0 left join product p1_0 on p1_0.id=i1_0.product_id left join vendor v1_0 on v1_0.id=p1_0.vendor_id where i1_0.order_id=?
Hibernate: select sum(o1_0.total_amount) from orders o1_0 where (o1_0.status='PAID' or o1_0.status='PROCESSING' or o1_0.status='SHIPPED' or o1_0.status='DELIVERED') and o1_0.created_at>=?
Hibernate: select i1_0.order_id,i1_0.id,i1_0.price,p1_0.id,p1_0.category,p1_0.description,p1_0.image_url,p1_0.name,p1_0.price,p1_0.status,p1_0.stock,v1_0.id,v1_0.address,v1_0.contact_email,v1_0.contact_phone,v1_0.created_at,v1_0.logo_url,v1_0.shop_name,v1_0.status,v1_0.user_id,i1_0.quantity from order_item i1_0 left join product p1_0 on p1_0.id=i1_0.product_id left join vendor v1_0 on v1_0.id=p1_0.vendor_id where i1_0.order_id=?
Hibernate: select i1_0.order_id,i1_0.id,i1_0.price,p1_0.id,p1_0.category,p1_0.description,p1_0.image_url,p1_0.name,p1_0.price,p1_0.status,p1_0.stock,v1_0.id,v1_0.address,v1_0.contact_email,v1_0.contact_phone,v1_0.created_at,v1_0.logo_url,v1_0.shop_name,v1_0.status,v1_0.user_id,i1_0.quantity from order_item i1_0 left join product p1_0 on p1_0.id=i1_0.product_id left join vendor v1_0 on v1_0.id=p1_0.vendor_id where i1_0.order_id=?
Hibernate: select i1_0.order_id,i1_0.id,i1_0.price,p1_0.id,p1_0.category,p1_0.description,p1_0.image_url,p1_0.name,p1_0.price,p1_0.status,p1_0.stock,v1_0.id,v1_0.address,v1_0.contact_email,v1_0.contact_phone,v1_0.created_at,v1_0.logo_url,v1_0.shop_name,v1_0.status,v1_0.user_id,i1_0.quantity from order_item i1_0 left join product p1_0 on p1_0.id=i1_0.product_id left join vendor v1_0 on v1_0.id=p1_0.vendor_id where i1_0.order_id=?
Hibernate: select u1_0.id,u1_0.email,u1_0.name,u1_0.password,u1_0.role from users u1_0 where u1_0.email=?
Hibernate: select count(*) from orders o1_0
Hibernate: select count(o1_0.id) from orders o1_0 where o1_0.status=?
Hibernate: select count(o1_0.id) from orders o1_0 where o1_0.status=?
Hibernate: select count(o1_0.id) from orders o1_0 where o1_0.status=?
Hibernate: select count(o1_0.id) from orders o1_0 where o1_0.status=?
Hibernate: select count(o1_0.id) from orders o1_0 where o1_0.status=?
Hibernate: select count(o1_0.id) from orders o1_0 where o1_0.status=?
Hibernate: select count(o1_0.id) from orders o1_0 where o1_0.status=?
Hibernate: select sum(o1_0.total_amount) from orders o1_0 where o1_0.status='PAID' or o1_0.status='PROCESSING' or o1_0.status='SHIPPED' or o1_0.status='DELIVERED'
Hibernate: select count(o1_0.id) from orders o1_0 where o1_0.created_at>=?
Hibernate: select sum(o1_0.total_amount) from orders o1_0 where (o1_0.status='PAID' or o1_0.status='PROCESSING' or o1_0.status='SHIPPED' or o1_0.status='DELIVERED') and o1_0.created_at>=?
Hibernate: select u1_0.id,u1_0.email,u1_0.name,u1_0.password,u1_0.role from users u1_0 where u1_0.email=?
2026-01-27T23:50:27.263+05:30  INFO 7183 --- [nio-8080-exec-3] c.c.marketplace.ai.OrderInsightsService  : Generating AI insights for orders...
Hibernate: select o1_0.id,o1_0.created_at,o1_0.estimated_delivery_date,o1_0.shipping_address,o1_0.status,o1_0.total_amount,o1_0.tracking_number,o1_0.updated_at,o1_0.user_id from orders o1_0 order by o1_0.created_at desc
Hibernate: select u1_0.id,u1_0.email,u1_0.name,u1_0.password,u1_0.role from users u1_0 where u1_0.id=?
2026-01-27T23:50:27.269+05:30  INFO 7183 --- [nio-8080-exec-3] c.c.marketplace.ai.OrderInsightsService  : Found 7 orders
2026-01-27T23:50:27.272+05:30  INFO 7183 --- [nio-8080-exec-3] c.c.marketplace.ai.OrderInsightsService  : Metrics calculated
2026-01-27T23:50:27.275+05:30  INFO 7183 --- [nio-8080-exec-3] c.c.marketplace.ai.OrderInsightsService  : AI insights generated
2026-01-27T23:50:27.275+05:30  INFO 7183 --- [nio-8080-exec-3] c.c.marketplace.ai.OrderInsightsService  : Recommendations generated
2026-01-27T23:50:27.356+05:30 ERROR 7183 --- [nio-8080-exec-3] i.n.r.d.DnsServerAddressStreamProviders  : Unable to load io.netty.resolver.dns.macos.MacOSDnsServerAddressStreamProvider, fallback to system defaults. This may result in incorrect DNS resolutions on MacOS. Check whether you have a dependency on 'io.netty:netty-resolver-dns-native-macos'. Use DEBUG level to see the full stack: java.lang.UnsatisfiedLinkError: failed to load the required native library
2026-01-27T23:50:27.449+05:30 ERROR 7183 --- [nio-8080-exec-3] c.c.marketplace.ai.AiProviderClient      : Error calling Ollama API: 404 Not Found from POST http://localhost:11434/api/generate
2026-01-27T23:50:27.449+05:30 ERROR 7183 --- [nio-8080-exec-3] c.c.marketplace.ai.AiProviderClient      : Error generating AI response

java.lang.RuntimeException: Failed to call Ollama API
	at com.cranberry.marketplace.ai.AiProviderClient.callOllama(AiProviderClient.java:111) ~[!/:0.0.1-SNAPSHOT]
	at com.cranberry.marketplace.ai.AiProviderClient.generateResponse(AiProviderClient.java:73) ~[!/:0.0.1-SNAPSHOT]
	at com.cranberry.marketplace.ai.OrderInsightsService.generateExecutiveSummary(OrderInsightsService.java:302) ~[!/:0.0.1-SNAPSHOT]
	at com.cranberry.marketplace.ai.OrderInsightsService.generateInsights(OrderInsightsService.java:65) ~[!/:0.0.1-SNAPSHOT]
	at com.cranberry.marketplace.ai.AiController.getOrderInsights(AiController.java:100) ~[!/:0.0.1-SNAPSHOT]
	at java.base/jdk.internal.reflect.NativeMethodAccessorImpl.invoke0(Native Method) ~[na:na]
	at java.base/jdk.internal.reflect.NativeMethodAccessorImpl.invoke(NativeMethodAccessorImpl.java:77) ~[na:na]
	at java.base/jdk.internal.reflect.DelegatingMethodAccessorImpl.invoke(DelegatingMethodAccessorImpl.java:43) ~[na:na]
	at java.base/java.lang.reflect.Method.invoke(Method.java:568) ~[na:na]
	at org.springframework.web.method.support.InvocableHandlerMethod.doInvoke(InvocableHandlerMethod.java:257) ~[spring-web-6.2.2.jar!/:6.2.2]
	at org.springframework.web.method.support.InvocableHandlerMethod.invokeForRequest(InvocableHandlerMethod.java:190) ~[spring-web-6.2.2.jar!/:6.2.2]
	at org.springframework.web.servlet.mvc.method.annotation.ServletInvocableHandlerMethod.invokeAndHandle(ServletInvocableHandlerMethod.java:118) ~[spring-webmvc-6.2.2.jar!/:6.2.2]
	at org.springframework.web.servlet.mvc.method.annotation.RequestMappingHandlerAdapter.invokeHandlerMethod(RequestMappingHandlerAdapter.java:986) ~[spring-webmvc-6.2.2.jar!/:6.2.2]
	at org.springframework.web.servlet.mvc.method.annotation.RequestMappingHandlerAdapter.handleInternal(RequestMappingHandlerAdapter.java:891) ~[spring-webmvc-6.2.2.jar!/:6.2.2]
	at org.springframework.web.servlet.mvc.method.AbstractHandlerMethodAdapter.handle(AbstractHandlerMethodAdapter.java:87) ~[spring-webmvc-6.2.2.jar!/:6.2.2]
	at org.springframework.web.servlet.DispatcherServlet.doDispatch(DispatcherServlet.java:1088) ~[spring-webmvc-6.2.2.jar!/:6.2.2]
	at org.springframework.web.servlet.DispatcherServlet.doService(DispatcherServlet.java:978) ~[spring-webmvc-6.2.2.jar!/:6.2.2]
	at org.springframework.web.servlet.FrameworkServlet.processRequest(FrameworkServlet.java:1014) ~[spring-webmvc-6.2.2.jar!/:6.2.2]
	at org.springframework.web.servlet.FrameworkServlet.doGet(FrameworkServlet.java:903) ~[spring-webmvc-6.2.2.jar!/:6.2.2]
	at jakarta.servlet.http.HttpServlet.service(HttpServlet.java:564) ~[tomcat-embed-core-10.1.34.jar!/:na]
	at org.springframework.web.servlet.FrameworkServlet.service(FrameworkServlet.java:885) ~[spring-webmvc-6.2.2.jar!/:6.2.2]
	at jakarta.servlet.http.HttpServlet.service(HttpServlet.java:658) ~[tomcat-embed-core-10.1.34.jar!/:na]
	at org.apache.catalina.core.ApplicationFilterChain.internalDoFilter(ApplicationFilterChain.java:195) ~[tomcat-embed-core-10.1.34.jar!/:na]
	at org.apache.catalina.core.ApplicationFilterChain.doFilter(ApplicationFilterChain.java:140) ~[tomcat-embed-core-10.1.34.jar!/:na]
	at org.apache.tomcat.websocket.server.WsFilter.doFilter(WsFilter.java:51) ~[tomcat-embed-websocket-10.1.34.jar!/:na]
	at org.apache.catalina.core.ApplicationFilterChain.internalDoFilter(ApplicationFilterChain.java:164) ~[tomcat-embed-core-10.1.34.jar!/:na]
	at org.apache.catalina.core.ApplicationFilterChain.doFilter(ApplicationFilterChain.java:140) ~[tomcat-embed-core-10.1.34.jar!/:na]
	at org.springframework.web.filter.CorsFilter.doFilterInternal(CorsFilter.java:91) ~[spring-web-6.2.2.jar!/:6.2.2]
	at org.springframework.web.filter.OncePerRequestFilter.doFilter(OncePerRequestFilter.java:116) ~[spring-web-6.2.2.jar!/:6.2.2]
	at org.apache.catalina.core.ApplicationFilterChain.internalDoFilter(ApplicationFilterChain.java:164) ~[tomcat-embed-core-10.1.34.jar!/:na]
	at org.apache.catalina.core.ApplicationFilterChain.doFilter(ApplicationFilterChain.java:140) ~[tomcat-embed-core-10.1.34.jar!/:na]
	at org.springframework.web.filter.CompositeFilter$VirtualFilterChain.doFilter(CompositeFilter.java:108) ~[spring-web-6.2.2.jar!/:6.2.2]
	at org.springframework.security.web.FilterChainProxy.lambda$doFilterInternal$3(FilterChainProxy.java:231) ~[spring-security-web-6.4.2.jar!/:6.4.2]
	at org.springframework.security.web.FilterChainProxy$VirtualFilterChain.doFilter(FilterChainProxy.java:365) ~[spring-security-web-6.4.2.jar!/:6.4.2]
	at org.springframework.security.web.access.intercept.AuthorizationFilter.doFilter(AuthorizationFilter.java:101) ~[spring-security-web-6.4.2.jar!/:6.4.2]
	at org.springframework.security.web.FilterChainProxy$VirtualFilterChain.doFilter(FilterChainProxy.java:374) ~[spring-security-web-6.4.2.jar!/:6.4.2]
	at org.springframework.security.web.access.ExceptionTranslationFilter.doFilter(ExceptionTranslationFilter.java:126) ~[spring-security-web-6.4.2.jar!/:6.4.2]
	at org.springframework.security.web.access.ExceptionTranslationFilter.doFilter(ExceptionTranslationFilter.java:120) ~[spring-security-web-6.4.2.jar!/:6.4.2]
	at org.springframework.security.web.FilterChainProxy$VirtualFilterChain.doFilter(FilterChainProxy.java:374) ~[spring-security-web-6.4.2.jar!/:6.4.2]
	at org.springframework.security.web.session.SessionManagementFilter.doFilter(SessionManagementFilter.java:131) ~[spring-security-web-6.4.2.jar!/:6.4.2]
	at org.springframework.security.web.session.SessionManagementFilter.doFilter(SessionManagementFilter.java:85) ~[spring-security-web-6.4.2.jar!/:6.4.2]
	at org.springframework.security.web.FilterChainProxy$VirtualFilterChain.doFilter(FilterChainProxy.java:374) ~[spring-security-web-6.4.2.jar!/:6.4.2]
	at org.springframework.security.web.authentication.AnonymousAuthenticationFilter.doFilter(AnonymousAuthenticationFilter.java:100) ~[spring-security-web-6.4.2.jar!/:6.4.2]
	at org.springframework.security.web.FilterChainProxy$VirtualFilterChain.doFilter(FilterChainProxy.java:374) ~[spring-security-web-6.4.2.jar!/:6.4.2]
	at org.springframework.security.web.servletapi.SecurityContextHolderAwareRequestFilter.doFilter(SecurityContextHolderAwareRequestFilter.java:179) ~[spring-security-web-6.4.2.jar!/:6.4.2]
	at org.springframework.security.web.FilterChainProxy$VirtualFilterChain.doFilter(FilterChainProxy.java:374) ~[spring-security-web-6.4.2.jar!/:6.4.2]
	at org.springframework.security.web.savedrequest.RequestCacheAwareFilter.doFilter(RequestCacheAwareFilter.java:63) ~[spring-security-web-6.4.2.jar!/:6.4.2]
	at org.springframework.security.web.FilterChainProxy$VirtualFilterChain.doFilter(FilterChainProxy.java:374) ~[spring-security-web-6.4.2.jar!/:6.4.2]
	at com.cranberry.marketplace.security.JwtFilter.doFilterInternal(JwtFilter.java:40) ~[!/:0.0.1-SNAPSHOT]
	at org.springframework.web.filter.OncePerRequestFilter.doFilter(OncePerRequestFilter.java:116) ~[spring-web-6.2.2.jar!/:6.2.2]
	at org.springframework.security.web.FilterChainProxy$VirtualFilterChain.doFilter(FilterChainProxy.java:374) ~[spring-security-web-6.4.2.jar!/:6.4.2]
	at org.springframework.security.web.authentication.logout.LogoutFilter.doFilter(LogoutFilter.java:107) ~[spring-security-web-6.4.2.jar!/:6.4.2]
	at org.springframework.security.web.authentication.logout.LogoutFilter.doFilter(LogoutFilter.java:93) ~[spring-security-web-6.4.2.jar!/:6.4.2]
	at org.springframework.security.web.FilterChainProxy$VirtualFilterChain.doFilter(FilterChainProxy.java:374) ~[spring-security-web-6.4.2.jar!/:6.4.2]
	at org.springframework.web.filter.CorsFilter.doFilterInternal(CorsFilter.java:91) ~[spring-web-6.2.2.jar!/:6.2.2]
	at org.springframework.web.filter.OncePerRequestFilter.doFilter(OncePerRequestFilter.java:116) ~[spring-web-6.2.2.jar!/:6.2.2]
	at org.springframework.security.web.FilterChainProxy$VirtualFilterChain.doFilter(FilterChainProxy.java:374) ~[spring-security-web-6.4.2.jar!/:6.4.2]
	at org.springframework.security.web.header.HeaderWriterFilter.doHeadersAfter(HeaderWriterFilter.java:90) ~[spring-security-web-6.4.2.jar!/:6.4.2]
	at org.springframework.security.web.header.HeaderWriterFilter.doFilterInternal(HeaderWriterFilter.java:75) ~[spring-security-web-6.4.2.jar!/:6.4.2]
	at org.springframework.web.filter.OncePerRequestFilter.doFilter(OncePerRequestFilter.java:116) ~[spring-web-6.2.2.jar!/:6.2.2]
	at org.springframework.security.web.FilterChainProxy$VirtualFilterChain.doFilter(FilterChainProxy.java:374) ~[spring-security-web-6.4.2.jar!/:6.4.2]
	at org.springframework.security.web.context.SecurityContextHolderFilter.doFilter(SecurityContextHolderFilter.java:82) ~[spring-security-web-6.4.2.jar!/:6.4.2]
	at org.springframework.security.web.context.SecurityContextHolderFilter.doFilter(SecurityContextHolderFilter.java:69) ~[spring-security-web-6.4.2.jar!/:6.4.2]
	at org.springframework.security.web.FilterChainProxy$VirtualFilterChain.doFilter(FilterChainProxy.java:374) ~[spring-security-web-6.4.2.jar!/:6.4.2]
	at org.springframework.security.web.context.request.async.WebAsyncManagerIntegrationFilter.doFilterInternal(WebAsyncManagerIntegrationFilter.java:62) ~[spring-security-web-6.4.2.jar!/:6.4.2]
	at org.springframework.web.filter.OncePerRequestFilter.doFilter(OncePerRequestFilter.java:116) ~[spring-web-6.2.2.jar!/:6.2.2]
	at org.springframework.security.web.FilterChainProxy$VirtualFilterChain.doFilter(FilterChainProxy.java:374) ~[spring-security-web-6.4.2.jar!/:6.4.2]
	at org.springframework.security.web.session.DisableEncodeUrlFilter.doFilterInternal(DisableEncodeUrlFilter.java:42) ~[spring-security-web-6.4.2.jar!/:6.4.2]
	at org.springframework.web.filter.OncePerRequestFilter.doFilter(OncePerRequestFilter.java:116) ~[spring-web-6.2.2.jar!/:6.2.2]
	at org.springframework.security.web.FilterChainProxy$VirtualFilterChain.doFilter(FilterChainProxy.java:374) ~[spring-security-web-6.4.2.jar!/:6.4.2]
	at org.springframework.security.web.FilterChainProxy.doFilterInternal(FilterChainProxy.java:233) ~[spring-security-web-6.4.2.jar!/:6.4.2]
	at org.springframework.security.web.FilterChainProxy.doFilter(FilterChainProxy.java:191) ~[spring-security-web-6.4.2.jar!/:6.4.2]
	at org.springframework.web.filter.CompositeFilter$VirtualFilterChain.doFilter(CompositeFilter.java:113) ~[spring-web-6.2.2.jar!/:6.2.2]
	at org.springframework.web.servlet.handler.HandlerMappingIntrospector.lambda$createCacheFilter$3(HandlerMappingIntrospector.java:243) ~[spring-webmvc-6.2.2.jar!/:6.2.2]
	at org.springframework.web.filter.CompositeFilter$VirtualFilterChain.doFilter(CompositeFilter.java:113) ~[spring-web-6.2.2.jar!/:6.2.2]
	at org.springframework.web.filter.CompositeFilter.doFilter(CompositeFilter.java:74) ~[spring-web-6.2.2.jar!/:6.2.2]
	at org.springframework.security.config.annotation.web.configuration.WebMvcSecurityConfiguration$CompositeFilterChainProxy.doFilter(WebMvcSecurityConfiguration.java:238) ~[spring-security-config-6.4.2.jar!/:6.4.2]
	at org.springframework.web.filter.DelegatingFilterProxy.invokeDelegate(DelegatingFilterProxy.java:362) ~[spring-web-6.2.2.jar!/:6.2.2]
	at org.springframework.web.filter.DelegatingFilterProxy.doFilter(DelegatingFilterProxy.java:278) ~[spring-web-6.2.2.jar!/:6.2.2]
	at org.apache.catalina.core.ApplicationFilterChain.internalDoFilter(ApplicationFilterChain.java:164) ~[tomcat-embed-core-10.1.34.jar!/:na]
	at org.apache.catalina.core.ApplicationFilterChain.doFilter(ApplicationFilterChain.java:140) ~[tomcat-embed-core-10.1.34.jar!/:na]
	at org.springframework.web.filter.RequestContextFilter.doFilterInternal(RequestContextFilter.java:100) ~[spring-web-6.2.2.jar!/:6.2.2]
	at org.springframework.web.filter.OncePerRequestFilter.doFilter(OncePerRequestFilter.java:116) ~[spring-web-6.2.2.jar!/:6.2.2]
	at org.apache.catalina.core.ApplicationFilterChain.internalDoFilter(ApplicationFilterChain.java:164) ~[tomcat-embed-core-10.1.34.jar!/:na]
	at org.apache.catalina.core.ApplicationFilterChain.doFilter(ApplicationFilterChain.java:140) ~[tomcat-embed-core-10.1.34.jar!/:na]
	at org.springframework.web.filter.FormContentFilter.doFilterInternal(FormContentFilter.java:93) ~[spring-web-6.2.2.jar!/:6.2.2]
	at org.springframework.web.filter.OncePerRequestFilter.doFilter(OncePerRequestFilter.java:116) ~[spring-web-6.2.2.jar!/:6.2.2]
	at org.apache.catalina.core.ApplicationFilterChain.internalDoFilter(ApplicationFilterChain.java:164) ~[tomcat-embed-core-10.1.34.jar!/:na]
	at org.apache.catalina.core.ApplicationFilterChain.doFilter(ApplicationFilterChain.java:140) ~[tomcat-embed-core-10.1.34.jar!/:na]
	at org.springframework.web.filter.CharacterEncodingFilter.doFilterInternal(CharacterEncodingFilter.java:201) ~[spring-web-6.2.2.jar!/:6.2.2]
	at org.springframework.web.filter.OncePerRequestFilter.doFilter(OncePerRequestFilter.java:116) ~[spring-web-6.2.2.jar!/:6.2.2]
	at org.apache.catalina.core.ApplicationFilterChain.internalDoFilter(ApplicationFilterChain.java:164) ~[tomcat-embed-core-10.1.34.jar!/:na]
	at org.apache.catalina.core.ApplicationFilterChain.doFilter(ApplicationFilterChain.java:140) ~[tomcat-embed-core-10.1.34.jar!/:na]
	at org.apache.catalina.core.StandardWrapperValve.invoke(StandardWrapperValve.java:167) ~[tomcat-embed-core-10.1.34.jar!/:na]
	at org.apache.catalina.core.StandardContextValve.invoke(StandardContextValve.java:90) ~[tomcat-embed-core-10.1.34.jar!/:na]
	at org.apache.catalina.authenticator.AuthenticatorBase.invoke(AuthenticatorBase.java:483) ~[tomcat-embed-core-10.1.34.jar!/:na]
	at org.apache.catalina.core.StandardHostValve.invoke(StandardHostValve.java:115) ~[tomcat-embed-core-10.1.34.jar!/:na]
	at org.apache.catalina.valves.ErrorReportValve.invoke(ErrorReportValve.java:93) ~[tomcat-embed-core-10.1.34.jar!/:na]
	at org.apache.catalina.core.StandardEngineValve.invoke(StandardEngineValve.java:74) ~[tomcat-embed-core-10.1.34.jar!/:na]
	at org.apache.catalina.connector.CoyoteAdapter.service(CoyoteAdapter.java:344) ~[tomcat-embed-core-10.1.34.jar!/:na]
	at org.apache.coyote.http11.Http11Processor.service(Http11Processor.java:397) ~[tomcat-embed-core-10.1.34.jar!/:na]
	at org.apache.coyote.AbstractProcessorLight.process(AbstractProcessorLight.java:63) ~[tomcat-embed-core-10.1.34.jar!/:na]
	at org.apache.coyote.AbstractProtocol$ConnectionHandler.process(AbstractProtocol.java:905) ~[tomcat-embed-core-10.1.34.jar!/:na]
	at org.apache.tomcat.util.net.NioEndpoint$SocketProcessor.doRun(NioEndpoint.java:1741) ~[tomcat-embed-core-10.1.34.jar!/:na]
	at org.apache.tomcat.util.net.SocketProcessorBase.run(SocketProcessorBase.java:52) ~[tomcat-embed-core-10.1.34.jar!/:na]
	at org.apache.tomcat.util.threads.ThreadPoolExecutor.runWorker(ThreadPoolExecutor.java:1190) ~[tomcat-embed-core-10.1.34.jar!/:na]
	at org.apache.tomcat.util.threads.ThreadPoolExecutor$Worker.run(ThreadPoolExecutor.java:659) ~[tomcat-embed-core-10.1.34.jar!/:na]
	at org.apache.tomcat.util.threads.TaskThread$WrappingRunnable.run(TaskThread.java:63) ~[tomcat-embed-core-10.1.34.jar!/:na]
	at java.base/java.lang.Thread.run(Thread.java:842) ~[na:na]
Caused by: org.springframework.web.reactive.function.client.WebClientResponseException$NotFound: 404 Not Found from POST http://localhost:11434/api/generate
	at org.springframework.web.reactive.function.client.WebClientResponseException.create(WebClientResponseException.java:324) ~[spring-webflux-6.2.2.jar!/:6.2.2]
	Suppressed: reactor.core.publisher.FluxOnAssembly$OnAssemblyException: 
Error has been observed at the following site(s):
	*__checkpoint ⇢ 404 NOT_FOUND from POST http://localhost:11434/api/generate [DefaultWebClient]
Original Stack Trace:
		at org.springframework.web.reactive.function.client.WebClientResponseException.create(WebClientResponseException.java:324) ~[spring-webflux-6.2.2.jar!/:6.2.2]
		at org.springframework.web.reactive.function.client.DefaultClientResponse.lambda$createException$1(DefaultClientResponse.java:214) ~[spring-webflux-6.2.2.jar!/:6.2.2]
		at reactor.core.publisher.FluxMap$MapSubscriber.onNext(FluxMap.java:106) ~[reactor-core-3.7.2.jar!/:3.7.2]
		at reactor.core.publisher.FluxOnErrorReturn$ReturnSubscriber.onNext(FluxOnErrorReturn.java:162) ~[reactor-core-3.7.2.jar!/:3.7.2]
		at reactor.core.publisher.FluxDefaultIfEmpty$DefaultIfEmptySubscriber.onNext(FluxDefaultIfEmpty.java:122) ~[reactor-core-3.7.2.jar!/:3.7.2]
		at reactor.core.publisher.FluxMapFuseable$MapFuseableSubscriber.onNext(FluxMapFuseable.java:129) ~[reactor-core-3.7.2.jar!/:3.7.2]
		at reactor.core.publisher.FluxContextWrite$ContextWriteSubscriber.onNext(FluxContextWrite.java:107) ~[reactor-core-3.7.2.jar!/:3.7.2]
		at reactor.core.publisher.FluxMapFuseable$MapFuseableConditionalSubscriber.onNext(FluxMapFuseable.java:299) ~[reactor-core-3.7.2.jar!/:3.7.2]
		at reactor.core.publisher.FluxFilterFuseable$FilterFuseableConditionalSubscriber.onNext(FluxFilterFuseable.java:337) ~[reactor-core-3.7.2.jar!/:3.7.2]
		at reactor.core.publisher.Operators$BaseFluxToMonoOperator.completePossiblyEmpty(Operators.java:2097) ~[reactor-core-3.7.2.jar!/:3.7.2]
		at reactor.core.publisher.MonoCollect$CollectSubscriber.onComplete(MonoCollect.java:145) ~[reactor-core-3.7.2.jar!/:3.7.2]
		at reactor.core.publisher.FluxMap$MapSubscriber.onComplete(FluxMap.java:144) ~[reactor-core-3.7.2.jar!/:3.7.2]
		at reactor.core.publisher.FluxPeek$PeekSubscriber.onComplete(FluxPeek.java:260) ~[reactor-core-3.7.2.jar!/:3.7.2]
		at reactor.core.publisher.FluxMap$MapSubscriber.onComplete(FluxMap.java:144) ~[reactor-core-3.7.2.jar!/:3.7.2]
		at reactor.netty.channel.FluxReceive.onInboundComplete(FluxReceive.java:413) ~[reactor-netty-core-1.2.2.jar!/:1.2.2]
		at reactor.netty.channel.ChannelOperations.onInboundComplete(ChannelOperations.java:455) ~[reactor-netty-core-1.2.2.jar!/:1.2.2]
		at reactor.netty.channel.ChannelOperations.terminate(ChannelOperations.java:509) ~[reactor-netty-core-1.2.2.jar!/:1.2.2]
		at reactor.netty.http.client.HttpClientOperations.onInboundNext(HttpClientOperations.java:819) ~[reactor-netty-http-1.2.2.jar!/:1.2.2]
		at reactor.netty.channel.ChannelOperationsHandler.channelRead(ChannelOperationsHandler.java:115) ~[reactor-netty-core-1.2.2.jar!/:1.2.2]
		at io.netty.channel.AbstractChannelHandlerContext.invokeChannelRead(AbstractChannelHandlerContext.java:444) ~[netty-transport-4.1.117.Final.jar!/:4.1.117.Final]
		at io.netty.channel.AbstractChannelHandlerContext.invokeChannelRead(AbstractChannelHandlerContext.java:420) ~[netty-transport-4.1.117.Final.jar!/:4.1.117.Final]
		at io.netty.channel.AbstractChannelHandlerContext.fireChannelRead(AbstractChannelHandlerContext.java:412) ~[netty-transport-4.1.117.Final.jar!/:4.1.117.Final]
		at io.netty.handler.codec.MessageToMessageDecoder.channelRead(MessageToMessageDecoder.java:107) ~[netty-codec-4.1.117.Final.jar!/:4.1.117.Final]
		at io.netty.channel.AbstractChannelHandlerContext.invokeChannelRead(AbstractChannelHandlerContext.java:444) ~[netty-transport-4.1.117.Final.jar!/:4.1.117.Final]
		at io.netty.channel.AbstractChannelHandlerContext.invokeChannelRead(AbstractChannelHandlerContext.java:420) ~[netty-transport-4.1.117.Final.jar!/:4.1.117.Final]
		at io.netty.channel.AbstractChannelHandlerContext.fireChannelRead(AbstractChannelHandlerContext.java:412) ~[netty-transport-4.1.117.Final.jar!/:4.1.117.Final]
		at io.netty.channel.CombinedChannelDuplexHandler$DelegatingChannelHandlerContext.fireChannelRead(CombinedChannelDuplexHandler.java:436) ~[netty-transport-4.1.117.Final.jar!/:4.1.117.Final]
		at io.netty.handler.codec.ByteToMessageDecoder.fireChannelRead(ByteToMessageDecoder.java:346) ~[netty-codec-4.1.117.Final.jar!/:4.1.117.Final]
		at io.netty.handler.codec.ByteToMessageDecoder.channelRead(ByteToMessageDecoder.java:318) ~[netty-codec-4.1.117.Final.jar!/:4.1.117.Final]
		at io.netty.channel.CombinedChannelDuplexHandler.channelRead(CombinedChannelDuplexHandler.java:251) ~[netty-transport-4.1.117.Final.jar!/:4.1.117.Final]
		at io.netty.channel.AbstractChannelHandlerContext.invokeChannelRead(AbstractChannelHandlerContext.java:442) ~[netty-transport-4.1.117.Final.jar!/:4.1.117.Final]
		at io.netty.channel.AbstractChannelHandlerContext.invokeChannelRead(AbstractChannelHandlerContext.java:420) ~[netty-transport-4.1.117.Final.jar!/:4.1.117.Final]
		at io.netty.channel.AbstractChannelHandlerContext.fireChannelRead(AbstractChannelHandlerContext.java:412) ~[netty-transport-4.1.117.Final.jar!/:4.1.117.Final]
		at io.netty.channel.DefaultChannelPipeline$HeadContext.channelRead(DefaultChannelPipeline.java:1357) ~[netty-transport-4.1.117.Final.jar!/:4.1.117.Final]
		at io.netty.channel.AbstractChannelHandlerContext.invokeChannelRead(AbstractChannelHandlerContext.java:440) ~[netty-transport-4.1.117.Final.jar!/:4.1.117.Final]
		at io.netty.channel.AbstractChannelHandlerContext.invokeChannelRead(AbstractChannelHandlerContext.java:420) ~[netty-transport-4.1.117.Final.jar!/:4.1.117.Final]
		at io.netty.channel.DefaultChannelPipeline.fireChannelRead(DefaultChannelPipeline.java:868) ~[netty-transport-4.1.117.Final.jar!/:4.1.117.Final]
		at io.netty.channel.nio.AbstractNioByteChannel$NioByteUnsafe.read(AbstractNioByteChannel.java:166) ~[netty-transport-4.1.117.Final.jar!/:4.1.117.Final]
		at io.netty.channel.nio.NioEventLoop.processSelectedKey(NioEventLoop.java:788) ~[netty-transport-4.1.117.Final.jar!/:4.1.117.Final]
		at io.netty.channel.nio.NioEventLoop.processSelectedKeysOptimized(NioEventLoop.java:724) ~[netty-transport-4.1.117.Final.jar!/:4.1.117.Final]
		at io.netty.channel.nio.NioEventLoop.processSelectedKeys(NioEventLoop.java:650) ~[netty-transport-4.1.117.Final.jar!/:4.1.117.Final]
		at io.netty.channel.nio.NioEventLoop.run(NioEventLoop.java:562) ~[netty-transport-4.1.117.Final.jar!/:4.1.117.Final]
		at io.netty.util.concurrent.SingleThreadEventExecutor$4.run(SingleThreadEventExecutor.java:997) ~[netty-common-4.1.117.Final.jar!/:4.1.117.Final]
		at io.netty.util.internal.ThreadExecutorMap$2.run(ThreadExecutorMap.java:74) ~[netty-common-4.1.117.Final.jar!/:4.1.117.Final]
		at io.netty.util.concurrent.FastThreadLocalRunnable.run(FastThreadLocalRunnable.java:30) ~[netty-common-4.1.117.Final.jar!/:4.1.117.Final]
		at java.base/java.lang.Thread.run(Thread.java:842) ~[na:na]
	Suppressed: java.lang.Exception: #block terminated with an error
		at reactor.core.publisher.BlockingSingleSubscriber.blockingGet(BlockingSingleSubscriber.java:104) ~[reactor-core-3.7.2.jar!/:3.7.2]
		at reactor.core.publisher.Mono.block(Mono.java:1779) ~[reactor-core-3.7.2.jar!/:3.7.2]
		at com.cranberry.marketplace.ai.AiProviderClient.callOllama(AiProviderClient.java:102) ~[!/:0.0.1-SNAPSHOT]
		at com.cranberry.marketplace.ai.AiProviderClient.generateResponse(AiProviderClient.java:73) ~[!/:0.0.1-SNAPSHOT]
		at com.cranberry.marketplace.ai.OrderInsightsService.generateExecutiveSummary(OrderInsightsService.java:302) ~[!/:0.0.1-SNAPSHOT]
		at com.cranberry.marketplace.ai.OrderInsightsService.generateInsights(OrderInsightsService.java:65) ~[!/:0.0.1-SNAPSHOT]
		at com.cranberry.marketplace.ai.AiController.getOrderInsights(AiController.java:100) ~[!/:0.0.1-SNAPSHOT]
		at java.base/jdk.internal.reflect.NativeMethodAccessorImpl.invoke0(Native Method) ~[na:na]
		at java.base/jdk.internal.reflect.NativeMethodAccessorImpl.invoke(NativeMethodAccessorImpl.java:77) ~[na:na]
		at java.base/jdk.internal.reflect.DelegatingMethodAccessorImpl.invoke(DelegatingMethodAccessorImpl.java:43) ~[na:na]
		at java.base/java.lang.reflect.Method.invoke(Method.java:568) ~[na:na]
		at org.springframework.web.method.support.InvocableHandlerMethod.doInvoke(InvocableHandlerMethod.java:257) ~[spring-web-6.2.2.jar!/:6.2.2]
		at org.springframework.web.method.support.InvocableHandlerMethod.invokeForRequest(InvocableHandlerMethod.java:190) ~[spring-web-6.2.2.jar!/:6.2.2]
		at org.springframework.web.servlet.mvc.method.annotation.ServletInvocableHandlerMethod.invokeAndHandle(ServletInvocableHandlerMethod.java:118) ~[spring-webmvc-6.2.2.jar!/:6.2.2]
		at org.springframework.web.servlet.mvc.method.annotation.RequestMappingHandlerAdapter.invokeHandlerMethod(RequestMappingHandlerAdapter.java:986) ~[spring-webmvc-6.2.2.jar!/:6.2.2]
		at org.springframework.web.servlet.mvc.method.annotation.RequestMappingHandlerAdapter.handleInternal(RequestMappingHandlerAdapter.java:891) ~[spring-webmvc-6.2.2.jar!/:6.2.2]
		at org.springframework.web.servlet.mvc.method.AbstractHandlerMethodAdapter.handle(AbstractHandlerMethodAdapter.java:87) ~[spring-webmvc-6.2.2.jar!/:6.2.2]
		at org.springframework.web.servlet.DispatcherServlet.doDispatch(DispatcherServlet.java:1088) ~[spring-webmvc-6.2.2.jar!/:6.2.2]
		at org.springframework.web.servlet.DispatcherServlet.doService(DispatcherServlet.java:978) ~[spring-webmvc-6.2.2.jar!/:6.2.2]
		at org.springframework.web.servlet.FrameworkServlet.processRequest(FrameworkServlet.java:1014) ~[spring-webmvc-6.2.2.jar!/:6.2.2]
		at org.springframework.web.servlet.FrameworkServlet.doGet(FrameworkServlet.java:903) ~[spring-webmvc-6.2.2.jar!/:6.2.2]
		at jakarta.servlet.http.HttpServlet.service(HttpServlet.java:564) ~[tomcat-embed-core-10.1.34.jar!/:na]
		at org.springframework.web.servlet.FrameworkServlet.service(FrameworkServlet.java:885) ~[spring-webmvc-6.2.2.jar!/:6.2.2]
		at jakarta.servlet.http.HttpServlet.service(HttpServlet.java:658) ~[tomcat-embed-core-10.1.34.jar!/:na]
		at org.apache.catalina.core.ApplicationFilterChain.internalDoFilter(ApplicationFilterChain.java:195) ~[tomcat-embed-core-10.1.34.jar!/:na]
		at org.apache.catalina.core.ApplicationFilterChain.doFilter(ApplicationFilterChain.java:140) ~[tomcat-embed-core-10.1.34.jar!/:na]
		at org.apache.tomcat.websocket.server.WsFilter.doFilter(WsFilter.java:51) ~[tomcat-embed-websocket-10.1.34.jar!/:na]
		at org.apache.catalina.core.ApplicationFilterChain.internalDoFilter(ApplicationFilterChain.java:164) ~[tomcat-embed-core-10.1.34.jar!/:na]
		at org.apache.catalina.core.ApplicationFilterChain.doFilter(ApplicationFilterChain.java:140) ~[tomcat-embed-core-10.1.34.jar!/:na]
		at org.springframework.web.filter.CorsFilter.doFilterInternal(CorsFilter.java:91) ~[spring-web-6.2.2.jar!/:6.2.2]
		at org.springframework.web.filter.OncePerRequestFilter.doFilter(OncePerRequestFilter.java:116) ~[spring-web-6.2.2.jar!/:6.2.2]
		at org.apache.catalina.core.ApplicationFilterChain.internalDoFilter(ApplicationFilterChain.java:164) ~[tomcat-embed-core-10.1.34.jar!/:na]
		at org.apache.catalina.core.ApplicationFilterChain.doFilter(ApplicationFilterChain.java:140) ~[tomcat-embed-core-10.1.34.jar!/:na]
		at org.springframework.web.filter.CompositeFilter$VirtualFilterChain.doFilter(CompositeFilter.java:108) ~[spring-web-6.2.2.jar!/:6.2.2]
		at org.springframework.security.web.FilterChainProxy.lambda$doFilterInternal$3(FilterChainProxy.java:231) ~[spring-security-web-6.4.2.jar!/:6.4.2]
		at org.springframework.security.web.FilterChainProxy$VirtualFilterChain.doFilter(FilterChainProxy.java:365) ~[spring-security-web-6.4.2.jar!/:6.4.2]
		at org.springframework.security.web.access.intercept.AuthorizationFilter.doFilter(AuthorizationFilter.java:101) ~[spring-security-web-6.4.2.jar!/:6.4.2]
		at org.springframework.security.web.FilterChainProxy$VirtualFilterChain.doFilter(FilterChainProxy.java:374) ~[spring-security-web-6.4.2.jar!/:6.4.2]
		at org.springframework.security.web.access.ExceptionTranslationFilter.doFilter(ExceptionTranslationFilter.java:126) ~[spring-security-web-6.4.2.jar!/:6.4.2]
		at org.springframework.security.web.access.ExceptionTranslationFilter.doFilter(ExceptionTranslationFilter.java:120) ~[spring-security-web-6.4.2.jar!/:6.4.2]
		at org.springframework.security.web.FilterChainProxy$VirtualFilterChain.doFilter(FilterChainProxy.java:374) ~[spring-security-web-6.4.2.jar!/:6.4.2]
		at org.springframework.security.web.session.SessionManagementFilter.doFilter(SessionManagementFilter.java:131) ~[spring-security-web-6.4.2.jar!/:6.4.2]
		at org.springframework.security.web.session.SessionManagementFilter.doFilter(SessionManagementFilter.java:85) ~[spring-security-web-6.4.2.jar!/:6.4.2]
		at org.springframework.security.web.FilterChainProxy$VirtualFilterChain.doFilter(FilterChainProxy.java:374) ~[spring-security-web-6.4.2.jar!/:6.4.2]
		at org.springframework.security.web.authentication.AnonymousAuthenticationFilter.doFilter(AnonymousAuthenticationFilter.java:100) ~[spring-security-web-6.4.2.jar!/:6.4.2]
		at org.springframework.security.web.FilterChainProxy$VirtualFilterChain.doFilter(FilterChainProxy.java:374) ~[spring-security-web-6.4.2.jar!/:6.4.2]
		at org.springframework.security.web.servletapi.SecurityContextHolderAwareRequestFilter.doFilter(SecurityContextHolderAwareRequestFilter.java:179) ~[spring-security-web-6.4.2.jar!/:6.4.2]
		at org.springframework.security.web.FilterChainProxy$VirtualFilterChain.doFilter(FilterChainProxy.java:374) ~[spring-security-web-6.4.2.jar!/:6.4.2]
		at org.springframework.security.web.savedrequest.RequestCacheAwareFilter.doFilter(RequestCacheAwareFilter.java:63) ~[spring-security-web-6.4.2.jar!/:6.4.2]
		at org.springframework.security.web.FilterChainProxy$VirtualFilterChain.doFilter(FilterChainProxy.java:374) ~[spring-security-web-6.4.2.jar!/:6.4.2]
		at com.cranberry.marketplace.security.JwtFilter.doFilterInternal(JwtFilter.java:40) ~[!/:0.0.1-SNAPSHOT]
		at org.springframework.web.filter.OncePerRequestFilter.doFilter(OncePerRequestFilter.java:116) ~[spring-web-6.2.2.jar!/:6.2.2]
		at org.springframework.security.web.FilterChainProxy$VirtualFilterChain.doFilter(FilterChainProxy.java:374) ~[spring-security-web-6.4.2.jar!/:6.4.2]
		at org.springframework.security.web.authentication.logout.LogoutFilter.doFilter(LogoutFilter.java:107) ~[spring-security-web-6.4.2.jar!/:6.4.2]
		at org.springframework.security.web.authentication.logout.LogoutFilter.doFilter(LogoutFilter.java:93) ~[spring-security-web-6.4.2.jar!/:6.4.2]
		at org.springframework.security.web.FilterChainProxy$VirtualFilterChain.doFilter(FilterChainProxy.java:374) ~[spring-security-web-6.4.2.jar!/:6.4.2]
		at org.springframework.web.filter.CorsFilter.doFilterInternal(CorsFilter.java:91) ~[spring-web-6.2.2.jar!/:6.2.2]
		at org.springframework.web.filter.OncePerRequestFilter.doFilter(OncePerRequestFilter.java:116) ~[spring-web-6.2.2.jar!/:6.2.2]
		at org.springframework.security.web.FilterChainProxy$VirtualFilterChain.doFilter(FilterChainProxy.java:374) ~[spring-security-web-6.4.2.jar!/:6.4.2]
		at org.springframework.security.web.header.HeaderWriterFilter.doHeadersAfter(HeaderWriterFilter.java:90) ~[spring-security-web-6.4.2.jar!/:6.4.2]
		at org.springframework.security.web.header.HeaderWriterFilter.doFilterInternal(HeaderWriterFilter.java:75) ~[spring-security-web-6.4.2.jar!/:6.4.2]
		at org.springframework.web.filter.OncePerRequestFilter.doFilter(OncePerRequestFilter.java:116) ~[spring-web-6.2.2.jar!/:6.2.2]
		at org.springframework.security.web.FilterChainProxy$VirtualFilterChain.doFilter(FilterChainProxy.java:374) ~[spring-security-web-6.4.2.jar!/:6.4.2]
		at org.springframework.security.web.context.SecurityContextHolderFilter.doFilter(SecurityContextHolderFilter.java:82) ~[spring-security-web-6.4.2.jar!/:6.4.2]
		at org.springframework.security.web.context.SecurityContextHolderFilter.doFilter(SecurityContextHolderFilter.java:69) ~[spring-security-web-6.4.2.jar!/:6.4.2]
		at org.springframework.security.web.FilterChainProxy$VirtualFilterChain.doFilter(FilterChainProxy.java:374) ~[spring-security-web-6.4.2.jar!/:6.4.2]
		at org.springframework.security.web.context.request.async.WebAsyncManagerIntegrationFilter.doFilterInternal(WebAsyncManagerIntegrationFilter.java:62) ~[spring-security-web-6.4.2.jar!/:6.4.2]
		at org.springframework.web.filter.OncePerRequestFilter.doFilter(OncePerRequestFilter.java:116) ~[spring-web-6.2.2.jar!/:6.2.2]
		at org.springframework.security.web.FilterChainProxy$VirtualFilterChain.doFilter(FilterChainProxy.java:374) ~[spring-security-web-6.4.2.jar!/:6.4.2]
		at org.springframework.security.web.session.DisableEncodeUrlFilter.doFilterInternal(DisableEncodeUrlFilter.java:42) ~[spring-security-web-6.4.2.jar!/:6.4.2]
		at org.springframework.web.filter.OncePerRequestFilter.doFilter(OncePerRequestFilter.java:116) ~[spring-web-6.2.2.jar!/:6.2.2]
		at org.springframework.security.web.FilterChainProxy$VirtualFilterChain.doFilter(FilterChainProxy.java:374) ~[spring-security-web-6.4.2.jar!/:6.4.2]
		at org.springframework.security.web.FilterChainProxy.doFilterInternal(FilterChainProxy.java:233) ~[spring-security-web-6.4.2.jar!/:6.4.2]
		at org.springframework.security.web.FilterChainProxy.doFilter(FilterChainProxy.java:191) ~[spring-security-web-6.4.2.jar!/:6.4.2]
		at org.springframework.web.filter.CompositeFilter$VirtualFilterChain.doFilter(CompositeFilter.java:113) ~[spring-web-6.2.2.jar!/:6.2.2]
		at org.springframework.web.servlet.handler.HandlerMappingIntrospector.lambda$createCacheFilter$3(HandlerMappingIntrospector.java:243) ~[spring-webmvc-6.2.2.jar!/:6.2.2]
		at org.springframework.web.filter.CompositeFilter$VirtualFilterChain.doFilter(CompositeFilter.java:113) ~[spring-web-6.2.2.jar!/:6.2.2]
		at org.springframework.web.filter.CompositeFilter.doFilter(CompositeFilter.java:74) ~[spring-web-6.2.2.jar!/:6.2.2]
		at org.springframework.security.config.annotation.web.configuration.WebMvcSecurityConfiguration$CompositeFilterChainProxy.doFilter(WebMvcSecurityConfiguration.java:238) ~[spring-security-config-6.4.2.jar!/:6.4.2]
		at org.springframework.web.filter.DelegatingFilterProxy.invokeDelegate(DelegatingFilterProxy.java:362) ~[spring-web-6.2.2.jar!/:6.2.2]
		at org.springframework.web.filter.DelegatingFilterProxy.doFilter(DelegatingFilterProxy.java:278) ~[spring-web-6.2.2.jar!/:6.2.2]
		at org.apache.catalina.core.ApplicationFilterChain.internalDoFilter(ApplicationFilterChain.java:164) ~[tomcat-embed-core-10.1.34.jar!/:na]
		at org.apache.catalina.core.ApplicationFilterChain.doFilter(ApplicationFilterChain.java:140) ~[tomcat-embed-core-10.1.34.jar!/:na]
		at org.springframework.web.filter.RequestContextFilter.doFilterInternal(RequestContextFilter.java:100) ~[spring-web-6.2.2.jar!/:6.2.2]
		at org.springframework.web.filter.OncePerRequestFilter.doFilter(OncePerRequestFilter.java:116) ~[spring-web-6.2.2.jar!/:6.2.2]
		at org.apache.catalina.core.ApplicationFilterChain.internalDoFilter(ApplicationFilterChain.java:164) ~[tomcat-embed-core-10.1.34.jar!/:na]
		at org.apache.catalina.core.ApplicationFilterChain.doFilter(ApplicationFilterChain.java:140) ~[tomcat-embed-core-10.1.34.jar!/:na]
		at org.springframework.web.filter.FormContentFilter.doFilterInternal(FormContentFilter.java:93) ~[spring-web-6.2.2.jar!/:6.2.2]
		at org.springframework.web.filter.OncePerRequestFilter.doFilter(OncePerRequestFilter.java:116) ~[spring-web-6.2.2.jar!/:6.2.2]
		at org.apache.catalina.core.ApplicationFilterChain.internalDoFilter(ApplicationFilterChain.java:164) ~[tomcat-embed-core-10.1.34.jar!/:na]
		at org.apache.catalina.core.ApplicationFilterChain.doFilter(ApplicationFilterChain.java:140) ~[tomcat-embed-core-10.1.34.jar!/:na]
		at org.springframework.web.filter.CharacterEncodingFilter.doFilterInternal(CharacterEncodingFilter.java:201) ~[spring-web-6.2.2.jar!/:6.2.2]
		at org.springframework.web.filter.OncePerRequestFilter.doFilter(OncePerRequestFilter.java:116) ~[spring-web-6.2.2.jar!/:6.2.2]
		at org.apache.catalina.core.ApplicationFilterChain.internalDoFilter(ApplicationFilterChain.java:164) ~[tomcat-embed-core-10.1.34.jar!/:na]
		at org.apache.catalina.core.ApplicationFilterChain.doFilter(ApplicationFilterChain.java:140) ~[tomcat-embed-core-10.1.34.jar!/:na]
		at org.apache.catalina.core.StandardWrapperValve.invoke(StandardWrapperValve.java:167) ~[tomcat-embed-core-10.1.34.jar!/:na]
		at org.apache.catalina.core.StandardContextValve.invoke(StandardContextValve.java:90) ~[tomcat-embed-core-10.1.34.jar!/:na]
		at org.apache.catalina.authenticator.AuthenticatorBase.invoke(AuthenticatorBase.java:483) ~[tomcat-embed-core-10.1.34.jar!/:na]
		at org.apache.catalina.core.StandardHostValve.invoke(StandardHostValve.java:115) ~[tomcat-embed-core-10.1.34.jar!/:na]
		at org.apache.catalina.valves.ErrorReportValve.invoke(ErrorReportValve.java:93) ~[tomcat-embed-core-10.1.34.jar!/:na]
		at org.apache.catalina.core.StandardEngineValve.invoke(StandardEngineValve.java:74) ~[tomcat-embed-core-10.1.34.jar!/:na]
		at org.apache.catalina.connector.CoyoteAdapter.service(CoyoteAdapter.java:344) ~[tomcat-embed-core-10.1.34.jar!/:na]
		at org.apache.coyote.http11.Http11Processor.service(Http11Processor.java:397) ~[tomcat-embed-core-10.1.34.jar!/:na]
		at org.apache.coyote.AbstractProcessorLight.process(AbstractProcessorLight.java:63) ~[tomcat-embed-core-10.1.34.jar!/:na]
		at org.apache.coyote.AbstractProtocol$ConnectionHandler.process(AbstractProtocol.java:905) ~[tomcat-embed-core-10.1.34.jar!/:na]
		at org.apache.tomcat.util.net.NioEndpoint$SocketProcessor.doRun(NioEndpoint.java:1741) ~[tomcat-embed-core-10.1.34.jar!/:na]
		at org.apache.tomcat.util.net.SocketProcessorBase.run(SocketProcessorBase.java:52) ~[tomcat-embed-core-10.1.34.jar!/:na]
		at org.apache.tomcat.util.threads.ThreadPoolExecutor.runWorker(ThreadPoolExecutor.java:1190) ~[tomcat-embed-core-10.1.34.jar!/:na]
		at org.apache.tomcat.util.threads.ThreadPoolExecutor$Worker.run(ThreadPoolExecutor.java:659) ~[tomcat-embed-core-10.1.34.jar!/:na]
		at org.apache.tomcat.util.threads.TaskThread$WrappingRunnable.run(TaskThread.java:63) ~[tomcat-embed-core-10.1.34.jar!/:na]
		at java.base/java.lang.Thread.run(Thread.java:842) ~[na:na]

2026-01-27T23:50:27.453+05:30  INFO 7183 --- [nio-8080-exec-3] c.c.marketplace.ai.OrderInsightsService  : Summary generated
2026-01-27T23:50:27.454+05:30 ERROR 7183 --- [nio-8080-exec-3] c.c.marketplace.ai.OrderInsightsService  : Error in generateInsights: 

org.hibernate.LazyInitializationException: failed to lazily initialize a collection of role: com.cranberry.marketplace.model.Order.items: could not initialize proxy - no Session
	at org.hibernate.collection.spi.AbstractPersistentCollection.throwLazyInitializationException(AbstractPersistentCollection.java:635) ~[hibernate-core-6.6.5.Final.jar!/:6.6.5.Final]
	at org.hibernate.collection.spi.AbstractPersistentCollection.withTemporarySessionIfNeeded(AbstractPersistentCollection.java:219) ~[hibernate-core-6.6.5.Final.jar!/:6.6.5.Final]
	at org.hibernate.collection.spi.AbstractPersistentCollection.initialize(AbstractPersistentCollection.java:614) ~[hibernate-core-6.6.5.Final.jar!/:6.6.5.Final]
	at org.hibernate.collection.spi.AbstractPersistentCollection.read(AbstractPersistentCollection.java:138) ~[hibernate-core-6.6.5.Final.jar!/:6.6.5.Final]
	at org.hibernate.collection.spi.PersistentBag.iterator(PersistentBag.java:369) ~[hibernate-core-6.6.5.Final.jar!/:6.6.5.Final]
	at com.cranberry.marketplace.ai.OrderInsightsService.getTopProducts(OrderInsightsService.java:325) ~[!/:0.0.1-SNAPSHOT]
	at com.cranberry.marketplace.ai.OrderInsightsService.generateInsights(OrderInsightsService.java:87) ~[!/:0.0.1-SNAPSHOT]
	at com.cranberry.marketplace.ai.AiController.getOrderInsights(AiController.java:100) ~[!/:0.0.1-SNAPSHOT]
	at java.base/jdk.internal.reflect.NativeMethodAccessorImpl.invoke0(Native Method) ~[na:na]
	at java.base/jdk.internal.reflect.NativeMethodAccessorImpl.invoke(NativeMethodAccessorImpl.java:77) ~[na:na]
	at java.base/jdk.internal.reflect.DelegatingMethodAccessorImpl.invoke(DelegatingMethodAccessorImpl.java:43) ~[na:na]
	at java.base/java.lang.reflect.Method.invoke(Method.java:568) ~[na:na]
	at org.springframework.web.method.support.InvocableHandlerMethod.doInvoke(InvocableHandlerMethod.java:257) ~[spring-web-6.2.2.jar!/:6.2.2]
	at org.springframework.web.method.support.InvocableHandlerMethod.invokeForRequest(InvocableHandlerMethod.java:190) ~[spring-web-6.2.2.jar!/:6.2.2]
	at org.springframework.web.servlet.mvc.method.annotation.ServletInvocableHandlerMethod.invokeAndHandle(ServletInvocableHandlerMethod.java:118) ~[spring-webmvc-6.2.2.jar!/:6.2.2]
	at org.springframework.web.servlet.mvc.method.annotation.RequestMappingHandlerAdapter.invokeHandlerMethod(RequestMappingHandlerAdapter.java:986) ~[spring-webmvc-6.2.2.jar!/:6.2.2]
	at org.springframework.web.servlet.mvc.method.annotation.RequestMappingHandlerAdapter.handleInternal(RequestMappingHandlerAdapter.java:891) ~[spring-webmvc-6.2.2.jar!/:6.2.2]
	at org.springframework.web.servlet.mvc.method.AbstractHandlerMethodAdapter.handle(AbstractHandlerMethodAdapter.java:87) ~[spring-webmvc-6.2.2.jar!/:6.2.2]
	at org.springframework.web.servlet.DispatcherServlet.doDispatch(DispatcherServlet.java:1088) ~[spring-webmvc-6.2.2.jar!/:6.2.2]
	at org.springframework.web.servlet.DispatcherServlet.doService(DispatcherServlet.java:978) ~[spring-webmvc-6.2.2.jar!/:6.2.2]
	at org.springframework.web.servlet.FrameworkServlet.processRequest(FrameworkServlet.java:1014) ~[spring-webmvc-6.2.2.jar!/:6.2.2]
	at org.springframework.web.servlet.FrameworkServlet.doGet(FrameworkServlet.java:903) ~[spring-webmvc-6.2.2.jar!/:6.2.2]
	at jakarta.servlet.http.HttpServlet.service(HttpServlet.java:564) ~[tomcat-embed-core-10.1.34.jar!/:na]
	at org.springframework.web.servlet.FrameworkServlet.service(FrameworkServlet.java:885) ~[spring-webmvc-6.2.2.jar!/:6.2.2]
	at jakarta.servlet.http.HttpServlet.service(HttpServlet.java:658) ~[tomcat-embed-core-10.1.34.jar!/:na]
	at org.apache.catalina.core.ApplicationFilterChain.internalDoFilter(ApplicationFilterChain.java:195) ~[tomcat-embed-core-10.1.34.jar!/:na]
	at org.apache.catalina.core.ApplicationFilterChain.doFilter(ApplicationFilterChain.java:140) ~[tomcat-embed-core-10.1.34.jar!/:na]
	at org.apache.tomcat.websocket.server.WsFilter.doFilter(WsFilter.java:51) ~[tomcat-embed-websocket-10.1.34.jar!/:na]
	at org.apache.catalina.core.ApplicationFilterChain.internalDoFilter(ApplicationFilterChain.java:164) ~[tomcat-embed-core-10.1.34.jar!/:na]
	at org.apache.catalina.core.ApplicationFilterChain.doFilter(ApplicationFilterChain.java:140) ~[tomcat-embed-core-10.1.34.jar!/:na]
	at org.springframework.web.filter.CorsFilter.doFilterInternal(CorsFilter.java:91) ~[spring-web-6.2.2.jar!/:6.2.2]
	at org.springframework.web.filter.OncePerRequestFilter.doFilter(OncePerRequestFilter.java:116) ~[spring-web-6.2.2.jar!/:6.2.2]
	at org.apache.catalina.core.ApplicationFilterChain.internalDoFilter(ApplicationFilterChain.java:164) ~[tomcat-embed-core-10.1.34.jar!/:na]
	at org.apache.catalina.core.ApplicationFilterChain.doFilter(ApplicationFilterChain.java:140) ~[tomcat-embed-core-10.1.34.jar!/:na]
	at org.springframework.web.filter.CompositeFilter$VirtualFilterChain.doFilter(CompositeFilter.java:108) ~[spring-web-6.2.2.jar!/:6.2.2]
	at org.springframework.security.web.FilterChainProxy.lambda$doFilterInternal$3(FilterChainProxy.java:231) ~[spring-security-web-6.4.2.jar!/:6.4.2]
	at org.springframework.security.web.FilterChainProxy$VirtualFilterChain.doFilter(FilterChainProxy.java:365) ~[spring-security-web-6.4.2.jar!/:6.4.2]
	at org.springframework.security.web.access.intercept.AuthorizationFilter.doFilter(AuthorizationFilter.java:101) ~[spring-security-web-6.4.2.jar!/:6.4.2]
	at org.springframework.security.web.FilterChainProxy$VirtualFilterChain.doFilter(FilterChainProxy.java:374) ~[spring-security-web-6.4.2.jar!/:6.4.2]
	at org.springframework.security.web.access.ExceptionTranslationFilter.doFilter(ExceptionTranslationFilter.java:126) ~[spring-security-web-6.4.2.jar!/:6.4.2]
	at org.springframework.security.web.access.ExceptionTranslationFilter.doFilter(ExceptionTranslationFilter.java:120) ~[spring-security-web-6.4.2.jar!/:6.4.2]
	at org.springframework.security.web.FilterChainProxy$VirtualFilterChain.doFilter(FilterChainProxy.java:374) ~[spring-security-web-6.4.2.jar!/:6.4.2]
	at org.springframework.security.web.session.SessionManagementFilter.doFilter(SessionManagementFilter.java:131) ~[spring-security-web-6.4.2.jar!/:6.4.2]
	at org.springframework.security.web.session.SessionManagementFilter.doFilter(SessionManagementFilter.java:85) ~[spring-security-web-6.4.2.jar!/:6.4.2]
	at org.springframework.security.web.FilterChainProxy$VirtualFilterChain.doFilter(FilterChainProxy.java:374) ~[spring-security-web-6.4.2.jar!/:6.4.2]
	at org.springframework.security.web.authentication.AnonymousAuthenticationFilter.doFilter(AnonymousAuthenticationFilter.java:100) ~[spring-security-web-6.4.2.jar!/:6.4.2]
	at org.springframework.security.web.FilterChainProxy$VirtualFilterChain.doFilter(FilterChainProxy.java:374) ~[spring-security-web-6.4.2.jar!/:6.4.2]
	at org.springframework.security.web.servletapi.SecurityContextHolderAwareRequestFilter.doFilter(SecurityContextHolderAwareRequestFilter.java:179) ~[spring-security-web-6.4.2.jar!/:6.4.2]
	at org.springframework.security.web.FilterChainProxy$VirtualFilterChain.doFilter(FilterChainProxy.java:374) ~[spring-security-web-6.4.2.jar!/:6.4.2]
	at org.springframework.security.web.savedrequest.RequestCacheAwareFilter.doFilter(RequestCacheAwareFilter.java:63) ~[spring-security-web-6.4.2.jar!/:6.4.2]
	at org.springframework.security.web.FilterChainProxy$VirtualFilterChain.doFilter(FilterChainProxy.java:374) ~[spring-security-web-6.4.2.jar!/:6.4.2]
	at com.cranberry.marketplace.security.JwtFilter.doFilterInternal(JwtFilter.java:40) ~[!/:0.0.1-SNAPSHOT]
	at org.springframework.web.filter.OncePerRequestFilter.doFilter(OncePerRequestFilter.java:116) ~[spring-web-6.2.2.jar!/:6.2.2]
	at org.springframework.security.web.FilterChainProxy$VirtualFilterChain.doFilter(FilterChainProxy.java:374) ~[spring-security-web-6.4.2.jar!/:6.4.2]
	at org.springframework.security.web.authentication.logout.LogoutFilter.doFilter(LogoutFilter.java:107) ~[spring-security-web-6.4.2.jar!/:6.4.2]
	at org.springframework.security.web.authentication.logout.LogoutFilter.doFilter(LogoutFilter.java:93) ~[spring-security-web-6.4.2.jar!/:6.4.2]
	at org.springframework.security.web.FilterChainProxy$VirtualFilterChain.doFilter(FilterChainProxy.java:374) ~[spring-security-web-6.4.2.jar!/:6.4.2]
	at org.springframework.web.filter.CorsFilter.doFilterInternal(CorsFilter.java:91) ~[spring-web-6.2.2.jar!/:6.2.2]
	at org.springframework.web.filter.OncePerRequestFilter.doFilter(OncePerRequestFilter.java:116) ~[spring-web-6.2.2.jar!/:6.2.2]
	at org.springframework.security.web.FilterChainProxy$VirtualFilterChain.doFilter(FilterChainProxy.java:374) ~[spring-security-web-6.4.2.jar!/:6.4.2]
	at org.springframework.security.web.header.HeaderWriterFilter.doHeadersAfter(HeaderWriterFilter.java:90) ~[spring-security-web-6.4.2.jar!/:6.4.2]
	at org.springframework.security.web.header.HeaderWriterFilter.doFilterInternal(HeaderWriterFilter.java:75) ~[spring-security-web-6.4.2.jar!/:6.4.2]
	at org.springframework.web.filter.OncePerRequestFilter.doFilter(OncePerRequestFilter.java:116) ~[spring-web-6.2.2.jar!/:6.2.2]
	at org.springframework.security.web.FilterChainProxy$VirtualFilterChain.doFilter(FilterChainProxy.java:374) ~[spring-security-web-6.4.2.jar!/:6.4.2]
	at org.springframework.security.web.context.SecurityContextHolderFilter.doFilter(SecurityContextHolderFilter.java:82) ~[spring-security-web-6.4.2.jar!/:6.4.2]
	at org.springframework.security.web.context.SecurityContextHolderFilter.doFilter(SecurityContextHolderFilter.java:69) ~[spring-security-web-6.4.2.jar!/:6.4.2]
	at org.springframework.security.web.FilterChainProxy$VirtualFilterChain.doFilter(FilterChainProxy.java:374) ~[spring-security-web-6.4.2.jar!/:6.4.2]
	at org.springframework.security.web.context.request.async.WebAsyncManagerIntegrationFilter.doFilterInternal(WebAsyncManagerIntegrationFilter.java:62) ~[spring-security-web-6.4.2.jar!/:6.4.2]
	at org.springframework.web.filter.OncePerRequestFilter.doFilter(OncePerRequestFilter.java:116) ~[spring-web-6.2.2.jar!/:6.2.2]
	at org.springframework.security.web.FilterChainProxy$VirtualFilterChain.doFilter(FilterChainProxy.java:374) ~[spring-security-web-6.4.2.jar!/:6.4.2]
	at org.springframework.security.web.session.DisableEncodeUrlFilter.doFilterInternal(DisableEncodeUrlFilter.java:42) ~[spring-security-web-6.4.2.jar!/:6.4.2]
	at org.springframework.web.filter.OncePerRequestFilter.doFilter(OncePerRequestFilter.java:116) ~[spring-web-6.2.2.jar!/:6.2.2]
	at org.springframework.security.web.FilterChainProxy$VirtualFilterChain.doFilter(FilterChainProxy.java:374) ~[spring-security-web-6.4.2.jar!/:6.4.2]
	at org.springframework.security.web.FilterChainProxy.doFilterInternal(FilterChainProxy.java:233) ~[spring-security-web-6.4.2.jar!/:6.4.2]
	at org.springframework.security.web.FilterChainProxy.doFilter(FilterChainProxy.java:191) ~[spring-security-web-6.4.2.jar!/:6.4.2]
	at org.springframework.web.filter.CompositeFilter$VirtualFilterChain.doFilter(CompositeFilter.java:113) ~[spring-web-6.2.2.jar!/:6.2.2]
	at org.springframework.web.servlet.handler.HandlerMappingIntrospector.lambda$createCacheFilter$3(HandlerMappingIntrospector.java:243) ~[spring-webmvc-6.2.2.jar!/:6.2.2]
	at org.springframework.web.filter.CompositeFilter$VirtualFilterChain.doFilter(CompositeFilter.java:113) ~[spring-web-6.2.2.jar!/:6.2.2]
	at org.springframework.web.filter.CompositeFilter.doFilter(CompositeFilter.java:74) ~[spring-web-6.2.2.jar!/:6.2.2]
	at org.springframework.security.config.annotation.web.configuration.WebMvcSecurityConfiguration$CompositeFilterChainProxy.doFilter(WebMvcSecurityConfiguration.java:238) ~[spring-security-config-6.4.2.jar!/:6.4.2]
	at org.springframework.web.filter.DelegatingFilterProxy.invokeDelegate(DelegatingFilterProxy.java:362) ~[spring-web-6.2.2.jar!/:6.2.2]
	at org.springframework.web.filter.DelegatingFilterProxy.doFilter(DelegatingFilterProxy.java:278) ~[spring-web-6.2.2.jar!/:6.2.2]
	at org.apache.catalina.core.ApplicationFilterChain.internalDoFilter(ApplicationFilterChain.java:164) ~[tomcat-embed-core-10.1.34.jar!/:na]
	at org.apache.catalina.core.ApplicationFilterChain.doFilter(ApplicationFilterChain.java:140) ~[tomcat-embed-core-10.1.34.jar!/:na]
	at org.springframework.web.filter.RequestContextFilter.doFilterInternal(RequestContextFilter.java:100) ~[spring-web-6.2.2.jar!/:6.2.2]
	at org.springframework.web.filter.OncePerRequestFilter.doFilter(OncePerRequestFilter.java:116) ~[spring-web-6.2.2.jar!/:6.2.2]
	at org.apache.catalina.core.ApplicationFilterChain.internalDoFilter(ApplicationFilterChain.java:164) ~[tomcat-embed-core-10.1.34.jar!/:na]
	at org.apache.catalina.core.ApplicationFilterChain.doFilter(ApplicationFilterChain.java:140) ~[tomcat-embed-core-10.1.34.jar!/:na]
	at org.springframework.web.filter.FormContentFilter.doFilterInternal(FormContentFilter.java:93) ~[spring-web-6.2.2.jar!/:6.2.2]
	at org.springframework.web.filter.OncePerRequestFilter.doFilter(OncePerRequestFilter.java:116) ~[spring-web-6.2.2.jar!/:6.2.2]
	at org.apache.catalina.core.ApplicationFilterChain.internalDoFilter(ApplicationFilterChain.java:164) ~[tomcat-embed-core-10.1.34.jar!/:na]
	at org.apache.catalina.core.ApplicationFilterChain.doFilter(ApplicationFilterChain.java:140) ~[tomcat-embed-core-10.1.34.jar!/:na]
	at org.springframework.web.filter.CharacterEncodingFilter.doFilterInternal(CharacterEncodingFilter.java:201) ~[spring-web-6.2.2.jar!/:6.2.2]
	at org.springframework.web.filter.OncePerRequestFilter.doFilter(OncePerRequestFilter.java:116) ~[spring-web-6.2.2.jar!/:6.2.2]
	at org.apache.catalina.core.ApplicationFilterChain.internalDoFilter(ApplicationFilterChain.java:164) ~[tomcat-embed-core-10.1.34.jar!/:na]
	at org.apache.catalina.core.ApplicationFilterChain.doFilter(ApplicationFilterChain.java:140) ~[tomcat-embed-core-10.1.34.jar!/:na]
	at org.apache.catalina.core.StandardWrapperValve.invoke(StandardWrapperValve.java:167) ~[tomcat-embed-core-10.1.34.jar!/:na]
	at org.apache.catalina.core.StandardContextValve.invoke(StandardContextValve.java:90) ~[tomcat-embed-core-10.1.34.jar!/:na]
	at org.apache.catalina.authenticator.AuthenticatorBase.invoke(AuthenticatorBase.java:483) ~[tomcat-embed-core-10.1.34.jar!/:na]
	at org.apache.catalina.core.StandardHostValve.invoke(StandardHostValve.java:115) ~[tomcat-embed-core-10.1.34.jar!/:na]
	at org.apache.catalina.valves.ErrorReportValve.invoke(ErrorReportValve.java:93) ~[tomcat-embed-core-10.1.34.jar!/:na]
	at org.apache.catalina.core.StandardEngineValve.invoke(StandardEngineValve.java:74) ~[tomcat-embed-core-10.1.34.jar!/:na]
	at org.apache.catalina.connector.CoyoteAdapter.service(CoyoteAdapter.java:344) ~[tomcat-embed-core-10.1.34.jar!/:na]
	at org.apache.coyote.http11.Http11Processor.service(Http11Processor.java:397) ~[tomcat-embed-core-10.1.34.jar!/:na]
	at org.apache.coyote.AbstractProcessorLight.process(AbstractProcessorLight.java:63) ~[tomcat-embed-core-10.1.34.jar!/:na]
	at org.apache.coyote.AbstractProtocol$ConnectionHandler.process(AbstractProtocol.java:905) ~[tomcat-embed-core-10.1.34.jar!/:na]
	at org.apache.tomcat.util.net.NioEndpoint$SocketProcessor.doRun(NioEndpoint.java:1741) ~[tomcat-embed-core-10.1.34.jar!/:na]
	at org.apache.tomcat.util.net.SocketProcessorBase.run(SocketProcessorBase.java:52) ~[tomcat-embed-core-10.1.34.jar!/:na]
	at org.apache.tomcat.util.threads.ThreadPoolExecutor.runWorker(ThreadPoolExecutor.java:1190) ~[tomcat-embed-core-10.1.34.jar!/:na]
	at org.apache.tomcat.util.threads.ThreadPoolExecutor$Worker.run(ThreadPoolExecutor.java:659) ~[tomcat-embed-core-10.1.34.jar!/:na]
	at org.apache.tomcat.util.threads.TaskThread$WrappingRunnable.run(TaskThread.java:63) ~[tomcat-embed-core-10.1.34.jar!/:na]
	at java.base/java.lang.Thread.run(Thread.java:842) ~[na:na]

Hibernate: select u1_0.id,u1_0.email,u1_0.name,u1_0.password,u1_0.role from users u1_0 where u1_0.email=?
2026-01-27T23:50:40.068+05:30  INFO 7183 --- [nio-8080-exec-6] c.c.marketplace.ai.OrderInsightsService  : Generating AI insights for orders...
Hibernate: select o1_0.id,o1_0.created_at,o1_0.estimated_delivery_date,o1_0.shipping_address,o1_0.status,o1_0.total_amount,o1_0.tracking_number,o1_0.updated_at,o1_0.user_id from orders o1_0 order by o1_0.created_at desc
Hibernate: select u1_0.id,u1_0.email,u1_0.name,u1_0.password,u1_0.role from users u1_0 where u1_0.id=?
2026-01-27T23:50:40.075+05:30  INFO 7183 --- [nio-8080-exec-6] c.c.marketplace.ai.OrderInsightsService  : Found 7 orders
2026-01-27T23:50:40.075+05:30  INFO 7183 --- [nio-8080-exec-6] c.c.marketplace.ai.OrderInsightsService  : Metrics calculated
2026-01-27T23:50:40.076+05:30  INFO 7183 --- [nio-8080-exec-6] c.c.marketplace.ai.OrderInsightsService  : AI insights generated
2026-01-27T23:50:40.076+05:30  INFO 7183 --- [nio-8080-exec-6] c.c.marketplace.ai.OrderInsightsService  : Recommendations generated
2026-01-27T23:50:40.080+05:30 ERROR 7183 --- [nio-8080-exec-6] c.c.marketplace.ai.AiProviderClient      : Error calling Ollama API: 404 Not Found from POST http://localhost:11434/api/generate
2026-01-27T23:50:40.080+05:30 ERROR 7183 --- [nio-8080-exec-6] c.c.marketplace.ai.AiProviderClient      : Error generating AI response

java.lang.RuntimeException: Failed to call Ollama API
	at com.cranberry.marketplace.ai.AiProviderClient.callOllama(AiProviderClient.java:111) ~[!/:0.0.1-SNAPSHOT]
	at com.cranberry.marketplace.ai.AiProviderClient.generateResponse(AiProviderClient.java:73) ~[!/:0.0.1-SNAPSHOT]
	at com.cranberry.marketplace.ai.OrderInsightsService.generateExecutiveSummary(OrderInsightsService.java:302) ~[!/:0.0.1-SNAPSHOT]
	at com.cranberry.marketplace.ai.OrderInsightsService.generateInsights(OrderInsightsService.java:65) ~[!/:0.0.1-SNAPSHOT]
	at com.cranberry.marketplace.ai.AiController.getOrderInsights(AiController.java:100) ~[!/:0.0.1-SNAPSHOT]
	at java.base/jdk.internal.reflect.NativeMethodAccessorImpl.invoke0(Native Method) ~[na:na]
	at java.base/jdk.internal.reflect.NativeMethodAccessorImpl.invoke(NativeMethodAccessorImpl.java:77) ~[na:na]
	at java.base/jdk.internal.reflect.DelegatingMethodAccessorImpl.invoke(DelegatingMethodAccessorImpl.java:43) ~[na:na]
	at java.base/java.lang.reflect.Method.invoke(Method.java:568) ~[na:na]
	at org.springframework.web.method.support.InvocableHandlerMethod.doInvoke(InvocableHandlerMethod.java:257) ~[spring-web-6.2.2.jar!/:6.2.2]
	at org.springframework.web.method.support.InvocableHandlerMethod.invokeForRequest(InvocableHandlerMethod.java:190) ~[spring-web-6.2.2.jar!/:6.2.2]
	at org.springframework.web.servlet.mvc.method.annotation.ServletInvocableHandlerMethod.invokeAndHandle(ServletInvocableHandlerMethod.java:118) ~[spring-webmvc-6.2.2.jar!/:6.2.2]
	at org.springframework.web.servlet.mvc.method.annotation.RequestMappingHandlerAdapter.invokeHandlerMethod(RequestMappingHandlerAdapter.java:986) ~[spring-webmvc-6.2.2.jar!/:6.2.2]
	at org.springframework.web.servlet.mvc.method.annotation.RequestMappingHandlerAdapter.handleInternal(RequestMappingHandlerAdapter.java:891) ~[spring-webmvc-6.2.2.jar!/:6.2.2]
	at org.springframework.web.servlet.mvc.method.AbstractHandlerMethodAdapter.handle(AbstractHandlerMethodAdapter.java:87) ~[spring-webmvc-6.2.2.jar!/:6.2.2]
	at org.springframework.web.servlet.DispatcherServlet.doDispatch(DispatcherServlet.java:1088) ~[spring-webmvc-6.2.2.jar!/:6.2.2]
	at org.springframework.web.servlet.DispatcherServlet.doService(DispatcherServlet.java:978) ~[spring-webmvc-6.2.2.jar!/:6.2.2]
	at org.springframework.web.servlet.FrameworkServlet.processRequest(FrameworkServlet.java:1014) ~[spring-webmvc-6.2.2.jar!/:6.2.2]
	at org.springframework.web.servlet.FrameworkServlet.doGet(FrameworkServlet.java:903) ~[spring-webmvc-6.2.2.jar!/:6.2.2]
	at jakarta.servlet.http.HttpServlet.service(HttpServlet.java:564) ~[tomcat-embed-core-10.1.34.jar!/:na]
	at org.springframework.web.servlet.FrameworkServlet.service(FrameworkServlet.java:885) ~[spring-webmvc-6.2.2.jar!/:6.2.2]
	at jakarta.servlet.http.HttpServlet.service(HttpServlet.java:658) ~[tomcat-embed-core-10.1.34.jar!/:na]
	at org.apache.catalina.core.ApplicationFilterChain.internalDoFilter(ApplicationFilterChain.java:195) ~[tomcat-embed-core-10.1.34.jar!/:na]
	at org.apache.catalina.core.ApplicationFilterChain.doFilter(ApplicationFilterChain.java:140) ~[tomcat-embed-core-10.1.34.jar!/:na]
	at org.apache.tomcat.websocket.server.WsFilter.doFilter(WsFilter.java:51) ~[tomcat-embed-websocket-10.1.34.jar!/:na]
	at org.apache.catalina.core.ApplicationFilterChain.internalDoFilter(ApplicationFilterChain.java:164) ~[tomcat-embed-core-10.1.34.jar!/:na]
	at org.apache.catalina.core.ApplicationFilterChain.doFilter(ApplicationFilterChain.java:140) ~[tomcat-embed-core-10.1.34.jar!/:na]
	at org.springframework.web.filter.CorsFilter.doFilterInternal(CorsFilter.java:91) ~[spring-web-6.2.2.jar!/:6.2.2]
	at org.springframework.web.filter.OncePerRequestFilter.doFilter(OncePerRequestFilter.java:116) ~[spring-web-6.2.2.jar!/:6.2.2]
	at org.apache.catalina.core.ApplicationFilterChain.internalDoFilter(ApplicationFilterChain.java:164) ~[tomcat-embed-core-10.1.34.jar!/:na]
	at org.apache.catalina.core.ApplicationFilterChain.doFilter(ApplicationFilterChain.java:140) ~[tomcat-embed-core-10.1.34.jar!/:na]
	at org.springframework.web.filter.CompositeFilter$VirtualFilterChain.doFilter(CompositeFilter.java:108) ~[spring-web-6.2.2.jar!/:6.2.2]
	at org.springframework.security.web.FilterChainProxy.lambda$doFilterInternal$3(FilterChainProxy.java:231) ~[spring-security-web-6.4.2.jar!/:6.4.2]
	at org.springframework.security.web.FilterChainProxy$VirtualFilterChain.doFilter(FilterChainProxy.java:365) ~[spring-security-web-6.4.2.jar!/:6.4.2]
	at org.springframework.security.web.access.intercept.AuthorizationFilter.doFilter(AuthorizationFilter.java:101) ~[spring-security-web-6.4.2.jar!/:6.4.2]
	at org.springframework.security.web.FilterChainProxy$VirtualFilterChain.doFilter(FilterChainProxy.java:374) ~[spring-security-web-6.4.2.jar!/:6.4.2]
	at org.springframework.security.web.access.ExceptionTranslationFilter.doFilter(ExceptionTranslationFilter.java:126) ~[spring-security-web-6.4.2.jar!/:6.4.2]
	at org.springframework.security.web.access.ExceptionTranslationFilter.doFilter(ExceptionTranslationFilter.java:120) ~[spring-security-web-6.4.2.jar!/:6.4.2]
	at org.springframework.security.web.FilterChainProxy$VirtualFilterChain.doFilter(FilterChainProxy.java:374) ~[spring-security-web-6.4.2.jar!/:6.4.2]
	at org.springframework.security.web.session.SessionManagementFilter.doFilter(SessionManagementFilter.java:131) ~[spring-security-web-6.4.2.jar!/:6.4.2]
	at org.springframework.security.web.session.SessionManagementFilter.doFilter(SessionManagementFilter.java:85) ~[spring-security-web-6.4.2.jar!/:6.4.2]
	at org.springframework.security.web.FilterChainProxy$VirtualFilterChain.doFilter(FilterChainProxy.java:374) ~[spring-security-web-6.4.2.jar!/:6.4.2]
	at org.springframework.security.web.authentication.AnonymousAuthenticationFilter.doFilter(AnonymousAuthenticationFilter.java:100) ~[spring-security-web-6.4.2.jar!/:6.4.2]
	at org.springframework.security.web.FilterChainProxy$VirtualFilterChain.doFilter(FilterChainProxy.java:374) ~[spring-security-web-6.4.2.jar!/:6.4.2]
	at org.springframework.security.web.servletapi.SecurityContextHolderAwareRequestFilter.doFilter(SecurityContextHolderAwareRequestFilter.java:179) ~[spring-security-web-6.4.2.jar!/:6.4.2]
	at org.springframework.security.web.FilterChainProxy$VirtualFilterChain.doFilter(FilterChainProxy.java:374) ~[spring-security-web-6.4.2.jar!/:6.4.2]
	at org.springframework.security.web.savedrequest.RequestCacheAwareFilter.doFilter(RequestCacheAwareFilter.java:63) ~[spring-security-web-6.4.2.jar!/:6.4.2]
	at org.springframework.security.web.FilterChainProxy$VirtualFilterChain.doFilter(FilterChainProxy.java:374) ~[spring-security-web-6.4.2.jar!/:6.4.2]
	at com.cranberry.marketplace.security.JwtFilter.doFilterInternal(JwtFilter.java:40) ~[!/:0.0.1-SNAPSHOT]
	at org.springframework.web.filter.OncePerRequestFilter.doFilter(OncePerRequestFilter.java:116) ~[spring-web-6.2.2.jar!/:6.2.2]
	at org.springframework.security.web.FilterChainProxy$VirtualFilterChain.doFilter(FilterChainProxy.java:374) ~[spring-security-web-6.4.2.jar!/:6.4.2]
	at org.springframework.security.web.authentication.logout.LogoutFilter.doFilter(LogoutFilter.java:107) ~[spring-security-web-6.4.2.jar!/:6.4.2]
	at org.springframework.security.web.authentication.logout.LogoutFilter.doFilter(LogoutFilter.java:93) ~[spring-security-web-6.4.2.jar!/:6.4.2]
	at org.springframework.security.web.FilterChainProxy$VirtualFilterChain.doFilter(FilterChainProxy.java:374) ~[spring-security-web-6.4.2.jar!/:6.4.2]
	at org.springframework.web.filter.CorsFilter.doFilterInternal(CorsFilter.java:91) ~[spring-web-6.2.2.jar!/:6.2.2]
	at org.springframework.web.filter.OncePerRequestFilter.doFilter(OncePerRequestFilter.java:116) ~[spring-web-6.2.2.jar!/:6.2.2]
	at org.springframework.security.web.FilterChainProxy$VirtualFilterChain.doFilter(FilterChainProxy.java:374) ~[spring-security-web-6.4.2.jar!/:6.4.2]
	at org.springframework.security.web.header.HeaderWriterFilter.doHeadersAfter(HeaderWriterFilter.java:90) ~[spring-security-web-6.4.2.jar!/:6.4.2]
	at org.springframework.security.web.header.HeaderWriterFilter.doFilterInternal(HeaderWriterFilter.java:75) ~[spring-security-web-6.4.2.jar!/:6.4.2]
	at org.springframework.web.filter.OncePerRequestFilter.doFilter(OncePerRequestFilter.java:116) ~[spring-web-6.2.2.jar!/:6.2.2]
	at org.springframework.security.web.FilterChainProxy$VirtualFilterChain.doFilter(FilterChainProxy.java:374) ~[spring-security-web-6.4.2.jar!/:6.4.2]
	at org.springframework.security.web.context.SecurityContextHolderFilter.doFilter(SecurityContextHolderFilter.java:82) ~[spring-security-web-6.4.2.jar!/:6.4.2]
	at org.springframework.security.web.context.SecurityContextHolderFilter.doFilter(SecurityContextHolderFilter.java:69) ~[spring-security-web-6.4.2.jar!/:6.4.2]
	at org.springframework.security.web.FilterChainProxy$VirtualFilterChain.doFilter(FilterChainProxy.java:374) ~[spring-security-web-6.4.2.jar!/:6.4.2]
	at org.springframework.security.web.context.request.async.WebAsyncManagerIntegrationFilter.doFilterInternal(WebAsyncManagerIntegrationFilter.java:62) ~[spring-security-web-6.4.2.jar!/:6.4.2]
	at org.springframework.web.filter.OncePerRequestFilter.doFilter(OncePerRequestFilter.java:116) ~[spring-web-6.2.2.jar!/:6.2.2]
	at org.springframework.security.web.FilterChainProxy$VirtualFilterChain.doFilter(FilterChainProxy.java:374) ~[spring-security-web-6.4.2.jar!/:6.4.2]
	at org.springframework.security.web.session.DisableEncodeUrlFilter.doFilterInternal(DisableEncodeUrlFilter.java:42) ~[spring-security-web-6.4.2.jar!/:6.4.2]
	at org.springframework.web.filter.OncePerRequestFilter.doFilter(OncePerRequestFilter.java:116) ~[spring-web-6.2.2.jar!/:6.2.2]
	at org.springframework.security.web.FilterChainProxy$VirtualFilterChain.doFilter(FilterChainProxy.java:374) ~[spring-security-web-6.4.2.jar!/:6.4.2]
	at org.springframework.security.web.FilterChainProxy.doFilterInternal(FilterChainProxy.java:233) ~[spring-security-web-6.4.2.jar!/:6.4.2]
	at org.springframework.security.web.FilterChainProxy.doFilter(FilterChainProxy.java:191) ~[spring-security-web-6.4.2.jar!/:6.4.2]
	at org.springframework.web.filter.CompositeFilter$VirtualFilterChain.doFilter(CompositeFilter.java:113) ~[spring-web-6.2.2.jar!/:6.2.2]
	at org.springframework.web.servlet.handler.HandlerMappingIntrospector.lambda$createCacheFilter$3(HandlerMappingIntrospector.java:243) ~[spring-webmvc-6.2.2.jar!/:6.2.2]
	at org.springframework.web.filter.CompositeFilter$VirtualFilterChain.doFilter(CompositeFilter.java:113) ~[spring-web-6.2.2.jar!/:6.2.2]
	at org.springframework.web.filter.CompositeFilter.doFilter(CompositeFilter.java:74) ~[spring-web-6.2.2.jar!/:6.2.2]
	at org.springframework.security.config.annotation.web.configuration.WebMvcSecurityConfiguration$CompositeFilterChainProxy.doFilter(WebMvcSecurityConfiguration.java:238) ~[spring-security-config-6.4.2.jar!/:6.4.2]
	at org.springframework.web.filter.DelegatingFilterProxy.invokeDelegate(DelegatingFilterProxy.java:362) ~[spring-web-6.2.2.jar!/:6.2.2]
	at org.springframework.web.filter.DelegatingFilterProxy.doFilter(DelegatingFilterProxy.java:278) ~[spring-web-6.2.2.jar!/:6.2.2]
	at org.apache.catalina.core.ApplicationFilterChain.internalDoFilter(ApplicationFilterChain.java:164) ~[tomcat-embed-core-10.1.34.jar!/:na]
	at org.apache.catalina.core.ApplicationFilterChain.doFilter(ApplicationFilterChain.java:140) ~[tomcat-embed-core-10.1.34.jar!/:na]
	at org.springframework.web.filter.RequestContextFilter.doFilterInternal(RequestContextFilter.java:100) ~[spring-web-6.2.2.jar!/:6.2.2]
	at org.springframework.web.filter.OncePerRequestFilter.doFilter(OncePerRequestFilter.java:116) ~[spring-web-6.2.2.jar!/:6.2.2]
	at org.apache.catalina.core.ApplicationFilterChain.internalDoFilter(ApplicationFilterChain.java:164) ~[tomcat-embed-core-10.1.34.jar!/:na]
	at org.apache.catalina.core.ApplicationFilterChain.doFilter(ApplicationFilterChain.java:140) ~[tomcat-embed-core-10.1.34.jar!/:na]
	at org.springframework.web.filter.FormContentFilter.doFilterInternal(FormContentFilter.java:93) ~[spring-web-6.2.2.jar!/:6.2.2]
	at org.springframework.web.filter.OncePerRequestFilter.doFilter(OncePerRequestFilter.java:116) ~[spring-web-6.2.2.jar!/:6.2.2]
	at org.apache.catalina.core.ApplicationFilterChain.internalDoFilter(ApplicationFilterChain.java:164) ~[tomcat-embed-core-10.1.34.jar!/:na]
	at org.apache.catalina.core.ApplicationFilterChain.doFilter(ApplicationFilterChain.java:140) ~[tomcat-embed-core-10.1.34.jar!/:na]
	at org.springframework.web.filter.CharacterEncodingFilter.doFilterInternal(CharacterEncodingFilter.java:201) ~[spring-web-6.2.2.jar!/:6.2.2]
	at org.springframework.web.filter.OncePerRequestFilter.doFilter(OncePerRequestFilter.java:116) ~[spring-web-6.2.2.jar!/:6.2.2]
	at org.apache.catalina.core.ApplicationFilterChain.internalDoFilter(ApplicationFilterChain.java:164) ~[tomcat-embed-core-10.1.34.jar!/:na]
	at org.apache.catalina.core.ApplicationFilterChain.doFilter(ApplicationFilterChain.java:140) ~[tomcat-embed-core-10.1.34.jar!/:na]
	at org.apache.catalina.core.StandardWrapperValve.invoke(StandardWrapperValve.java:167) ~[tomcat-embed-core-10.1.34.jar!/:na]
	at org.apache.catalina.core.StandardContextValve.invoke(StandardContextValve.java:90) ~[tomcat-embed-core-10.1.34.jar!/:na]
	at org.apache.catalina.authenticator.AuthenticatorBase.invoke(AuthenticatorBase.java:483) ~[tomcat-embed-core-10.1.34.jar!/:na]
	at org.apache.catalina.core.StandardHostValve.invoke(StandardHostValve.java:115) ~[tomcat-embed-core-10.1.34.jar!/:na]
	at org.apache.catalina.valves.ErrorReportValve.invoke(ErrorReportValve.java:93) ~[tomcat-embed-core-10.1.34.jar!/:na]
	at org.apache.catalina.core.StandardEngineValve.invoke(StandardEngineValve.java:74) ~[tomcat-embed-core-10.1.34.jar!/:na]
	at org.apache.catalina.connector.CoyoteAdapter.service(CoyoteAdapter.java:344) ~[tomcat-embed-core-10.1.34.jar!/:na]
	at org.apache.coyote.http11.Http11Processor.service(Http11Processor.java:397) ~[tomcat-embed-core-10.1.34.jar!/:na]
	at org.apache.coyote.AbstractProcessorLight.process(AbstractProcessorLight.java:63) ~[tomcat-embed-core-10.1.34.jar!/:na]
	at org.apache.coyote.AbstractProtocol$ConnectionHandler.process(AbstractProtocol.java:905) ~[tomcat-embed-core-10.1.34.jar!/:na]
	at org.apache.tomcat.util.net.NioEndpoint$SocketProcessor.doRun(NioEndpoint.java:1741) ~[tomcat-embed-core-10.1.34.jar!/:na]
	at org.apache.tomcat.util.net.SocketProcessorBase.run(SocketProcessorBase.java:52) ~[tomcat-embed-core-10.1.34.jar!/:na]
	at org.apache.tomcat.util.threads.ThreadPoolExecutor.runWorker(ThreadPoolExecutor.java:1190) ~[tomcat-embed-core-10.1.34.jar!/:na]
	at org.apache.tomcat.util.threads.ThreadPoolExecutor$Worker.run(ThreadPoolExecutor.java:659) ~[tomcat-embed-core-10.1.34.jar!/:na]
	at org.apache.tomcat.util.threads.TaskThread$WrappingRunnable.run(TaskThread.java:63) ~[tomcat-embed-core-10.1.34.jar!/:na]
	at java.base/java.lang.Thread.run(Thread.java:842) ~[na:na]
Caused by: org.springframework.web.reactive.function.client.WebClientResponseException$NotFound: 404 Not Found from POST http://localhost:11434/api/generate
	at org.springframework.web.reactive.function.client.WebClientResponseException.create(WebClientResponseException.java:324) ~[spring-webflux-6.2.2.jar!/:6.2.2]
	Suppressed: reactor.core.publisher.FluxOnAssembly$OnAssemblyException: 
Error has been observed at the following site(s):
	*__checkpoint ⇢ 404 NOT_FOUND from POST http://localhost:11434/api/generate [DefaultWebClient]
Original Stack Trace:
		at org.springframework.web.reactive.function.client.WebClientResponseException.create(WebClientResponseException.java:324) ~[spring-webflux-6.2.2.jar!/:6.2.2]
		at org.springframework.web.reactive.function.client.DefaultClientResponse.lambda$createException$1(DefaultClientResponse.java:214) ~[spring-webflux-6.2.2.jar!/:6.2.2]
		at reactor.core.publisher.FluxMap$MapSubscriber.onNext(FluxMap.java:106) ~[reactor-core-3.7.2.jar!/:3.7.2]
		at reactor.core.publisher.FluxOnErrorReturn$ReturnSubscriber.onNext(FluxOnErrorReturn.java:162) ~[reactor-core-3.7.2.jar!/:3.7.2]
		at reactor.core.publisher.FluxDefaultIfEmpty$DefaultIfEmptySubscriber.onNext(FluxDefaultIfEmpty.java:122) ~[reactor-core-3.7.2.jar!/:3.7.2]
		at reactor.core.publisher.FluxMapFuseable$MapFuseableSubscriber.onNext(FluxMapFuseable.java:129) ~[reactor-core-3.7.2.jar!/:3.7.2]
		at reactor.core.publisher.FluxContextWrite$ContextWriteSubscriber.onNext(FluxContextWrite.java:107) ~[reactor-core-3.7.2.jar!/:3.7.2]
		at reactor.core.publisher.FluxMapFuseable$MapFuseableConditionalSubscriber.onNext(FluxMapFuseable.java:299) ~[reactor-core-3.7.2.jar!/:3.7.2]
		at reactor.core.publisher.FluxFilterFuseable$FilterFuseableConditionalSubscriber.onNext(FluxFilterFuseable.java:337) ~[reactor-core-3.7.2.jar!/:3.7.2]
		at reactor.core.publisher.Operators$BaseFluxToMonoOperator.completePossiblyEmpty(Operators.java:2097) ~[reactor-core-3.7.2.jar!/:3.7.2]
		at reactor.core.publisher.MonoCollect$CollectSubscriber.onComplete(MonoCollect.java:145) ~[reactor-core-3.7.2.jar!/:3.7.2]
		at reactor.core.publisher.FluxMap$MapSubscriber.onComplete(FluxMap.java:144) ~[reactor-core-3.7.2.jar!/:3.7.2]
		at reactor.core.publisher.FluxPeek$PeekSubscriber.onComplete(FluxPeek.java:260) ~[reactor-core-3.7.2.jar!/:3.7.2]
		at reactor.core.publisher.FluxMap$MapSubscriber.onComplete(FluxMap.java:144) ~[reactor-core-3.7.2.jar!/:3.7.2]
		at reactor.netty.channel.FluxReceive.onInboundComplete(FluxReceive.java:413) ~[reactor-netty-core-1.2.2.jar!/:1.2.2]
		at reactor.netty.channel.ChannelOperations.onInboundComplete(ChannelOperations.java:455) ~[reactor-netty-core-1.2.2.jar!/:1.2.2]
		at reactor.netty.channel.ChannelOperations.terminate(ChannelOperations.java:509) ~[reactor-netty-core-1.2.2.jar!/:1.2.2]
		at reactor.netty.http.client.HttpClientOperations.onInboundNext(HttpClientOperations.java:819) ~[reactor-netty-http-1.2.2.jar!/:1.2.2]
		at reactor.netty.channel.ChannelOperationsHandler.channelRead(ChannelOperationsHandler.java:115) ~[reactor-netty-core-1.2.2.jar!/:1.2.2]
		at io.netty.channel.AbstractChannelHandlerContext.invokeChannelRead(AbstractChannelHandlerContext.java:444) ~[netty-transport-4.1.117.Final.jar!/:4.1.117.Final]
		at io.netty.channel.AbstractChannelHandlerContext.invokeChannelRead(AbstractChannelHandlerContext.java:420) ~[netty-transport-4.1.117.Final.jar!/:4.1.117.Final]
		at io.netty.channel.AbstractChannelHandlerContext.fireChannelRead(AbstractChannelHandlerContext.java:412) ~[netty-transport-4.1.117.Final.jar!/:4.1.117.Final]
		at io.netty.handler.codec.MessageToMessageDecoder.channelRead(MessageToMessageDecoder.java:107) ~[netty-codec-4.1.117.Final.jar!/:4.1.117.Final]
		at io.netty.channel.AbstractChannelHandlerContext.invokeChannelRead(AbstractChannelHandlerContext.java:444) ~[netty-transport-4.1.117.Final.jar!/:4.1.117.Final]
		at io.netty.channel.AbstractChannelHandlerContext.invokeChannelRead(AbstractChannelHandlerContext.java:420) ~[netty-transport-4.1.117.Final.jar!/:4.1.117.Final]
		at io.netty.channel.AbstractChannelHandlerContext.fireChannelRead(AbstractChannelHandlerContext.java:412) ~[netty-transport-4.1.117.Final.jar!/:4.1.117.Final]
		at io.netty.channel.CombinedChannelDuplexHandler$DelegatingChannelHandlerContext.fireChannelRead(CombinedChannelDuplexHandler.java:436) ~[netty-transport-4.1.117.Final.jar!/:4.1.117.Final]
		at io.netty.handler.codec.ByteToMessageDecoder.fireChannelRead(ByteToMessageDecoder.java:346) ~[netty-codec-4.1.117.Final.jar!/:4.1.117.Final]
		at io.netty.handler.codec.ByteToMessageDecoder.channelRead(ByteToMessageDecoder.java:318) ~[netty-codec-4.1.117.Final.jar!/:4.1.117.Final]
		at io.netty.channel.CombinedChannelDuplexHandler.channelRead(CombinedChannelDuplexHandler.java:251) ~[netty-transport-4.1.117.Final.jar!/:4.1.117.Final]
		at io.netty.channel.AbstractChannelHandlerContext.invokeChannelRead(AbstractChannelHandlerContext.java:442) ~[netty-transport-4.1.117.Final.jar!/:4.1.117.Final]
		at io.netty.channel.AbstractChannelHandlerContext.invokeChannelRead(AbstractChannelHandlerContext.java:420) ~[netty-transport-4.1.117.Final.jar!/:4.1.117.Final]
		at io.netty.channel.AbstractChannelHandlerContext.fireChannelRead(AbstractChannelHandlerContext.java:412) ~[netty-transport-4.1.117.Final.jar!/:4.1.117.Final]
		at io.netty.channel.DefaultChannelPipeline$HeadContext.channelRead(DefaultChannelPipeline.java:1357) ~[netty-transport-4.1.117.Final.jar!/:4.1.117.Final]
		at io.netty.channel.AbstractChannelHandlerContext.invokeChannelRead(AbstractChannelHandlerContext.java:440) ~[netty-transport-4.1.117.Final.jar!/:4.1.117.Final]
		at io.netty.channel.AbstractChannelHandlerContext.invokeChannelRead(AbstractChannelHandlerContext.java:420) ~[netty-transport-4.1.117.Final.jar!/:4.1.117.Final]
		at io.netty.channel.DefaultChannelPipeline.fireChannelRead(DefaultChannelPipeline.java:868) ~[netty-transport-4.1.117.Final.jar!/:4.1.117.Final]
		at io.netty.channel.nio.AbstractNioByteChannel$NioByteUnsafe.read(AbstractNioByteChannel.java:166) ~[netty-transport-4.1.117.Final.jar!/:4.1.117.Final]
		at io.netty.channel.nio.NioEventLoop.processSelectedKey(NioEventLoop.java:788) ~[netty-transport-4.1.117.Final.jar!/:4.1.117.Final]
		at io.netty.channel.nio.NioEventLoop.processSelectedKeysOptimized(NioEventLoop.java:724) ~[netty-transport-4.1.117.Final.jar!/:4.1.117.Final]
		at io.netty.channel.nio.NioEventLoop.processSelectedKeys(NioEventLoop.java:650) ~[netty-transport-4.1.117.Final.jar!/:4.1.117.Final]
		at io.netty.channel.nio.NioEventLoop.run(NioEventLoop.java:562) ~[netty-transport-4.1.117.Final.jar!/:4.1.117.Final]
		at io.netty.util.concurrent.SingleThreadEventExecutor$4.run(SingleThreadEventExecutor.java:997) ~[netty-common-4.1.117.Final.jar!/:4.1.117.Final]
		at io.netty.util.internal.ThreadExecutorMap$2.run(ThreadExecutorMap.java:74) ~[netty-common-4.1.117.Final.jar!/:4.1.117.Final]
		at io.netty.util.concurrent.FastThreadLocalRunnable.run(FastThreadLocalRunnable.java:30) ~[netty-common-4.1.117.Final.jar!/:4.1.117.Final]
		at java.base/java.lang.Thread.run(Thread.java:842) ~[na:na]
	Suppressed: java.lang.Exception: #block terminated with an error
		at reactor.core.publisher.BlockingSingleSubscriber.blockingGet(BlockingSingleSubscriber.java:104) ~[reactor-core-3.7.2.jar!/:3.7.2]
		at reactor.core.publisher.Mono.block(Mono.java:1779) ~[reactor-core-3.7.2.jar!/:3.7.2]
		at com.cranberry.marketplace.ai.AiProviderClient.callOllama(AiProviderClient.java:102) ~[!/:0.0.1-SNAPSHOT]
		at com.cranberry.marketplace.ai.AiProviderClient.generateResponse(AiProviderClient.java:73) ~[!/:0.0.1-SNAPSHOT]
		at com.cranberry.marketplace.ai.OrderInsightsService.generateExecutiveSummary(OrderInsightsService.java:302) ~[!/:0.0.1-SNAPSHOT]
		at com.cranberry.marketplace.ai.OrderInsightsService.generateInsights(OrderInsightsService.java:65) ~[!/:0.0.1-SNAPSHOT]
		at com.cranberry.marketplace.ai.AiController.getOrderInsights(AiController.java:100) ~[!/:0.0.1-SNAPSHOT]
		at java.base/jdk.internal.reflect.NativeMethodAccessorImpl.invoke0(Native Method) ~[na:na]
		at java.base/jdk.internal.reflect.NativeMethodAccessorImpl.invoke(NativeMethodAccessorImpl.java:77) ~[na:na]
		at java.base/jdk.internal.reflect.DelegatingMethodAccessorImpl.invoke(DelegatingMethodAccessorImpl.java:43) ~[na:na]
		at java.base/java.lang.reflect.Method.invoke(Method.java:568) ~[na:na]
		at org.springframework.web.method.support.InvocableHandlerMethod.doInvoke(InvocableHandlerMethod.java:257) ~[spring-web-6.2.2.jar!/:6.2.2]
		at org.springframework.web.method.support.InvocableHandlerMethod.invokeForRequest(InvocableHandlerMethod.java:190) ~[spring-web-6.2.2.jar!/:6.2.2]
		at org.springframework.web.servlet.mvc.method.annotation.ServletInvocableHandlerMethod.invokeAndHandle(ServletInvocableHandlerMethod.java:118) ~[spring-webmvc-6.2.2.jar!/:6.2.2]
		at org.springframework.web.servlet.mvc.method.annotation.RequestMappingHandlerAdapter.invokeHandlerMethod(RequestMappingHandlerAdapter.java:986) ~[spring-webmvc-6.2.2.jar!/:6.2.2]
		at org.springframework.web.servlet.mvc.method.annotation.RequestMappingHandlerAdapter.handleInternal(RequestMappingHandlerAdapter.java:891) ~[spring-webmvc-6.2.2.jar!/:6.2.2]
		at org.springframework.web.servlet.mvc.method.AbstractHandlerMethodAdapter.handle(AbstractHandlerMethodAdapter.java:87) ~[spring-webmvc-6.2.2.jar!/:6.2.2]
		at org.springframework.web.servlet.DispatcherServlet.doDispatch(DispatcherServlet.java:1088) ~[spring-webmvc-6.2.2.jar!/:6.2.2]
		at org.springframework.web.servlet.DispatcherServlet.doService(DispatcherServlet.java:978) ~[spring-webmvc-6.2.2.jar!/:6.2.2]
		at org.springframework.web.servlet.FrameworkServlet.processRequest(FrameworkServlet.java:1014) ~[spring-webmvc-6.2.2.jar!/:6.2.2]
		at org.springframework.web.servlet.FrameworkServlet.doGet(FrameworkServlet.java:903) ~[spring-webmvc-6.2.2.jar!/:6.2.2]
		at jakarta.servlet.http.HttpServlet.service(HttpServlet.java:564) ~[tomcat-embed-core-10.1.34.jar!/:na]
		at org.springframework.web.servlet.FrameworkServlet.service(FrameworkServlet.java:885) ~[spring-webmvc-6.2.2.jar!/:6.2.2]
		at jakarta.servlet.http.HttpServlet.service(HttpServlet.java:658) ~[tomcat-embed-core-10.1.34.jar!/:na]
		at org.apache.catalina.core.ApplicationFilterChain.internalDoFilter(ApplicationFilterChain.java:195) ~[tomcat-embed-core-10.1.34.jar!/:na]
		at org.apache.catalina.core.ApplicationFilterChain.doFilter(ApplicationFilterChain.java:140) ~[tomcat-embed-core-10.1.34.jar!/:na]
		at org.apache.tomcat.websocket.server.WsFilter.doFilter(WsFilter.java:51) ~[tomcat-embed-websocket-10.1.34.jar!/:na]
		at org.apache.catalina.core.ApplicationFilterChain.internalDoFilter(ApplicationFilterChain.java:164) ~[tomcat-embed-core-10.1.34.jar!/:na]
		at org.apache.catalina.core.ApplicationFilterChain.doFilter(ApplicationFilterChain.java:140) ~[tomcat-embed-core-10.1.34.jar!/:na]
		at org.springframework.web.filter.CorsFilter.doFilterInternal(CorsFilter.java:91) ~[spring-web-6.2.2.jar!/:6.2.2]
		at org.springframework.web.filter.OncePerRequestFilter.doFilter(OncePerRequestFilter.java:116) ~[spring-web-6.2.2.jar!/:6.2.2]
		at org.apache.catalina.core.ApplicationFilterChain.internalDoFilter(ApplicationFilterChain.java:164) ~[tomcat-embed-core-10.1.34.jar!/:na]
		at org.apache.catalina.core.ApplicationFilterChain.doFilter(ApplicationFilterChain.java:140) ~[tomcat-embed-core-10.1.34.jar!/:na]
		at org.springframework.web.filter.CompositeFilter$VirtualFilterChain.doFilter(CompositeFilter.java:108) ~[spring-web-6.2.2.jar!/:6.2.2]
		at org.springframework.security.web.FilterChainProxy.lambda$doFilterInternal$3(FilterChainProxy.java:231) ~[spring-security-web-6.4.2.jar!/:6.4.2]
		at org.springframework.security.web.FilterChainProxy$VirtualFilterChain.doFilter(FilterChainProxy.java:365) ~[spring-security-web-6.4.2.jar!/:6.4.2]
		at org.springframework.security.web.access.intercept.AuthorizationFilter.doFilter(AuthorizationFilter.java:101) ~[spring-security-web-6.4.2.jar!/:6.4.2]
		at org.springframework.security.web.FilterChainProxy$VirtualFilterChain.doFilter(FilterChainProxy.java:374) ~[spring-security-web-6.4.2.jar!/:6.4.2]
		at org.springframework.security.web.access.ExceptionTranslationFilter.doFilter(ExceptionTranslationFilter.java:126) ~[spring-security-web-6.4.2.jar!/:6.4.2]
		at org.springframework.security.web.access.ExceptionTranslationFilter.doFilter(ExceptionTranslationFilter.java:120) ~[spring-security-web-6.4.2.jar!/:6.4.2]
		at org.springframework.security.web.FilterChainProxy$VirtualFilterChain.doFilter(FilterChainProxy.java:374) ~[spring-security-web-6.4.2.jar!/:6.4.2]
		at org.springframework.security.web.session.SessionManagementFilter.doFilter(SessionManagementFilter.java:131) ~[spring-security-web-6.4.2.jar!/:6.4.2]
		at org.springframework.security.web.session.SessionManagementFilter.doFilter(SessionManagementFilter.java:85) ~[spring-security-web-6.4.2.jar!/:6.4.2]
		at org.springframework.security.web.FilterChainProxy$VirtualFilterChain.doFilter(FilterChainProxy.java:374) ~[spring-security-web-6.4.2.jar!/:6.4.2]
		at org.springframework.security.web.authentication.AnonymousAuthenticationFilter.doFilter(AnonymousAuthenticationFilter.java:100) ~[spring-security-web-6.4.2.jar!/:6.4.2]
		at org.springframework.security.web.FilterChainProxy$VirtualFilterChain.doFilter(FilterChainProxy.java:374) ~[spring-security-web-6.4.2.jar!/:6.4.2]
		at org.springframework.security.web.servletapi.SecurityContextHolderAwareRequestFilter.doFilter(SecurityContextHolderAwareRequestFilter.java:179) ~[spring-security-web-6.4.2.jar!/:6.4.2]
		at org.springframework.security.web.FilterChainProxy$VirtualFilterChain.doFilter(FilterChainProxy.java:374) ~[spring-security-web-6.4.2.jar!/:6.4.2]
		at org.springframework.security.web.savedrequest.RequestCacheAwareFilter.doFilter(RequestCacheAwareFilter.java:63) ~[spring-security-web-6.4.2.jar!/:6.4.2]
		at org.springframework.security.web.FilterChainProxy$VirtualFilterChain.doFilter(FilterChainProxy.java:374) ~[spring-security-web-6.4.2.jar!/:6.4.2]
		at com.cranberry.marketplace.security.JwtFilter.doFilterInternal(JwtFilter.java:40) ~[!/:0.0.1-SNAPSHOT]
		at org.springframework.web.filter.OncePerRequestFilter.doFilter(OncePerRequestFilter.java:116) ~[spring-web-6.2.2.jar!/:6.2.2]
		at org.springframework.security.web.FilterChainProxy$VirtualFilterChain.doFilter(FilterChainProxy.java:374) ~[spring-security-web-6.4.2.jar!/:6.4.2]
		at org.springframework.security.web.authentication.logout.LogoutFilter.doFilter(LogoutFilter.java:107) ~[spring-security-web-6.4.2.jar!/:6.4.2]
		at org.springframework.security.web.authentication.logout.LogoutFilter.doFilter(LogoutFilter.java:93) ~[spring-security-web-6.4.2.jar!/:6.4.2]
		at org.springframework.security.web.FilterChainProxy$VirtualFilterChain.doFilter(FilterChainProxy.java:374) ~[spring-security-web-6.4.2.jar!/:6.4.2]
		at org.springframework.web.filter.CorsFilter.doFilterInternal(CorsFilter.java:91) ~[spring-web-6.2.2.jar!/:6.2.2]
		at org.springframework.web.filter.OncePerRequestFilter.doFilter(OncePerRequestFilter.java:116) ~[spring-web-6.2.2.jar!/:6.2.2]
		at org.springframework.security.web.FilterChainProxy$VirtualFilterChain.doFilter(FilterChainProxy.java:374) ~[spring-security-web-6.4.2.jar!/:6.4.2]
		at org.springframework.security.web.header.HeaderWriterFilter.doHeadersAfter(HeaderWriterFilter.java:90) ~[spring-security-web-6.4.2.jar!/:6.4.2]
		at org.springframework.security.web.header.HeaderWriterFilter.doFilterInternal(HeaderWriterFilter.java:75) ~[spring-security-web-6.4.2.jar!/:6.4.2]
		at org.springframework.web.filter.OncePerRequestFilter.doFilter(OncePerRequestFilter.java:116) ~[spring-web-6.2.2.jar!/:6.2.2]
		at org.springframework.security.web.FilterChainProxy$VirtualFilterChain.doFilter(FilterChainProxy.java:374) ~[spring-security-web-6.4.2.jar!/:6.4.2]
		at org.springframework.security.web.context.SecurityContextHolderFilter.doFilter(SecurityContextHolderFilter.java:82) ~[spring-security-web-6.4.2.jar!/:6.4.2]
		at org.springframework.security.web.context.SecurityContextHolderFilter.doFilter(SecurityContextHolderFilter.java:69) ~[spring-security-web-6.4.2.jar!/:6.4.2]
		at org.springframework.security.web.FilterChainProxy$VirtualFilterChain.doFilter(FilterChainProxy.java:374) ~[spring-security-web-6.4.2.jar!/:6.4.2]
		at org.springframework.security.web.context.request.async.WebAsyncManagerIntegrationFilter.doFilterInternal(WebAsyncManagerIntegrationFilter.java:62) ~[spring-security-web-6.4.2.jar!/:6.4.2]
		at org.springframework.web.filter.OncePerRequestFilter.doFilter(OncePerRequestFilter.java:116) ~[spring-web-6.2.2.jar!/:6.2.2]
		at org.springframework.security.web.FilterChainProxy$VirtualFilterChain.doFilter(FilterChainProxy.java:374) ~[spring-security-web-6.4.2.jar!/:6.4.2]
		at org.springframework.security.web.session.DisableEncodeUrlFilter.doFilterInternal(DisableEncodeUrlFilter.java:42) ~[spring-security-web-6.4.2.jar!/:6.4.2]
		at org.springframework.web.filter.OncePerRequestFilter.doFilter(OncePerRequestFilter.java:116) ~[spring-web-6.2.2.jar!/:6.2.2]
		at org.springframework.security.web.FilterChainProxy$VirtualFilterChain.doFilter(FilterChainProxy.java:374) ~[spring-security-web-6.4.2.jar!/:6.4.2]
		at org.springframework.security.web.FilterChainProxy.doFilterInternal(FilterChainProxy.java:233) ~[spring-security-web-6.4.2.jar!/:6.4.2]
		at org.springframework.security.web.FilterChainProxy.doFilter(FilterChainProxy.java:191) ~[spring-security-web-6.4.2.jar!/:6.4.2]
		at org.springframework.web.filter.CompositeFilter$VirtualFilterChain.doFilter(CompositeFilter.java:113) ~[spring-web-6.2.2.jar!/:6.2.2]
		at org.springframework.web.servlet.handler.HandlerMappingIntrospector.lambda$createCacheFilter$3(HandlerMappingIntrospector.java:243) ~[spring-webmvc-6.2.2.jar!/:6.2.2]
		at org.springframework.web.filter.CompositeFilter$VirtualFilterChain.doFilter(CompositeFilter.java:113) ~[spring-web-6.2.2.jar!/:6.2.2]
		at org.springframework.web.filter.CompositeFilter.doFilter(CompositeFilter.java:74) ~[spring-web-6.2.2.jar!/:6.2.2]
		at org.springframework.security.config.annotation.web.configuration.WebMvcSecurityConfiguration$CompositeFilterChainProxy.doFilter(WebMvcSecurityConfiguration.java:238) ~[spring-security-config-6.4.2.jar!/:6.4.2]
		at org.springframework.web.filter.DelegatingFilterProxy.invokeDelegate(DelegatingFilterProxy.java:362) ~[spring-web-6.2.2.jar!/:6.2.2]
		at org.springframework.web.filter.DelegatingFilterProxy.doFilter(DelegatingFilterProxy.java:278) ~[spring-web-6.2.2.jar!/:6.2.2]
		at org.apache.catalina.core.ApplicationFilterChain.internalDoFilter(ApplicationFilterChain.java:164) ~[tomcat-embed-core-10.1.34.jar!/:na]
		at org.apache.catalina.core.ApplicationFilterChain.doFilter(ApplicationFilterChain.java:140) ~[tomcat-embed-core-10.1.34.jar!/:na]
		at org.springframework.web.filter.RequestContextFilter.doFilterInternal(RequestContextFilter.java:100) ~[spring-web-6.2.2.jar!/:6.2.2]
		at org.springframework.web.filter.OncePerRequestFilter.doFilter(OncePerRequestFilter.java:116) ~[spring-web-6.2.2.jar!/:6.2.2]
		at org.apache.catalina.core.ApplicationFilterChain.internalDoFilter(ApplicationFilterChain.java:164) ~[tomcat-embed-core-10.1.34.jar!/:na]
		at org.apache.catalina.core.ApplicationFilterChain.doFilter(ApplicationFilterChain.java:140) ~[tomcat-embed-core-10.1.34.jar!/:na]
		at org.springframework.web.filter.FormContentFilter.doFilterInternal(FormContentFilter.java:93) ~[spring-web-6.2.2.jar!/:6.2.2]
		at org.springframework.web.filter.OncePerRequestFilter.doFilter(OncePerRequestFilter.java:116) ~[spring-web-6.2.2.jar!/:6.2.2]
		at org.apache.catalina.core.ApplicationFilterChain.internalDoFilter(ApplicationFilterChain.java:164) ~[tomcat-embed-core-10.1.34.jar!/:na]
		at org.apache.catalina.core.ApplicationFilterChain.doFilter(ApplicationFilterChain.java:140) ~[tomcat-embed-core-10.1.34.jar!/:na]
		at org.springframework.web.filter.CharacterEncodingFilter.doFilterInternal(CharacterEncodingFilter.java:201) ~[spring-web-6.2.2.jar!/:6.2.2]
		at org.springframework.web.filter.OncePerRequestFilter.doFilter(OncePerRequestFilter.java:116) ~[spring-web-6.2.2.jar!/:6.2.2]
		at org.apache.catalina.core.ApplicationFilterChain.internalDoFilter(ApplicationFilterChain.java:164) ~[tomcat-embed-core-10.1.34.jar!/:na]
		at org.apache.catalina.core.ApplicationFilterChain.doFilter(ApplicationFilterChain.java:140) ~[tomcat-embed-core-10.1.34.jar!/:na]
		at org.apache.catalina.core.StandardWrapperValve.invoke(StandardWrapperValve.java:167) ~[tomcat-embed-core-10.1.34.jar!/:na]
		at org.apache.catalina.core.StandardContextValve.invoke(StandardContextValve.java:90) ~[tomcat-embed-core-10.1.34.jar!/:na]
		at org.apache.catalina.authenticator.AuthenticatorBase.invoke(AuthenticatorBase.java:483) ~[tomcat-embed-core-10.1.34.jar!/:na]
		at org.apache.catalina.core.StandardHostValve.invoke(StandardHostValve.java:115) ~[tomcat-embed-core-10.1.34.jar!/:na]
		at org.apache.catalina.valves.ErrorReportValve.invoke(ErrorReportValve.java:93) ~[tomcat-embed-core-10.1.34.jar!/:na]
		at org.apache.catalina.core.StandardEngineValve.invoke(StandardEngineValve.java:74) ~[tomcat-embed-core-10.1.34.jar!/:na]
		at org.apache.catalina.connector.CoyoteAdapter.service(CoyoteAdapter.java:344) ~[tomcat-embed-core-10.1.34.jar!/:na]
		at org.apache.coyote.http11.Http11Processor.service(Http11Processor.java:397) ~[tomcat-embed-core-10.1.34.jar!/:na]
		at org.apache.coyote.AbstractProcessorLight.process(AbstractProcessorLight.java:63) ~[tomcat-embed-core-10.1.34.jar!/:na]
		at org.apache.coyote.AbstractProtocol$ConnectionHandler.process(AbstractProtocol.java:905) ~[tomcat-embed-core-10.1.34.jar!/:na]
		at org.apache.tomcat.util.net.NioEndpoint$SocketProcessor.doRun(NioEndpoint.java:1741) ~[tomcat-embed-core-10.1.34.jar!/:na]
		at org.apache.tomcat.util.net.SocketProcessorBase.run(SocketProcessorBase.java:52) ~[tomcat-embed-core-10.1.34.jar!/:na]
		at org.apache.tomcat.util.threads.ThreadPoolExecutor.runWorker(ThreadPoolExecutor.java:1190) ~[tomcat-embed-core-10.1.34.jar!/:na]
		at org.apache.tomcat.util.threads.ThreadPoolExecutor$Worker.run(ThreadPoolExecutor.java:659) ~[tomcat-embed-core-10.1.34.jar!/:na]
		at org.apache.tomcat.util.threads.TaskThread$WrappingRunnable.run(TaskThread.java:63) ~[tomcat-embed-core-10.1.34.jar!/:na]
		at java.base/java.lang.Thread.run(Thread.java:842) ~[na:na]

2026-01-27T23:50:40.087+05:30  INFO 7183 --- [nio-8080-exec-6] c.c.marketplace.ai.OrderInsightsService  : Summary generated
2026-01-27T23:50:40.087+05:30 ERROR 7183 --- [nio-8080-exec-6] c.c.marketplace.ai.OrderInsightsService  : Error in generateInsights: 

org.hibernate.LazyInitializationException: failed to lazily initialize a collection of role: com.cranberry.marketplace.model.Order.items: could not initialize proxy - no Session
	at org.hibernate.collection.spi.AbstractPersistentCollection.throwLazyInitializationException(AbstractPersistentCollection.java:635) ~[hibernate-core-6.6.5.Final.jar!/:6.6.5.Final]
	at org.hibernate.collection.spi.AbstractPersistentCollection.withTemporarySessionIfNeeded(AbstractPersistentCollection.java:219) ~[hibernate-core-6.6.5.Final.jar!/:6.6.5.Final]
	at org.hibernate.collection.spi.AbstractPersistentCollection.initialize(AbstractPersistentCollection.java:614) ~[hibernate-core-6.6.5.Final.jar!/:6.6.5.Final]
	at org.hibernate.collection.spi.AbstractPersistentCollection.read(AbstractPersistentCollection.java:138) ~[hibernate-core-6.6.5.Final.jar!/:6.6.5.Final]
	at org.hibernate.collection.spi.PersistentBag.iterator(PersistentBag.java:369) ~[hibernate-core-6.6.5.Final.jar!/:6.6.5.Final]
	at com.cranberry.marketplace.ai.OrderInsightsService.getTopProducts(OrderInsightsService.java:325) ~[!/:0.0.1-SNAPSHOT]
	at com.cranberry.marketplace.ai.OrderInsightsService.generateInsights(OrderInsightsService.java:87) ~[!/:0.0.1-SNAPSHOT]
	at com.cranberry.marketplace.ai.AiController.getOrderInsights(AiController.java:100) ~[!/:0.0.1-SNAPSHOT]
	at java.base/jdk.internal.reflect.NativeMethodAccessorImpl.invoke0(Native Method) ~[na:na]
	at java.base/jdk.internal.reflect.NativeMethodAccessorImpl.invoke(NativeMethodAccessorImpl.java:77) ~[na:na]
	at java.base/jdk.internal.reflect.DelegatingMethodAccessorImpl.invoke(DelegatingMethodAccessorImpl.java:43) ~[na:na]
	at java.base/java.lang.reflect.Method.invoke(Method.java:568) ~[na:na]
	at org.springframework.web.method.support.InvocableHandlerMethod.doInvoke(InvocableHandlerMethod.java:257) ~[spring-web-6.2.2.jar!/:6.2.2]
	at org.springframework.web.method.support.InvocableHandlerMethod.invokeForRequest(InvocableHandlerMethod.java:190) ~[spring-web-6.2.2.jar!/:6.2.2]
	at org.springframework.web.servlet.mvc.method.annotation.ServletInvocableHandlerMethod.invokeAndHandle(ServletInvocableHandlerMethod.java:118) ~[spring-webmvc-6.2.2.jar!/:6.2.2]
	at org.springframework.web.servlet.mvc.method.annotation.RequestMappingHandlerAdapter.invokeHandlerMethod(RequestMappingHandlerAdapter.java:986) ~[spring-webmvc-6.2.2.jar!/:6.2.2]
	at org.springframework.web.servlet.mvc.method.annotation.RequestMappingHandlerAdapter.handleInternal(RequestMappingHandlerAdapter.java:891) ~[spring-webmvc-6.2.2.jar!/:6.2.2]
	at org.springframework.web.servlet.mvc.method.AbstractHandlerMethodAdapter.handle(AbstractHandlerMethodAdapter.java:87) ~[spring-webmvc-6.2.2.jar!/:6.2.2]
	at org.springframework.web.servlet.DispatcherServlet.doDispatch(DispatcherServlet.java:1088) ~[spring-webmvc-6.2.2.jar!/:6.2.2]
	at org.springframework.web.servlet.DispatcherServlet.doService(DispatcherServlet.java:978) ~[spring-webmvc-6.2.2.jar!/:6.2.2]
	at org.springframework.web.servlet.FrameworkServlet.processRequest(FrameworkServlet.java:1014) ~[spring-webmvc-6.2.2.jar!/:6.2.2]
	at org.springframework.web.servlet.FrameworkServlet.doGet(FrameworkServlet.java:903) ~[spring-webmvc-6.2.2.jar!/:6.2.2]
	at jakarta.servlet.http.HttpServlet.service(HttpServlet.java:564) ~[tomcat-embed-core-10.1.34.jar!/:na]
	at org.springframework.web.servlet.FrameworkServlet.service(FrameworkServlet.java:885) ~[spring-webmvc-6.2.2.jar!/:6.2.2]
	at jakarta.servlet.http.HttpServlet.service(HttpServlet.java:658) ~[tomcat-embed-core-10.1.34.jar!/:na]
	at org.apache.catalina.core.ApplicationFilterChain.internalDoFilter(ApplicationFilterChain.java:195) ~[tomcat-embed-core-10.1.34.jar!/:na]
	at org.apache.catalina.core.ApplicationFilterChain.doFilter(ApplicationFilterChain.java:140) ~[tomcat-embed-core-10.1.34.jar!/:na]
	at org.apache.tomcat.websocket.server.WsFilter.doFilter(WsFilter.java:51) ~[tomcat-embed-websocket-10.1.34.jar!/:na]
	at org.apache.catalina.core.ApplicationFilterChain.internalDoFilter(ApplicationFilterChain.java:164) ~[tomcat-embed-core-10.1.34.jar!/:na]
	at org.apache.catalina.core.ApplicationFilterChain.doFilter(ApplicationFilterChain.java:140) ~[tomcat-embed-core-10.1.34.jar!/:na]
	at org.springframework.web.filter.CorsFilter.doFilterInternal(CorsFilter.java:91) ~[spring-web-6.2.2.jar!/:6.2.2]
	at org.springframework.web.filter.OncePerRequestFilter.doFilter(OncePerRequestFilter.java:116) ~[spring-web-6.2.2.jar!/:6.2.2]
	at org.apache.catalina.core.ApplicationFilterChain.internalDoFilter(ApplicationFilterChain.java:164) ~[tomcat-embed-core-10.1.34.jar!/:na]
	at org.apache.catalina.core.ApplicationFilterChain.doFilter(ApplicationFilterChain.java:140) ~[tomcat-embed-core-10.1.34.jar!/:na]
	at org.springframework.web.filter.CompositeFilter$VirtualFilterChain.doFilter(CompositeFilter.java:108) ~[spring-web-6.2.2.jar!/:6.2.2]
	at org.springframework.security.web.FilterChainProxy.lambda$doFilterInternal$3(FilterChainProxy.java:231) ~[spring-security-web-6.4.2.jar!/:6.4.2]
	at org.springframework.security.web.FilterChainProxy$VirtualFilterChain.doFilter(FilterChainProxy.java:365) ~[spring-security-web-6.4.2.jar!/:6.4.2]
	at org.springframework.security.web.access.intercept.AuthorizationFilter.doFilter(AuthorizationFilter.java:101) ~[spring-security-web-6.4.2.jar!/:6.4.2]
	at org.springframework.security.web.FilterChainProxy$VirtualFilterChain.doFilter(FilterChainProxy.java:374) ~[spring-security-web-6.4.2.jar!/:6.4.2]
	at org.springframework.security.web.access.ExceptionTranslationFilter.doFilter(ExceptionTranslationFilter.java:126) ~[spring-security-web-6.4.2.jar!/:6.4.2]
	at org.springframework.security.web.access.ExceptionTranslationFilter.doFilter(ExceptionTranslationFilter.java:120) ~[spring-security-web-6.4.2.jar!/:6.4.2]
	at org.springframework.security.web.FilterChainProxy$VirtualFilterChain.doFilter(FilterChainProxy.java:374) ~[spring-security-web-6.4.2.jar!/:6.4.2]
	at org.springframework.security.web.session.SessionManagementFilter.doFilter(SessionManagementFilter.java:131) ~[spring-security-web-6.4.2.jar!/:6.4.2]
	at org.springframework.security.web.session.SessionManagementFilter.doFilter(SessionManagementFilter.java:85) ~[spring-security-web-6.4.2.jar!/:6.4.2]
	at org.springframework.security.web.FilterChainProxy$VirtualFilterChain.doFilter(FilterChainProxy.java:374) ~[spring-security-web-6.4.2.jar!/:6.4.2]
	at org.springframework.security.web.authentication.AnonymousAuthenticationFilter.doFilter(AnonymousAuthenticationFilter.java:100) ~[spring-security-web-6.4.2.jar!/:6.4.2]
	at org.springframework.security.web.FilterChainProxy$VirtualFilterChain.doFilter(FilterChainProxy.java:374) ~[spring-security-web-6.4.2.jar!/:6.4.2]
	at org.springframework.security.web.servletapi.SecurityContextHolderAwareRequestFilter.doFilter(SecurityContextHolderAwareRequestFilter.java:179) ~[spring-security-web-6.4.2.jar!/:6.4.2]
	at org.springframework.security.web.FilterChainProxy$VirtualFilterChain.doFilter(FilterChainProxy.java:374) ~[spring-security-web-6.4.2.jar!/:6.4.2]
	at org.springframework.security.web.savedrequest.RequestCacheAwareFilter.doFilter(RequestCacheAwareFilter.java:63) ~[spring-security-web-6.4.2.jar!/:6.4.2]
	at org.springframework.security.web.FilterChainProxy$VirtualFilterChain.doFilter(FilterChainProxy.java:374) ~[spring-security-web-6.4.2.jar!/:6.4.2]
	at com.cranberry.marketplace.security.JwtFilter.doFilterInternal(JwtFilter.java:40) ~[!/:0.0.1-SNAPSHOT]
	at org.springframework.web.filter.OncePerRequestFilter.doFilter(OncePerRequestFilter.java:116) ~[spring-web-6.2.2.jar!/:6.2.2]
	at org.springframework.security.web.FilterChainProxy$VirtualFilterChain.doFilter(FilterChainProxy.java:374) ~[spring-security-web-6.4.2.jar!/:6.4.2]
	at org.springframework.security.web.authentication.logout.LogoutFilter.doFilter(LogoutFilter.java:107) ~[spring-security-web-6.4.2.jar!/:6.4.2]
	at org.springframework.security.web.authentication.logout.LogoutFilter.doFilter(LogoutFilter.java:93) ~[spring-security-web-6.4.2.jar!/:6.4.2]
	at org.springframework.security.web.FilterChainProxy$VirtualFilterChain.doFilter(FilterChainProxy.java:374) ~[spring-security-web-6.4.2.jar!/:6.4.2]
	at org.springframework.web.filter.CorsFilter.doFilterInternal(CorsFilter.java:91) ~[spring-web-6.2.2.jar!/:6.2.2]
	at org.springframework.web.filter.OncePerRequestFilter.doFilter(OncePerRequestFilter.java:116) ~[spring-web-6.2.2.jar!/:6.2.2]
	at org.springframework.security.web.FilterChainProxy$VirtualFilterChain.doFilter(FilterChainProxy.java:374) ~[spring-security-web-6.4.2.jar!/:6.4.2]
	at org.springframework.security.web.header.HeaderWriterFilter.doHeadersAfter(HeaderWriterFilter.java:90) ~[spring-security-web-6.4.2.jar!/:6.4.2]
	at org.springframework.security.web.header.HeaderWriterFilter.doFilterInternal(HeaderWriterFilter.java:75) ~[spring-security-web-6.4.2.jar!/:6.4.2]
	at org.springframework.web.filter.OncePerRequestFilter.doFilter(OncePerRequestFilter.java:116) ~[spring-web-6.2.2.jar!/:6.2.2]
	at org.springframework.security.web.FilterChainProxy$VirtualFilterChain.doFilter(FilterChainProxy.java:374) ~[spring-security-web-6.4.2.jar!/:6.4.2]
	at org.springframework.security.web.context.SecurityContextHolderFilter.doFilter(SecurityContextHolderFilter.java:82) ~[spring-security-web-6.4.2.jar!/:6.4.2]
	at org.springframework.security.web.context.SecurityContextHolderFilter.doFilter(SecurityContextHolderFilter.java:69) ~[spring-security-web-6.4.2.jar!/:6.4.2]
	at org.springframework.security.web.FilterChainProxy$VirtualFilterChain.doFilter(FilterChainProxy.java:374) ~[spring-security-web-6.4.2.jar!/:6.4.2]
	at org.springframework.security.web.context.request.async.WebAsyncManagerIntegrationFilter.doFilterInternal(WebAsyncManagerIntegrationFilter.java:62) ~[spring-security-web-6.4.2.jar!/:6.4.2]
	at org.springframework.web.filter.OncePerRequestFilter.doFilter(OncePerRequestFilter.java:116) ~[spring-web-6.2.2.jar!/:6.2.2]
	at org.springframework.security.web.FilterChainProxy$VirtualFilterChain.doFilter(FilterChainProxy.java:374) ~[spring-security-web-6.4.2.jar!/:6.4.2]
	at org.springframework.security.web.session.DisableEncodeUrlFilter.doFilterInternal(DisableEncodeUrlFilter.java:42) ~[spring-security-web-6.4.2.jar!/:6.4.2]
	at org.springframework.web.filter.OncePerRequestFilter.doFilter(OncePerRequestFilter.java:116) ~[spring-web-6.2.2.jar!/:6.2.2]
	at org.springframework.security.web.FilterChainProxy$VirtualFilterChain.doFilter(FilterChainProxy.java:374) ~[spring-security-web-6.4.2.jar!/:6.4.2]
	at org.springframework.security.web.FilterChainProxy.doFilterInternal(FilterChainProxy.java:233) ~[spring-security-web-6.4.2.jar!/:6.4.2]
	at org.springframework.security.web.FilterChainProxy.doFilter(FilterChainProxy.java:191) ~[spring-security-web-6.4.2.jar!/:6.4.2]
	at org.springframework.web.filter.CompositeFilter$VirtualFilterChain.doFilter(CompositeFilter.java:113) ~[spring-web-6.2.2.jar!/:6.2.2]
	at org.springframework.web.servlet.handler.HandlerMappingIntrospector.lambda$createCacheFilter$3(HandlerMappingIntrospector.java:243) ~[spring-webmvc-6.2.2.jar!/:6.2.2]
	at org.springframework.web.filter.CompositeFilter$VirtualFilterChain.doFilter(CompositeFilter.java:113) ~[spring-web-6.2.2.jar!/:6.2.2]
	at org.springframework.web.filter.CompositeFilter.doFilter(CompositeFilter.java:74) ~[spring-web-6.2.2.jar!/:6.2.2]
	at org.springframework.security.config.annotation.web.configuration.WebMvcSecurityConfiguration$CompositeFilterChainProxy.doFilter(WebMvcSecurityConfiguration.java:238) ~[spring-security-config-6.4.2.jar!/:6.4.2]
	at org.springframework.web.filter.DelegatingFilterProxy.invokeDelegate(DelegatingFilterProxy.java:362) ~[spring-web-6.2.2.jar!/:6.2.2]
	at org.springframework.web.filter.DelegatingFilterProxy.doFilter(DelegatingFilterProxy.java:278) ~[spring-web-6.2.2.jar!/:6.2.2]
	at org.apache.catalina.core.ApplicationFilterChain.internalDoFilter(ApplicationFilterChain.java:164) ~[tomcat-embed-core-10.1.34.jar!/:na]
	at org.apache.catalina.core.ApplicationFilterChain.doFilter(ApplicationFilterChain.java:140) ~[tomcat-embed-core-10.1.34.jar!/:na]
	at org.springframework.web.filter.RequestContextFilter.doFilterInternal(RequestContextFilter.java:100) ~[spring-web-6.2.2.jar!/:6.2.2]
	at org.springframework.web.filter.OncePerRequestFilter.doFilter(OncePerRequestFilter.java:116) ~[spring-web-6.2.2.jar!/:6.2.2]
	at org.apache.catalina.core.ApplicationFilterChain.internalDoFilter(ApplicationFilterChain.java:164) ~[tomcat-embed-core-10.1.34.jar!/:na]
	at org.apache.catalina.core.ApplicationFilterChain.doFilter(ApplicationFilterChain.java:140) ~[tomcat-embed-core-10.1.34.jar!/:na]
	at org.springframework.web.filter.FormContentFilter.doFilterInternal(FormContentFilter.java:93) ~[spring-web-6.2.2.jar!/:6.2.2]
	at org.springframework.web.filter.OncePerRequestFilter.doFilter(OncePerRequestFilter.java:116) ~[spring-web-6.2.2.jar!/:6.2.2]
	at org.apache.catalina.core.ApplicationFilterChain.internalDoFilter(ApplicationFilterChain.java:164) ~[tomcat-embed-core-10.1.34.jar!/:na]
	at org.apache.catalina.core.ApplicationFilterChain.doFilter(ApplicationFilterChain.java:140) ~[tomcat-embed-core-10.1.34.jar!/:na]
	at org.springframework.web.filter.CharacterEncodingFilter.doFilterInternal(CharacterEncodingFilter.java:201) ~[spring-web-6.2.2.jar!/:6.2.2]
	at org.springframework.web.filter.OncePerRequestFilter.doFilter(OncePerRequestFilter.java:116) ~[spring-web-6.2.2.jar!/:6.2.2]
	at org.apache.catalina.core.ApplicationFilterChain.internalDoFilter(ApplicationFilterChain.java:164) ~[tomcat-embed-core-10.1.34.jar!/:na]
	at org.apache.catalina.core.ApplicationFilterChain.doFilter(ApplicationFilterChain.java:140) ~[tomcat-embed-core-10.1.34.jar!/:na]
	at org.apache.catalina.core.StandardWrapperValve.invoke(StandardWrapperValve.java:167) ~[tomcat-embed-core-10.1.34.jar!/:na]
	at org.apache.catalina.core.StandardContextValve.invoke(StandardContextValve.java:90) ~[tomcat-embed-core-10.1.34.jar!/:na]
	at org.apache.catalina.authenticator.AuthenticatorBase.invoke(AuthenticatorBase.java:483) ~[tomcat-embed-core-10.1.34.jar!/:na]
	at org.apache.catalina.core.StandardHostValve.invoke(StandardHostValve.java:115) ~[tomcat-embed-core-10.1.34.jar!/:na]
	at org.apache.catalina.valves.ErrorReportValve.invoke(ErrorReportValve.java:93) ~[tomcat-embed-core-10.1.34.jar!/:na]
	at org.apache.catalina.core.StandardEngineValve.invoke(StandardEngineValve.java:74) ~[tomcat-embed-core-10.1.34.jar!/:na]
	at org.apache.catalina.connector.CoyoteAdapter.service(CoyoteAdapter.java:344) ~[tomcat-embed-core-10.1.34.jar!/:na]
	at org.apache.coyote.http11.Http11Processor.service(Http11Processor.java:397) ~[tomcat-embed-core-10.1.34.jar!/:na]
	at org.apache.coyote.AbstractProcessorLight.process(AbstractProcessorLight.java:63) ~[tomcat-embed-core-10.1.34.jar!/:na]
	at org.apache.coyote.AbstractProtocol$ConnectionHandler.process(AbstractProtocol.java:905) ~[tomcat-embed-core-10.1.34.jar!/:na]
	at org.apache.tomcat.util.net.NioEndpoint$SocketProcessor.doRun(NioEndpoint.java:1741) ~[tomcat-embed-core-10.1.34.jar!/:na]
	at org.apache.tomcat.util.net.SocketProcessorBase.run(SocketProcessorBase.java:52) ~[tomcat-embed-core-10.1.34.jar!/:na]
	at org.apache.tomcat.util.threads.ThreadPoolExecutor.runWorker(ThreadPoolExecutor.java:1190) ~[tomcat-embed-core-10.1.34.jar!/:na]
	at org.apache.tomcat.util.threads.ThreadPoolExecutor$Worker.run(ThreadPoolExecutor.java:659) ~[tomcat-embed-core-10.1.34.jar!/:na]
	at org.apache.tomcat.util.threads.TaskThread$WrappingRunnable.run(TaskThread.java:63) ~[tomcat-embed-core-10.1.34.jar!/:na]
	at java.base/java.lang.Thread.run(Thread.java:842) ~[na:na]

Hibernate: select u1_0.id,u1_0.email,u1_0.name,u1_0.password,u1_0.role from users u1_0 where u1_0.email=?
Hibernate: select u1_0.id,u1_0.email,u1_0.name,u1_0.password,u1_0.role from users u1_0 where u1_0.email=?
Hibernate: select u1_0.id,u1_0.email,u1_0.name,u1_0.password,u1_0.role from users u1_0 where u1_0.email=?
Hibernate: select w1_0.id,w1_0.user_id from wishlists w1_0 left join users u1_0 on u1_0.id=w1_0.user_id where u1_0.id=?
Hibernate: select o1_0.id,o1_0.created_at,o1_0.estimated_delivery_date,o1_0.shipping_address,o1_0.status,o1_0.total_amount,o1_0.tracking_number,o1_0.updated_at,o1_0.user_id from orders o1_0 order by o1_0.created_at desc
Hibernate: select c1_0.id,c1_0.user_id from carts c1_0 left join users u1_0 on u1_0.id=c1_0.user_id where u1_0.id=?
Hibernate: select u1_0.id,u1_0.email,u1_0.name,u1_0.password,u1_0.role from users u1_0 where u1_0.id=?
Hibernate: select u1_0.id,u1_0.email,u1_0.name,u1_0.password,u1_0.role from users u1_0 where u1_0.id=?
Hibernate: select u1_0.id,u1_0.email,u1_0.name,u1_0.password,u1_0.role from users u1_0 where u1_0.id=?
Hibernate: select i1_0.wishlist_id,i1_0.id,p1_0.id,p1_0.category,p1_0.description,p1_0.image_url,p1_0.name,p1_0.price,p1_0.status,p1_0.stock,v1_0.id,v1_0.address,v1_0.contact_email,v1_0.contact_phone,v1_0.created_at,v1_0.logo_url,v1_0.shop_name,v1_0.status,v1_0.user_id from wishlist_items i1_0 left join product p1_0 on p1_0.id=i1_0.product_id left join vendor v1_0 on v1_0.id=p1_0.vendor_id where i1_0.wishlist_id=?
Hibernate: select i1_0.cart_id,i1_0.id,p1_0.id,p1_0.category,p1_0.description,p1_0.image_url,p1_0.name,p1_0.price,p1_0.status,p1_0.stock,v1_0.id,v1_0.address,v1_0.contact_email,v1_0.contact_phone,v1_0.created_at,v1_0.logo_url,v1_0.shop_name,v1_0.status,v1_0.user_id,i1_0.quantity from cart_items i1_0 left join product p1_0 on p1_0.id=i1_0.product_id left join vendor v1_0 on v1_0.id=p1_0.vendor_id where i1_0.cart_id=?
Hibernate: select i1_0.order_id,i1_0.id,i1_0.price,p1_0.id,p1_0.category,p1_0.description,p1_0.image_url,p1_0.name,p1_0.price,p1_0.status,p1_0.stock,v1_0.id,v1_0.address,v1_0.contact_email,v1_0.contact_phone,v1_0.created_at,v1_0.logo_url,v1_0.shop_name,v1_0.status,v1_0.user_id,i1_0.quantity from order_item i1_0 left join product p1_0 on p1_0.id=i1_0.product_id left join vendor v1_0 on v1_0.id=p1_0.vendor_id where i1_0.order_id=?
Hibernate: select u1_0.id,u1_0.email,u1_0.name,u1_0.password,u1_0.role from users u1_0 where u1_0.id=?
Hibernate: select u1_0.id,u1_0.email,u1_0.name,u1_0.password,u1_0.role from users u1_0 where u1_0.id=?
Hibernate: select i1_0.order_id,i1_0.id,i1_0.price,p1_0.id,p1_0.category,p1_0.description,p1_0.image_url,p1_0.name,p1_0.price,p1_0.status,p1_0.stock,v1_0.id,v1_0.address,v1_0.contact_email,v1_0.contact_phone,v1_0.created_at,v1_0.logo_url,v1_0.shop_name,v1_0.status,v1_0.user_id,i1_0.quantity from order_item i1_0 left join product p1_0 on p1_0.id=i1_0.product_id left join vendor v1_0 on v1_0.id=p1_0.vendor_id where i1_0.order_id=?
Hibernate: select i1_0.order_id,i1_0.id,i1_0.price,p1_0.id,p1_0.category,p1_0.description,p1_0.image_url,p1_0.name,p1_0.price,p1_0.status,p1_0.stock,v1_0.id,v1_0.address,v1_0.contact_email,v1_0.contact_phone,v1_0.created_at,v1_0.logo_url,v1_0.shop_name,v1_0.status,v1_0.user_id,i1_0.quantity from order_item i1_0 left join product p1_0 on p1_0.id=i1_0.product_id left join vendor v1_0 on v1_0.id=p1_0.vendor_id where i1_0.order_id=?
Hibernate: select i1_0.order_id,i1_0.id,i1_0.price,p1_0.id,p1_0.category,p1_0.description,p1_0.image_url,p1_0.name,p1_0.price,p1_0.status,p1_0.stock,v1_0.id,v1_0.address,v1_0.contact_email,v1_0.contact_phone,v1_0.created_at,v1_0.logo_url,v1_0.shop_name,v1_0.status,v1_0.user_id,i1_0.quantity from order_item i1_0 left join product p1_0 on p1_0.id=i1_0.product_id left join vendor v1_0 on v1_0.id=p1_0.vendor_id where i1_0.order_id=?
Hibernate: select u1_0.id,u1_0.email,u1_0.name,u1_0.password,u1_0.role from users u1_0 where u1_0.email=?
Hibernate: select u1_0.id,u1_0.email,u1_0.name,u1_0.password,u1_0.role from users u1_0 where u1_0.email=?
Hibernate: select i1_0.order_id,i1_0.id,i1_0.price,p1_0.id,p1_0.category,p1_0.description,p1_0.image_url,p1_0.name,p1_0.price,p1_0.status,p1_0.stock,v1_0.id,v1_0.address,v1_0.contact_email,v1_0.contact_phone,v1_0.created_at,v1_0.logo_url,v1_0.shop_name,v1_0.status,v1_0.user_id,i1_0.quantity from order_item i1_0 left join product p1_0 on p1_0.id=i1_0.product_id left join vendor v1_0 on v1_0.id=p1_0.vendor_id where i1_0.order_id=?
Hibernate: select c1_0.id,c1_0.user_id from carts c1_0 left join users u1_0 on u1_0.id=c1_0.user_id where u1_0.id=?
Hibernate: select i1_0.order_id,i1_0.id,i1_0.price,p1_0.id,p1_0.category,p1_0.description,p1_0.image_url,p1_0.name,p1_0.price,p1_0.status,p1_0.stock,v1_0.id,v1_0.address,v1_0.contact_email,v1_0.contact_phone,v1_0.created_at,v1_0.logo_url,v1_0.shop_name,v1_0.status,v1_0.user_id,i1_0.quantity from order_item i1_0 left join product p1_0 on p1_0.id=i1_0.product_id left join vendor v1_0 on v1_0.id=p1_0.vendor_id where i1_0.order_id=?
Hibernate: select w1_0.id,w1_0.user_id from wishlists w1_0 left join users u1_0 on u1_0.id=w1_0.user_id where u1_0.id=?
Hibernate: select u1_0.id,u1_0.email,u1_0.name,u1_0.password,u1_0.role from users u1_0 where u1_0.id=?
Hibernate: select u1_0.id,u1_0.email,u1_0.name,u1_0.password,u1_0.role from users u1_0 where u1_0.id=?
Hibernate: select i1_0.order_id,i1_0.id,i1_0.price,p1_0.id,p1_0.category,p1_0.description,p1_0.image_url,p1_0.name,p1_0.price,p1_0.status,p1_0.stock,v1_0.id,v1_0.address,v1_0.contact_email,v1_0.contact_phone,v1_0.created_at,v1_0.logo_url,v1_0.shop_name,v1_0.status,v1_0.user_id,i1_0.quantity from order_item i1_0 left join product p1_0 on p1_0.id=i1_0.product_id left join vendor v1_0 on v1_0.id=p1_0.vendor_id where i1_0.order_id=?
Hibernate: select i1_0.cart_id,i1_0.id,p1_0.id,p1_0.category,p1_0.description,p1_0.image_url,p1_0.name,p1_0.price,p1_0.status,p1_0.stock,v1_0.id,v1_0.address,v1_0.contact_email,v1_0.contact_phone,v1_0.created_at,v1_0.logo_url,v1_0.shop_name,v1_0.status,v1_0.user_id,i1_0.quantity from cart_items i1_0 left join product p1_0 on p1_0.id=i1_0.product_id left join vendor v1_0 on v1_0.id=p1_0.vendor_id where i1_0.cart_id=?
Hibernate: select i1_0.wishlist_id,i1_0.id,p1_0.id,p1_0.category,p1_0.description,p1_0.image_url,p1_0.name,p1_0.price,p1_0.status,p1_0.stock,v1_0.id,v1_0.address,v1_0.contact_email,v1_0.contact_phone,v1_0.created_at,v1_0.logo_url,v1_0.shop_name,v1_0.status,v1_0.user_id from wishlist_items i1_0 left join product p1_0 on p1_0.id=i1_0.product_id left join vendor v1_0 on v1_0.id=p1_0.vendor_id where i1_0.wishlist_id=?
Hibernate: select u1_0.id,u1_0.email,u1_0.name,u1_0.password,u1_0.role from users u1_0 where u1_0.email=?
Hibernate: select u1_0.id,u1_0.email,u1_0.name,u1_0.password,u1_0.role from users u1_0 where u1_0.email=?
Hibernate: select count(*) from orders o1_0
Hibernate: select o1_0.id,o1_0.created_at,o1_0.estimated_delivery_date,o1_0.shipping_address,o1_0.status,o1_0.total_amount,o1_0.tracking_number,o1_0.updated_at,o1_0.user_id from orders o1_0 order by o1_0.created_at desc
Hibernate: select u1_0.id,u1_0.email,u1_0.name,u1_0.password,u1_0.role from users u1_0 where u1_0.id=?
Hibernate: select count(o1_0.id) from orders o1_0 where o1_0.status=?
Hibernate: select i1_0.order_id,i1_0.id,i1_0.price,p1_0.id,p1_0.category,p1_0.description,p1_0.image_url,p1_0.name,p1_0.price,p1_0.status,p1_0.stock,v1_0.id,v1_0.address,v1_0.contact_email,v1_0.contact_phone,v1_0.created_at,v1_0.logo_url,v1_0.shop_name,v1_0.status,v1_0.user_id,i1_0.quantity from order_item i1_0 left join product p1_0 on p1_0.id=i1_0.product_id left join vendor v1_0 on v1_0.id=p1_0.vendor_id where i1_0.order_id=?
Hibernate: select count(o1_0.id) from orders o1_0 where o1_0.status=?
Hibernate: select count(o1_0.id) from orders o1_0 where o1_0.status=?
Hibernate: select u1_0.id,u1_0.email,u1_0.name,u1_0.password,u1_0.role from users u1_0 where u1_0.id=?
Hibernate: select count(o1_0.id) from orders o1_0 where o1_0.status=?
Hibernate: select u1_0.id,u1_0.email,u1_0.name,u1_0.password,u1_0.role from users u1_0 where u1_0.id=?
Hibernate: select count(o1_0.id) from orders o1_0 where o1_0.status=?
Hibernate: select i1_0.order_id,i1_0.id,i1_0.price,p1_0.id,p1_0.category,p1_0.description,p1_0.image_url,p1_0.name,p1_0.price,p1_0.status,p1_0.stock,v1_0.id,v1_0.address,v1_0.contact_email,v1_0.contact_phone,v1_0.created_at,v1_0.logo_url,v1_0.shop_name,v1_0.status,v1_0.user_id,i1_0.quantity from order_item i1_0 left join product p1_0 on p1_0.id=i1_0.product_id left join vendor v1_0 on v1_0.id=p1_0.vendor_id where i1_0.order_id=?
Hibernate: select count(o1_0.id) from orders o1_0 where o1_0.status=?
Hibernate: select count(o1_0.id) from orders o1_0 where o1_0.status=?
Hibernate: select i1_0.order_id,i1_0.id,i1_0.price,p1_0.id,p1_0.category,p1_0.description,p1_0.image_url,p1_0.name,p1_0.price,p1_0.status,p1_0.stock,v1_0.id,v1_0.address,v1_0.contact_email,v1_0.contact_phone,v1_0.created_at,v1_0.logo_url,v1_0.shop_name,v1_0.status,v1_0.user_id,i1_0.quantity from order_item i1_0 left join product p1_0 on p1_0.id=i1_0.product_id left join vendor v1_0 on v1_0.id=p1_0.vendor_id where i1_0.order_id=?
Hibernate: select sum(o1_0.total_amount) from orders o1_0 where o1_0.status='PAID' or o1_0.status='PROCESSING' or o1_0.status='SHIPPED' or o1_0.status='DELIVERED'
Hibernate: select i1_0.order_id,i1_0.id,i1_0.price,p1_0.id,p1_0.category,p1_0.description,p1_0.image_url,p1_0.name,p1_0.price,p1_0.status,p1_0.stock,v1_0.id,v1_0.address,v1_0.contact_email,v1_0.contact_phone,v1_0.created_at,v1_0.logo_url,v1_0.shop_name,v1_0.status,v1_0.user_id,i1_0.quantity from order_item i1_0 left join product p1_0 on p1_0.id=i1_0.product_id left join vendor v1_0 on v1_0.id=p1_0.vendor_id where i1_0.order_id=?
Hibernate: select count(o1_0.id) from orders o1_0 where o1_0.created_at>=?
Hibernate: select i1_0.order_id,i1_0.id,i1_0.price,p1_0.id,p1_0.category,p1_0.description,p1_0.image_url,p1_0.name,p1_0.price,p1_0.status,p1_0.stock,v1_0.id,v1_0.address,v1_0.contact_email,v1_0.contact_phone,v1_0.created_at,v1_0.logo_url,v1_0.shop_name,v1_0.status,v1_0.user_id,i1_0.quantity from order_item i1_0 left join product p1_0 on p1_0.id=i1_0.product_id left join vendor v1_0 on v1_0.id=p1_0.vendor_id where i1_0.order_id=?
Hibernate: select sum(o1_0.total_amount) from orders o1_0 where (o1_0.status='PAID' or o1_0.status='PROCESSING' or o1_0.status='SHIPPED' or o1_0.status='DELIVERED') and o1_0.created_at>=?
Hibernate: select i1_0.order_id,i1_0.id,i1_0.price,p1_0.id,p1_0.category,p1_0.description,p1_0.image_url,p1_0.name,p1_0.price,p1_0.status,p1_0.stock,v1_0.id,v1_0.address,v1_0.contact_email,v1_0.contact_phone,v1_0.created_at,v1_0.logo_url,v1_0.shop_name,v1_0.status,v1_0.user_id,i1_0.quantity from order_item i1_0 left join product p1_0 on p1_0.id=i1_0.product_id left join vendor v1_0 on v1_0.id=p1_0.vendor_id where i1_0.order_id=?
Hibernate: select i1_0.order_id,i1_0.id,i1_0.price,p1_0.id,p1_0.category,p1_0.description,p1_0.image_url,p1_0.name,p1_0.price,p1_0.status,p1_0.stock,v1_0.id,v1_0.address,v1_0.contact_email,v1_0.contact_phone,v1_0.created_at,v1_0.logo_url,v1_0.shop_name,v1_0.status,v1_0.user_id,i1_0.quantity from order_item i1_0 left join product p1_0 on p1_0.id=i1_0.product_id left join vendor v1_0 on v1_0.id=p1_0.vendor_id where i1_0.order_id=?
Hibernate: select u1_0.id,u1_0.email,u1_0.name,u1_0.password,u1_0.role from users u1_0 where u1_0.email=?
Hibernate: select count(*) from orders o1_0
Hibernate: select count(o1_0.id) from orders o1_0 where o1_0.status=?
Hibernate: select count(o1_0.id) from orders o1_0 where o1_0.status=?
Hibernate: select count(o1_0.id) from orders o1_0 where o1_0.status=?
Hibernate: select count(o1_0.id) from orders o1_0 where o1_0.status=?
Hibernate: select count(o1_0.id) from orders o1_0 where o1_0.status=?
Hibernate: select count(o1_0.id) from orders o1_0 where o1_0.status=?
Hibernate: select count(o1_0.id) from orders o1_0 where o1_0.status=?
Hibernate: select sum(o1_0.total_amount) from orders o1_0 where o1_0.status='PAID' or o1_0.status='PROCESSING' or o1_0.status='SHIPPED' or o1_0.status='DELIVERED'
Hibernate: select count(o1_0.id) from orders o1_0 where o1_0.created_at>=?
Hibernate: select sum(o1_0.total_amount) from orders o1_0 where (o1_0.status='PAID' or o1_0.status='PROCESSING' or o1_0.status='SHIPPED' or o1_0.status='DELIVERED') and o1_0.created_at>=?
Hibernate: select u1_0.id,u1_0.email,u1_0.name,u1_0.password,u1_0.role from users u1_0 where u1_0.email=?
2026-01-27T23:50:44.995+05:30  INFO 7183 --- [nio-8080-exec-3] c.c.marketplace.ai.OrderInsightsService  : Generating AI insights for orders...
Hibernate: select o1_0.id,o1_0.created_at,o1_0.estimated_delivery_date,o1_0.shipping_address,o1_0.status,o1_0.total_amount,o1_0.tracking_number,o1_0.updated_at,o1_0.user_id from orders o1_0 order by o1_0.created_at desc
Hibernate: select u1_0.id,u1_0.email,u1_0.name,u1_0.password,u1_0.role from users u1_0 where u1_0.id=?
2026-01-27T23:50:45.000+05:30  INFO 7183 --- [nio-8080-exec-3] c.c.marketplace.ai.OrderInsightsService  : Found 7 orders
2026-01-27T23:50:45.000+05:30  INFO 7183 --- [nio-8080-exec-3] c.c.marketplace.ai.OrderInsightsService  : Metrics calculated
2026-01-27T23:50:45.001+05:30  INFO 7183 --- [nio-8080-exec-3] c.c.marketplace.ai.OrderInsightsService  : AI insights generated
2026-01-27T23:50:45.001+05:30  INFO 7183 --- [nio-8080-exec-3] c.c.marketplace.ai.OrderInsightsService  : Recommendations generated
2026-01-27T23:50:45.005+05:30 ERROR 7183 --- [nio-8080-exec-3] c.c.marketplace.ai.AiProviderClient      : Error calling Ollama API: 404 Not Found from POST http://localhost:11434/api/generate
2026-01-27T23:50:45.005+05:30 ERROR 7183 --- [nio-8080-exec-3] c.c.marketplace.ai.AiProviderClient      : Error generating AI response

java.lang.RuntimeException: Failed to call Ollama API
	at com.cranberry.marketplace.ai.AiProviderClient.callOllama(AiProviderClient.java:111) ~[!/:0.0.1-SNAPSHOT]
	at com.cranberry.marketplace.ai.AiProviderClient.generateResponse(AiProviderClient.java:73) ~[!/:0.0.1-SNAPSHOT]
	at com.cranberry.marketplace.ai.OrderInsightsService.generateExecutiveSummary(OrderInsightsService.java:302) ~[!/:0.0.1-SNAPSHOT]
	at com.cranberry.marketplace.ai.OrderInsightsService.generateInsights(OrderInsightsService.java:65) ~[!/:0.0.1-SNAPSHOT]
	at com.cranberry.marketplace.ai.AiController.getOrderInsights(AiController.java:100) ~[!/:0.0.1-SNAPSHOT]
	at java.base/jdk.internal.reflect.NativeMethodAccessorImpl.invoke0(Native Method) ~[na:na]
	at java.base/jdk.internal.reflect.NativeMethodAccessorImpl.invoke(NativeMethodAccessorImpl.java:77) ~[na:na]
	at java.base/jdk.internal.reflect.DelegatingMethodAccessorImpl.invoke(DelegatingMethodAccessorImpl.java:43) ~[na:na]
	at java.base/java.lang.reflect.Method.invoke(Method.java:568) ~[na:na]
	at org.springframework.web.method.support.InvocableHandlerMethod.doInvoke(InvocableHandlerMethod.java:257) ~[spring-web-6.2.2.jar!/:6.2.2]
	at org.springframework.web.method.support.InvocableHandlerMethod.invokeForRequest(InvocableHandlerMethod.java:190) ~[spring-web-6.2.2.jar!/:6.2.2]
	at org.springframework.web.servlet.mvc.method.annotation.ServletInvocableHandlerMethod.invokeAndHandle(ServletInvocableHandlerMethod.java:118) ~[spring-webmvc-6.2.2.jar!/:6.2.2]
	at org.springframework.web.servlet.mvc.method.annotation.RequestMappingHandlerAdapter.invokeHandlerMethod(RequestMappingHandlerAdapter.java:986) ~[spring-webmvc-6.2.2.jar!/:6.2.2]
	at org.springframework.web.servlet.mvc.method.annotation.RequestMappingHandlerAdapter.handleInternal(RequestMappingHandlerAdapter.java:891) ~[spring-webmvc-6.2.2.jar!/:6.2.2]
	at org.springframework.web.servlet.mvc.method.AbstractHandlerMethodAdapter.handle(AbstractHandlerMethodAdapter.java:87) ~[spring-webmvc-6.2.2.jar!/:6.2.2]
	at org.springframework.web.servlet.DispatcherServlet.doDispatch(DispatcherServlet.java:1088) ~[spring-webmvc-6.2.2.jar!/:6.2.2]
	at org.springframework.web.servlet.DispatcherServlet.doService(DispatcherServlet.java:978) ~[spring-webmvc-6.2.2.jar!/:6.2.2]
	at org.springframework.web.servlet.FrameworkServlet.processRequest(FrameworkServlet.java:1014) ~[spring-webmvc-6.2.2.jar!/:6.2.2]
	at org.springframework.web.servlet.FrameworkServlet.doGet(FrameworkServlet.java:903) ~[spring-webmvc-6.2.2.jar!/:6.2.2]
	at jakarta.servlet.http.HttpServlet.service(HttpServlet.java:564) ~[tomcat-embed-core-10.1.34.jar!/:na]
	at org.springframework.web.servlet.FrameworkServlet.service(FrameworkServlet.java:885) ~[spring-webmvc-6.2.2.jar!/:6.2.2]
	at jakarta.servlet.http.HttpServlet.service(HttpServlet.java:658) ~[tomcat-embed-core-10.1.34.jar!/:na]
	at org.apache.catalina.core.ApplicationFilterChain.internalDoFilter(ApplicationFilterChain.java:195) ~[tomcat-embed-core-10.1.34.jar!/:na]
	at org.apache.catalina.core.ApplicationFilterChain.doFilter(ApplicationFilterChain.java:140) ~[tomcat-embed-core-10.1.34.jar!/:na]
	at org.apache.tomcat.websocket.server.WsFilter.doFilter(WsFilter.java:51) ~[tomcat-embed-websocket-10.1.34.jar!/:na]
	at org.apache.catalina.core.ApplicationFilterChain.internalDoFilter(ApplicationFilterChain.java:164) ~[tomcat-embed-core-10.1.34.jar!/:na]
	at org.apache.catalina.core.ApplicationFilterChain.doFilter(ApplicationFilterChain.java:140) ~[tomcat-embed-core-10.1.34.jar!/:na]
	at org.springframework.web.filter.CorsFilter.doFilterInternal(CorsFilter.java:91) ~[spring-web-6.2.2.jar!/:6.2.2]
	at org.springframework.web.filter.OncePerRequestFilter.doFilter(OncePerRequestFilter.java:116) ~[spring-web-6.2.2.jar!/:6.2.2]
	at org.apache.catalina.core.ApplicationFilterChain.internalDoFilter(ApplicationFilterChain.java:164) ~[tomcat-embed-core-10.1.34.jar!/:na]
	at org.apache.catalina.core.ApplicationFilterChain.doFilter(ApplicationFilterChain.java:140) ~[tomcat-embed-core-10.1.34.jar!/:na]
	at org.springframework.web.filter.CompositeFilter$VirtualFilterChain.doFilter(CompositeFilter.java:108) ~[spring-web-6.2.2.jar!/:6.2.2]
	at org.springframework.security.web.FilterChainProxy.lambda$doFilterInternal$3(FilterChainProxy.java:231) ~[spring-security-web-6.4.2.jar!/:6.4.2]
	at org.springframework.security.web.FilterChainProxy$VirtualFilterChain.doFilter(FilterChainProxy.java:365) ~[spring-security-web-6.4.2.jar!/:6.4.2]
	at org.springframework.security.web.access.intercept.AuthorizationFilter.doFilter(AuthorizationFilter.java:101) ~[spring-security-web-6.4.2.jar!/:6.4.2]
	at org.springframework.security.web.FilterChainProxy$VirtualFilterChain.doFilter(FilterChainProxy.java:374) ~[spring-security-web-6.4.2.jar!/:6.4.2]
	at org.springframework.security.web.access.ExceptionTranslationFilter.doFilter(ExceptionTranslationFilter.java:126) ~[spring-security-web-6.4.2.jar!/:6.4.2]
	at org.springframework.security.web.access.ExceptionTranslationFilter.doFilter(ExceptionTranslationFilter.java:120) ~[spring-security-web-6.4.2.jar!/:6.4.2]
	at org.springframework.security.web.FilterChainProxy$VirtualFilterChain.doFilter(FilterChainProxy.java:374) ~[spring-security-web-6.4.2.jar!/:6.4.2]
	at org.springframework.security.web.session.SessionManagementFilter.doFilter(SessionManagementFilter.java:131) ~[spring-security-web-6.4.2.jar!/:6.4.2]
	at org.springframework.security.web.session.SessionManagementFilter.doFilter(SessionManagementFilter.java:85) ~[spring-security-web-6.4.2.jar!/:6.4.2]
	at org.springframework.security.web.FilterChainProxy$VirtualFilterChain.doFilter(FilterChainProxy.java:374) ~[spring-security-web-6.4.2.jar!/:6.4.2]
	at org.springframework.security.web.authentication.AnonymousAuthenticationFilter.doFilter(AnonymousAuthenticationFilter.java:100) ~[spring-security-web-6.4.2.jar!/:6.4.2]
	at org.springframework.security.web.FilterChainProxy$VirtualFilterChain.doFilter(FilterChainProxy.java:374) ~[spring-security-web-6.4.2.jar!/:6.4.2]
	at org.springframework.security.web.servletapi.SecurityContextHolderAwareRequestFilter.doFilter(SecurityContextHolderAwareRequestFilter.java:179) ~[spring-security-web-6.4.2.jar!/:6.4.2]
	at org.springframework.security.web.FilterChainProxy$VirtualFilterChain.doFilter(FilterChainProxy.java:374) ~[spring-security-web-6.4.2.jar!/:6.4.2]
	at org.springframework.security.web.savedrequest.RequestCacheAwareFilter.doFilter(RequestCacheAwareFilter.java:63) ~[spring-security-web-6.4.2.jar!/:6.4.2]
	at org.springframework.security.web.FilterChainProxy$VirtualFilterChain.doFilter(FilterChainProxy.java:374) ~[spring-security-web-6.4.2.jar!/:6.4.2]
	at com.cranberry.marketplace.security.JwtFilter.doFilterInternal(JwtFilter.java:40) ~[!/:0.0.1-SNAPSHOT]
	at org.springframework.web.filter.OncePerRequestFilter.doFilter(OncePerRequestFilter.java:116) ~[spring-web-6.2.2.jar!/:6.2.2]
	at org.springframework.security.web.FilterChainProxy$VirtualFilterChain.doFilter(FilterChainProxy.java:374) ~[spring-security-web-6.4.2.jar!/:6.4.2]
	at org.springframework.security.web.authentication.logout.LogoutFilter.doFilter(LogoutFilter.java:107) ~[spring-security-web-6.4.2.jar!/:6.4.2]
	at org.springframework.security.web.authentication.logout.LogoutFilter.doFilter(LogoutFilter.java:93) ~[spring-security-web-6.4.2.jar!/:6.4.2]
	at org.springframework.security.web.FilterChainProxy$VirtualFilterChain.doFilter(FilterChainProxy.java:374) ~[spring-security-web-6.4.2.jar!/:6.4.2]
	at org.springframework.web.filter.CorsFilter.doFilterInternal(CorsFilter.java:91) ~[spring-web-6.2.2.jar!/:6.2.2]
	at org.springframework.web.filter.OncePerRequestFilter.doFilter(OncePerRequestFilter.java:116) ~[spring-web-6.2.2.jar!/:6.2.2]
	at org.springframework.security.web.FilterChainProxy$VirtualFilterChain.doFilter(FilterChainProxy.java:374) ~[spring-security-web-6.4.2.jar!/:6.4.2]
	at org.springframework.security.web.header.HeaderWriterFilter.doHeadersAfter(HeaderWriterFilter.java:90) ~[spring-security-web-6.4.2.jar!/:6.4.2]
	at org.springframework.security.web.header.HeaderWriterFilter.doFilterInternal(HeaderWriterFilter.java:75) ~[spring-security-web-6.4.2.jar!/:6.4.2]
	at org.springframework.web.filter.OncePerRequestFilter.doFilter(OncePerRequestFilter.java:116) ~[spring-web-6.2.2.jar!/:6.2.2]
	at org.springframework.security.web.FilterChainProxy$VirtualFilterChain.doFilter(FilterChainProxy.java:374) ~[spring-security-web-6.4.2.jar!/:6.4.2]
	at org.springframework.security.web.context.SecurityContextHolderFilter.doFilter(SecurityContextHolderFilter.java:82) ~[spring-security-web-6.4.2.jar!/:6.4.2]
	at org.springframework.security.web.context.SecurityContextHolderFilter.doFilter(SecurityContextHolderFilter.java:69) ~[spring-security-web-6.4.2.jar!/:6.4.2]
	at org.springframework.security.web.FilterChainProxy$VirtualFilterChain.doFilter(FilterChainProxy.java:374) ~[spring-security-web-6.4.2.jar!/:6.4.2]
	at org.springframework.security.web.context.request.async.WebAsyncManagerIntegrationFilter.doFilterInternal(WebAsyncManagerIntegrationFilter.java:62) ~[spring-security-web-6.4.2.jar!/:6.4.2]
	at org.springframework.web.filter.OncePerRequestFilter.doFilter(OncePerRequestFilter.java:116) ~[spring-web-6.2.2.jar!/:6.2.2]
	at org.springframework.security.web.FilterChainProxy$VirtualFilterChain.doFilter(FilterChainProxy.java:374) ~[spring-security-web-6.4.2.jar!/:6.4.2]
	at org.springframework.security.web.session.DisableEncodeUrlFilter.doFilterInternal(DisableEncodeUrlFilter.java:42) ~[spring-security-web-6.4.2.jar!/:6.4.2]
	at org.springframework.web.filter.OncePerRequestFilter.doFilter(OncePerRequestFilter.java:116) ~[spring-web-6.2.2.jar!/:6.2.2]
	at org.springframework.security.web.FilterChainProxy$VirtualFilterChain.doFilter(FilterChainProxy.java:374) ~[spring-security-web-6.4.2.jar!/:6.4.2]
	at org.springframework.security.web.FilterChainProxy.doFilterInternal(FilterChainProxy.java:233) ~[spring-security-web-6.4.2.jar!/:6.4.2]
	at org.springframework.security.web.FilterChainProxy.doFilter(FilterChainProxy.java:191) ~[spring-security-web-6.4.2.jar!/:6.4.2]
	at org.springframework.web.filter.CompositeFilter$VirtualFilterChain.doFilter(CompositeFilter.java:113) ~[spring-web-6.2.2.jar!/:6.2.2]
	at org.springframework.web.servlet.handler.HandlerMappingIntrospector.lambda$createCacheFilter$3(HandlerMappingIntrospector.java:243) ~[spring-webmvc-6.2.2.jar!/:6.2.2]
	at org.springframework.web.filter.CompositeFilter$VirtualFilterChain.doFilter(CompositeFilter.java:113) ~[spring-web-6.2.2.jar!/:6.2.2]
	at org.springframework.web.filter.CompositeFilter.doFilter(CompositeFilter.java:74) ~[spring-web-6.2.2.jar!/:6.2.2]
	at org.springframework.security.config.annotation.web.configuration.WebMvcSecurityConfiguration$CompositeFilterChainProxy.doFilter(WebMvcSecurityConfiguration.java:238) ~[spring-security-config-6.4.2.jar!/:6.4.2]
	at org.springframework.web.filter.DelegatingFilterProxy.invokeDelegate(DelegatingFilterProxy.java:362) ~[spring-web-6.2.2.jar!/:6.2.2]
	at org.springframework.web.filter.DelegatingFilterProxy.doFilter(DelegatingFilterProxy.java:278) ~[spring-web-6.2.2.jar!/:6.2.2]
	at org.apache.catalina.core.ApplicationFilterChain.internalDoFilter(ApplicationFilterChain.java:164) ~[tomcat-embed-core-10.1.34.jar!/:na]
	at org.apache.catalina.core.ApplicationFilterChain.doFilter(ApplicationFilterChain.java:140) ~[tomcat-embed-core-10.1.34.jar!/:na]
	at org.springframework.web.filter.RequestContextFilter.doFilterInternal(RequestContextFilter.java:100) ~[spring-web-6.2.2.jar!/:6.2.2]
	at org.springframework.web.filter.OncePerRequestFilter.doFilter(OncePerRequestFilter.java:116) ~[spring-web-6.2.2.jar!/:6.2.2]
	at org.apache.catalina.core.ApplicationFilterChain.internalDoFilter(ApplicationFilterChain.java:164) ~[tomcat-embed-core-10.1.34.jar!/:na]
	at org.apache.catalina.core.ApplicationFilterChain.doFilter(ApplicationFilterChain.java:140) ~[tomcat-embed-core-10.1.34.jar!/:na]
	at org.springframework.web.filter.FormContentFilter.doFilterInternal(FormContentFilter.java:93) ~[spring-web-6.2.2.jar!/:6.2.2]
	at org.springframework.web.filter.OncePerRequestFilter.doFilter(OncePerRequestFilter.java:116) ~[spring-web-6.2.2.jar!/:6.2.2]
	at org.apache.catalina.core.ApplicationFilterChain.internalDoFilter(ApplicationFilterChain.java:164) ~[tomcat-embed-core-10.1.34.jar!/:na]
	at org.apache.catalina.core.ApplicationFilterChain.doFilter(ApplicationFilterChain.java:140) ~[tomcat-embed-core-10.1.34.jar!/:na]
	at org.springframework.web.filter.CharacterEncodingFilter.doFilterInternal(CharacterEncodingFilter.java:201) ~[spring-web-6.2.2.jar!/:6.2.2]
	at org.springframework.web.filter.OncePerRequestFilter.doFilter(OncePerRequestFilter.java:116) ~[spring-web-6.2.2.jar!/:6.2.2]
	at org.apache.catalina.core.ApplicationFilterChain.internalDoFilter(ApplicationFilterChain.java:164) ~[tomcat-embed-core-10.1.34.jar!/:na]
	at org.apache.catalina.core.ApplicationFilterChain.doFilter(ApplicationFilterChain.java:140) ~[tomcat-embed-core-10.1.34.jar!/:na]
	at org.apache.catalina.core.StandardWrapperValve.invoke(StandardWrapperValve.java:167) ~[tomcat-embed-core-10.1.34.jar!/:na]
	at org.apache.catalina.core.StandardContextValve.invoke(StandardContextValve.java:90) ~[tomcat-embed-core-10.1.34.jar!/:na]
	at org.apache.catalina.authenticator.AuthenticatorBase.invoke(AuthenticatorBase.java:483) ~[tomcat-embed-core-10.1.34.jar!/:na]
	at org.apache.catalina.core.StandardHostValve.invoke(StandardHostValve.java:115) ~[tomcat-embed-core-10.1.34.jar!/:na]
	at org.apache.catalina.valves.ErrorReportValve.invoke(ErrorReportValve.java:93) ~[tomcat-embed-core-10.1.34.jar!/:na]
	at org.apache.catalina.core.StandardEngineValve.invoke(StandardEngineValve.java:74) ~[tomcat-embed-core-10.1.34.jar!/:na]
	at org.apache.catalina.connector.CoyoteAdapter.service(CoyoteAdapter.java:344) ~[tomcat-embed-core-10.1.34.jar!/:na]
	at org.apache.coyote.http11.Http11Processor.service(Http11Processor.java:397) ~[tomcat-embed-core-10.1.34.jar!/:na]
	at org.apache.coyote.AbstractProcessorLight.process(AbstractProcessorLight.java:63) ~[tomcat-embed-core-10.1.34.jar!/:na]
	at org.apache.coyote.AbstractProtocol$ConnectionHandler.process(AbstractProtocol.java:905) ~[tomcat-embed-core-10.1.34.jar!/:na]
	at org.apache.tomcat.util.net.NioEndpoint$SocketProcessor.doRun(NioEndpoint.java:1741) ~[tomcat-embed-core-10.1.34.jar!/:na]
	at org.apache.tomcat.util.net.SocketProcessorBase.run(SocketProcessorBase.java:52) ~[tomcat-embed-core-10.1.34.jar!/:na]
	at org.apache.tomcat.util.threads.ThreadPoolExecutor.runWorker(ThreadPoolExecutor.java:1190) ~[tomcat-embed-core-10.1.34.jar!/:na]
	at org.apache.tomcat.util.threads.ThreadPoolExecutor$Worker.run(ThreadPoolExecutor.java:659) ~[tomcat-embed-core-10.1.34.jar!/:na]
	at org.apache.tomcat.util.threads.TaskThread$WrappingRunnable.run(TaskThread.java:63) ~[tomcat-embed-core-10.1.34.jar!/:na]
	at java.base/java.lang.Thread.run(Thread.java:842) ~[na:na]
Caused by: org.springframework.web.reactive.function.client.WebClientResponseException$NotFound: 404 Not Found from POST http://localhost:11434/api/generate
	at org.springframework.web.reactive.function.client.WebClientResponseException.create(WebClientResponseException.java:324) ~[spring-webflux-6.2.2.jar!/:6.2.2]
	Suppressed: reactor.core.publisher.FluxOnAssembly$OnAssemblyException: 
Error has been observed at the following site(s):
	*__checkpoint ⇢ 404 NOT_FOUND from POST http://localhost:11434/api/generate [DefaultWebClient]
Original Stack Trace:
		at org.springframework.web.reactive.function.client.WebClientResponseException.create(WebClientResponseException.java:324) ~[spring-webflux-6.2.2.jar!/:6.2.2]
		at org.springframework.web.reactive.function.client.DefaultClientResponse.lambda$createException$1(DefaultClientResponse.java:214) ~[spring-webflux-6.2.2.jar!/:6.2.2]
		at reactor.core.publisher.FluxMap$MapSubscriber.onNext(FluxMap.java:106) ~[reactor-core-3.7.2.jar!/:3.7.2]
		at reactor.core.publisher.FluxOnErrorReturn$ReturnSubscriber.onNext(FluxOnErrorReturn.java:162) ~[reactor-core-3.7.2.jar!/:3.7.2]
		at reactor.core.publisher.FluxDefaultIfEmpty$DefaultIfEmptySubscriber.onNext(FluxDefaultIfEmpty.java:122) ~[reactor-core-3.7.2.jar!/:3.7.2]
		at reactor.core.publisher.FluxMapFuseable$MapFuseableSubscriber.onNext(FluxMapFuseable.java:129) ~[reactor-core-3.7.2.jar!/:3.7.2]
		at reactor.core.publisher.FluxContextWrite$ContextWriteSubscriber.onNext(FluxContextWrite.java:107) ~[reactor-core-3.7.2.jar!/:3.7.2]
		at reactor.core.publisher.FluxMapFuseable$MapFuseableConditionalSubscriber.onNext(FluxMapFuseable.java:299) ~[reactor-core-3.7.2.jar!/:3.7.2]
		at reactor.core.publisher.FluxFilterFuseable$FilterFuseableConditionalSubscriber.onNext(FluxFilterFuseable.java:337) ~[reactor-core-3.7.2.jar!/:3.7.2]
		at reactor.core.publisher.Operators$BaseFluxToMonoOperator.completePossiblyEmpty(Operators.java:2097) ~[reactor-core-3.7.2.jar!/:3.7.2]
		at reactor.core.publisher.MonoCollect$CollectSubscriber.onComplete(MonoCollect.java:145) ~[reactor-core-3.7.2.jar!/:3.7.2]
		at reactor.core.publisher.FluxMap$MapSubscriber.onComplete(FluxMap.java:144) ~[reactor-core-3.7.2.jar!/:3.7.2]
		at reactor.core.publisher.FluxPeek$PeekSubscriber.onComplete(FluxPeek.java:260) ~[reactor-core-3.7.2.jar!/:3.7.2]
		at reactor.core.publisher.FluxMap$MapSubscriber.onComplete(FluxMap.java:144) ~[reactor-core-3.7.2.jar!/:3.7.2]
		at reactor.netty.channel.FluxReceive.onInboundComplete(FluxReceive.java:413) ~[reactor-netty-core-1.2.2.jar!/:1.2.2]
		at reactor.netty.channel.ChannelOperations.onInboundComplete(ChannelOperations.java:455) ~[reactor-netty-core-1.2.2.jar!/:1.2.2]
		at reactor.netty.channel.ChannelOperations.terminate(ChannelOperations.java:509) ~[reactor-netty-core-1.2.2.jar!/:1.2.2]
		at reactor.netty.http.client.HttpClientOperations.onInboundNext(HttpClientOperations.java:819) ~[reactor-netty-http-1.2.2.jar!/:1.2.2]
		at reactor.netty.channel.ChannelOperationsHandler.channelRead(ChannelOperationsHandler.java:115) ~[reactor-netty-core-1.2.2.jar!/:1.2.2]
		at io.netty.channel.AbstractChannelHandlerContext.invokeChannelRead(AbstractChannelHandlerContext.java:444) ~[netty-transport-4.1.117.Final.jar!/:4.1.117.Final]
		at io.netty.channel.AbstractChannelHandlerContext.invokeChannelRead(AbstractChannelHandlerContext.java:420) ~[netty-transport-4.1.117.Final.jar!/:4.1.117.Final]
		at io.netty.channel.AbstractChannelHandlerContext.fireChannelRead(AbstractChannelHandlerContext.java:412) ~[netty-transport-4.1.117.Final.jar!/:4.1.117.Final]
		at io.netty.handler.codec.MessageToMessageDecoder.channelRead(MessageToMessageDecoder.java:107) ~[netty-codec-4.1.117.Final.jar!/:4.1.117.Final]
		at io.netty.channel.AbstractChannelHandlerContext.invokeChannelRead(AbstractChannelHandlerContext.java:444) ~[netty-transport-4.1.117.Final.jar!/:4.1.117.Final]
		at io.netty.channel.AbstractChannelHandlerContext.invokeChannelRead(AbstractChannelHandlerContext.java:420) ~[netty-transport-4.1.117.Final.jar!/:4.1.117.Final]
		at io.netty.channel.AbstractChannelHandlerContext.fireChannelRead(AbstractChannelHandlerContext.java:412) ~[netty-transport-4.1.117.Final.jar!/:4.1.117.Final]
		at io.netty.channel.CombinedChannelDuplexHandler$DelegatingChannelHandlerContext.fireChannelRead(CombinedChannelDuplexHandler.java:436) ~[netty-transport-4.1.117.Final.jar!/:4.1.117.Final]
		at io.netty.handler.codec.ByteToMessageDecoder.fireChannelRead(ByteToMessageDecoder.java:346) ~[netty-codec-4.1.117.Final.jar!/:4.1.117.Final]
		at io.netty.handler.codec.ByteToMessageDecoder.channelRead(ByteToMessageDecoder.java:318) ~[netty-codec-4.1.117.Final.jar!/:4.1.117.Final]
		at io.netty.channel.CombinedChannelDuplexHandler.channelRead(CombinedChannelDuplexHandler.java:251) ~[netty-transport-4.1.117.Final.jar!/:4.1.117.Final]
		at io.netty.channel.AbstractChannelHandlerContext.invokeChannelRead(AbstractChannelHandlerContext.java:442) ~[netty-transport-4.1.117.Final.jar!/:4.1.117.Final]
		at io.netty.channel.AbstractChannelHandlerContext.invokeChannelRead(AbstractChannelHandlerContext.java:420) ~[netty-transport-4.1.117.Final.jar!/:4.1.117.Final]
		at io.netty.channel.AbstractChannelHandlerContext.fireChannelRead(AbstractChannelHandlerContext.java:412) ~[netty-transport-4.1.117.Final.jar!/:4.1.117.Final]
		at io.netty.channel.DefaultChannelPipeline$HeadContext.channelRead(DefaultChannelPipeline.java:1357) ~[netty-transport-4.1.117.Final.jar!/:4.1.117.Final]
		at io.netty.channel.AbstractChannelHandlerContext.invokeChannelRead(AbstractChannelHandlerContext.java:440) ~[netty-transport-4.1.117.Final.jar!/:4.1.117.Final]
		at io.netty.channel.AbstractChannelHandlerContext.invokeChannelRead(AbstractChannelHandlerContext.java:420) ~[netty-transport-4.1.117.Final.jar!/:4.1.117.Final]
		at io.netty.channel.DefaultChannelPipeline.fireChannelRead(DefaultChannelPipeline.java:868) ~[netty-transport-4.1.117.Final.jar!/:4.1.117.Final]
		at io.netty.channel.nio.AbstractNioByteChannel$NioByteUnsafe.read(AbstractNioByteChannel.java:166) ~[netty-transport-4.1.117.Final.jar!/:4.1.117.Final]
		at io.netty.channel.nio.NioEventLoop.processSelectedKey(NioEventLoop.java:788) ~[netty-transport-4.1.117.Final.jar!/:4.1.117.Final]
		at io.netty.channel.nio.NioEventLoop.processSelectedKeysOptimized(NioEventLoop.java:724) ~[netty-transport-4.1.117.Final.jar!/:4.1.117.Final]
		at io.netty.channel.nio.NioEventLoop.processSelectedKeys(NioEventLoop.java:650) ~[netty-transport-4.1.117.Final.jar!/:4.1.117.Final]
		at io.netty.channel.nio.NioEventLoop.run(NioEventLoop.java:562) ~[netty-transport-4.1.117.Final.jar!/:4.1.117.Final]
		at io.netty.util.concurrent.SingleThreadEventExecutor$4.run(SingleThreadEventExecutor.java:997) ~[netty-common-4.1.117.Final.jar!/:4.1.117.Final]
		at io.netty.util.internal.ThreadExecutorMap$2.run(ThreadExecutorMap.java:74) ~[netty-common-4.1.117.Final.jar!/:4.1.117.Final]
		at io.netty.util.concurrent.FastThreadLocalRunnable.run(FastThreadLocalRunnable.java:30) ~[netty-common-4.1.117.Final.jar!/:4.1.117.Final]
		at java.base/java.lang.Thread.run(Thread.java:842) ~[na:na]
	Suppressed: java.lang.Exception: #block terminated with an error
		at reactor.core.publisher.BlockingSingleSubscriber.blockingGet(BlockingSingleSubscriber.java:104) ~[reactor-core-3.7.2.jar!/:3.7.2]
		at reactor.core.publisher.Mono.block(Mono.java:1779) ~[reactor-core-3.7.2.jar!/:3.7.2]
		at com.cranberry.marketplace.ai.AiProviderClient.callOllama(AiProviderClient.java:102) ~[!/:0.0.1-SNAPSHOT]
		at com.cranberry.marketplace.ai.AiProviderClient.generateResponse(AiProviderClient.java:73) ~[!/:0.0.1-SNAPSHOT]
		at com.cranberry.marketplace.ai.OrderInsightsService.generateExecutiveSummary(OrderInsightsService.java:302) ~[!/:0.0.1-SNAPSHOT]
		at com.cranberry.marketplace.ai.OrderInsightsService.generateInsights(OrderInsightsService.java:65) ~[!/:0.0.1-SNAPSHOT]
		at com.cranberry.marketplace.ai.AiController.getOrderInsights(AiController.java:100) ~[!/:0.0.1-SNAPSHOT]
		at java.base/jdk.internal.reflect.NativeMethodAccessorImpl.invoke0(Native Method) ~[na:na]
		at java.base/jdk.internal.reflect.NativeMethodAccessorImpl.invoke(NativeMethodAccessorImpl.java:77) ~[na:na]
		at java.base/jdk.internal.reflect.DelegatingMethodAccessorImpl.invoke(DelegatingMethodAccessorImpl.java:43) ~[na:na]
		at java.base/java.lang.reflect.Method.invoke(Method.java:568) ~[na:na]
		at org.springframework.web.method.support.InvocableHandlerMethod.doInvoke(InvocableHandlerMethod.java:257) ~[spring-web-6.2.2.jar!/:6.2.2]
		at org.springframework.web.method.support.InvocableHandlerMethod.invokeForRequest(InvocableHandlerMethod.java:190) ~[spring-web-6.2.2.jar!/:6.2.2]
		at org.springframework.web.servlet.mvc.method.annotation.ServletInvocableHandlerMethod.invokeAndHandle(ServletInvocableHandlerMethod.java:118) ~[spring-webmvc-6.2.2.jar!/:6.2.2]
		at org.springframework.web.servlet.mvc.method.annotation.RequestMappingHandlerAdapter.invokeHandlerMethod(RequestMappingHandlerAdapter.java:986) ~[spring-webmvc-6.2.2.jar!/:6.2.2]
		at org.springframework.web.servlet.mvc.method.annotation.RequestMappingHandlerAdapter.handleInternal(RequestMappingHandlerAdapter.java:891) ~[spring-webmvc-6.2.2.jar!/:6.2.2]
		at org.springframework.web.servlet.mvc.method.AbstractHandlerMethodAdapter.handle(AbstractHandlerMethodAdapter.java:87) ~[spring-webmvc-6.2.2.jar!/:6.2.2]
		at org.springframework.web.servlet.DispatcherServlet.doDispatch(DispatcherServlet.java:1088) ~[spring-webmvc-6.2.2.jar!/:6.2.2]
		at org.springframework.web.servlet.DispatcherServlet.doService(DispatcherServlet.java:978) ~[spring-webmvc-6.2.2.jar!/:6.2.2]
		at org.springframework.web.servlet.FrameworkServlet.processRequest(FrameworkServlet.java:1014) ~[spring-webmvc-6.2.2.jar!/:6.2.2]
		at org.springframework.web.servlet.FrameworkServlet.doGet(FrameworkServlet.java:903) ~[spring-webmvc-6.2.2.jar!/:6.2.2]
		at jakarta.servlet.http.HttpServlet.service(HttpServlet.java:564) ~[tomcat-embed-core-10.1.34.jar!/:na]
		at org.springframework.web.servlet.FrameworkServlet.service(FrameworkServlet.java:885) ~[spring-webmvc-6.2.2.jar!/:6.2.2]
		at jakarta.servlet.http.HttpServlet.service(HttpServlet.java:658) ~[tomcat-embed-core-10.1.34.jar!/:na]
		at org.apache.catalina.core.ApplicationFilterChain.internalDoFilter(ApplicationFilterChain.java:195) ~[tomcat-embed-core-10.1.34.jar!/:na]
		at org.apache.catalina.core.ApplicationFilterChain.doFilter(ApplicationFilterChain.java:140) ~[tomcat-embed-core-10.1.34.jar!/:na]
		at org.apache.tomcat.websocket.server.WsFilter.doFilter(WsFilter.java:51) ~[tomcat-embed-websocket-10.1.34.jar!/:na]
		at org.apache.catalina.core.ApplicationFilterChain.internalDoFilter(ApplicationFilterChain.java:164) ~[tomcat-embed-core-10.1.34.jar!/:na]
		at org.apache.catalina.core.ApplicationFilterChain.doFilter(ApplicationFilterChain.java:140) ~[tomcat-embed-core-10.1.34.jar!/:na]
		at org.springframework.web.filter.CorsFilter.doFilterInternal(CorsFilter.java:91) ~[spring-web-6.2.2.jar!/:6.2.2]
		at org.springframework.web.filter.OncePerRequestFilter.doFilter(OncePerRequestFilter.java:116) ~[spring-web-6.2.2.jar!/:6.2.2]
		at org.apache.catalina.core.ApplicationFilterChain.internalDoFilter(ApplicationFilterChain.java:164) ~[tomcat-embed-core-10.1.34.jar!/:na]
		at org.apache.catalina.core.ApplicationFilterChain.doFilter(ApplicationFilterChain.java:140) ~[tomcat-embed-core-10.1.34.jar!/:na]
		at org.springframework.web.filter.CompositeFilter$VirtualFilterChain.doFilter(CompositeFilter.java:108) ~[spring-web-6.2.2.jar!/:6.2.2]
		at org.springframework.security.web.FilterChainProxy.lambda$doFilterInternal$3(FilterChainProxy.java:231) ~[spring-security-web-6.4.2.jar!/:6.4.2]
		at org.springframework.security.web.FilterChainProxy$VirtualFilterChain.doFilter(FilterChainProxy.java:365) ~[spring-security-web-6.4.2.jar!/:6.4.2]
		at org.springframework.security.web.access.intercept.AuthorizationFilter.doFilter(AuthorizationFilter.java:101) ~[spring-security-web-6.4.2.jar!/:6.4.2]
		at org.springframework.security.web.FilterChainProxy$VirtualFilterChain.doFilter(FilterChainProxy.java:374) ~[spring-security-web-6.4.2.jar!/:6.4.2]
		at org.springframework.security.web.access.ExceptionTranslationFilter.doFilter(ExceptionTranslationFilter.java:126) ~[spring-security-web-6.4.2.jar!/:6.4.2]
		at org.springframework.security.web.access.ExceptionTranslationFilter.doFilter(ExceptionTranslationFilter.java:120) ~[spring-security-web-6.4.2.jar!/:6.4.2]
		at org.springframework.security.web.FilterChainProxy$VirtualFilterChain.doFilter(FilterChainProxy.java:374) ~[spring-security-web-6.4.2.jar!/:6.4.2]
		at org.springframework.security.web.session.SessionManagementFilter.doFilter(SessionManagementFilter.java:131) ~[spring-security-web-6.4.2.jar!/:6.4.2]
		at org.springframework.security.web.session.SessionManagementFilter.doFilter(SessionManagementFilter.java:85) ~[spring-security-web-6.4.2.jar!/:6.4.2]
		at org.springframework.security.web.FilterChainProxy$VirtualFilterChain.doFilter(FilterChainProxy.java:374) ~[spring-security-web-6.4.2.jar!/:6.4.2]
		at org.springframework.security.web.authentication.AnonymousAuthenticationFilter.doFilter(AnonymousAuthenticationFilter.java:100) ~[spring-security-web-6.4.2.jar!/:6.4.2]
		at org.springframework.security.web.FilterChainProxy$VirtualFilterChain.doFilter(FilterChainProxy.java:374) ~[spring-security-web-6.4.2.jar!/:6.4.2]
		at org.springframework.security.web.servletapi.SecurityContextHolderAwareRequestFilter.doFilter(SecurityContextHolderAwareRequestFilter.java:179) ~[spring-security-web-6.4.2.jar!/:6.4.2]
		at org.springframework.security.web.FilterChainProxy$VirtualFilterChain.doFilter(FilterChainProxy.java:374) ~[spring-security-web-6.4.2.jar!/:6.4.2]
		at org.springframework.security.web.savedrequest.RequestCacheAwareFilter.doFilter(RequestCacheAwareFilter.java:63) ~[spring-security-web-6.4.2.jar!/:6.4.2]
		at org.springframework.security.web.FilterChainProxy$VirtualFilterChain.doFilter(FilterChainProxy.java:374) ~[spring-security-web-6.4.2.jar!/:6.4.2]
		at com.cranberry.marketplace.security.JwtFilter.doFilterInternal(JwtFilter.java:40) ~[!/:0.0.1-SNAPSHOT]
		at org.springframework.web.filter.OncePerRequestFilter.doFilter(OncePerRequestFilter.java:116) ~[spring-web-6.2.2.jar!/:6.2.2]
		at org.springframework.security.web.FilterChainProxy$VirtualFilterChain.doFilter(FilterChainProxy.java:374) ~[spring-security-web-6.4.2.jar!/:6.4.2]
		at org.springframework.security.web.authentication.logout.LogoutFilter.doFilter(LogoutFilter.java:107) ~[spring-security-web-6.4.2.jar!/:6.4.2]
		at org.springframework.security.web.authentication.logout.LogoutFilter.doFilter(LogoutFilter.java:93) ~[spring-security-web-6.4.2.jar!/:6.4.2]
		at org.springframework.security.web.FilterChainProxy$VirtualFilterChain.doFilter(FilterChainProxy.java:374) ~[spring-security-web-6.4.2.jar!/:6.4.2]
		at org.springframework.web.filter.CorsFilter.doFilterInternal(CorsFilter.java:91) ~[spring-web-6.2.2.jar!/:6.2.2]
		at org.springframework.web.filter.OncePerRequestFilter.doFilter(OncePerRequestFilter.java:116) ~[spring-web-6.2.2.jar!/:6.2.2]
		at org.springframework.security.web.FilterChainProxy$VirtualFilterChain.doFilter(FilterChainProxy.java:374) ~[spring-security-web-6.4.2.jar!/:6.4.2]
		at org.springframework.security.web.header.HeaderWriterFilter.doHeadersAfter(HeaderWriterFilter.java:90) ~[spring-security-web-6.4.2.jar!/:6.4.2]
		at org.springframework.security.web.header.HeaderWriterFilter.doFilterInternal(HeaderWriterFilter.java:75) ~[spring-security-web-6.4.2.jar!/:6.4.2]
		at org.springframework.web.filter.OncePerRequestFilter.doFilter(OncePerRequestFilter.java:116) ~[spring-web-6.2.2.jar!/:6.2.2]
		at org.springframework.security.web.FilterChainProxy$VirtualFilterChain.doFilter(FilterChainProxy.java:374) ~[spring-security-web-6.4.2.jar!/:6.4.2]
		at org.springframework.security.web.context.SecurityContextHolderFilter.doFilter(SecurityContextHolderFilter.java:82) ~[spring-security-web-6.4.2.jar!/:6.4.2]
		at org.springframework.security.web.context.SecurityContextHolderFilter.doFilter(SecurityContextHolderFilter.java:69) ~[spring-security-web-6.4.2.jar!/:6.4.2]
		at org.springframework.security.web.FilterChainProxy$VirtualFilterChain.doFilter(FilterChainProxy.java:374) ~[spring-security-web-6.4.2.jar!/:6.4.2]
		at org.springframework.security.web.context.request.async.WebAsyncManagerIntegrationFilter.doFilterInternal(WebAsyncManagerIntegrationFilter.java:62) ~[spring-security-web-6.4.2.jar!/:6.4.2]
		at org.springframework.web.filter.OncePerRequestFilter.doFilter(OncePerRequestFilter.java:116) ~[spring-web-6.2.2.jar!/:6.2.2]
		at org.springframework.security.web.FilterChainProxy$VirtualFilterChain.doFilter(FilterChainProxy.java:374) ~[spring-security-web-6.4.2.jar!/:6.4.2]
		at org.springframework.security.web.session.DisableEncodeUrlFilter.doFilterInternal(DisableEncodeUrlFilter.java:42) ~[spring-security-web-6.4.2.jar!/:6.4.2]
		at org.springframework.web.filter.OncePerRequestFilter.doFilter(OncePerRequestFilter.java:116) ~[spring-web-6.2.2.jar!/:6.2.2]
		at org.springframework.security.web.FilterChainProxy$VirtualFilterChain.doFilter(FilterChainProxy.java:374) ~[spring-security-web-6.4.2.jar!/:6.4.2]
		at org.springframework.security.web.FilterChainProxy.doFilterInternal(FilterChainProxy.java:233) ~[spring-security-web-6.4.2.jar!/:6.4.2]
		at org.springframework.security.web.FilterChainProxy.doFilter(FilterChainProxy.java:191) ~[spring-security-web-6.4.2.jar!/:6.4.2]
		at org.springframework.web.filter.CompositeFilter$VirtualFilterChain.doFilter(CompositeFilter.java:113) ~[spring-web-6.2.2.jar!/:6.2.2]
		at org.springframework.web.servlet.handler.HandlerMappingIntrospector.lambda$createCacheFilter$3(HandlerMappingIntrospector.java:243) ~[spring-webmvc-6.2.2.jar!/:6.2.2]
		at org.springframework.web.filter.CompositeFilter$VirtualFilterChain.doFilter(CompositeFilter.java:113) ~[spring-web-6.2.2.jar!/:6.2.2]
		at org.springframework.web.filter.CompositeFilter.doFilter(CompositeFilter.java:74) ~[spring-web-6.2.2.jar!/:6.2.2]
		at org.springframework.security.config.annotation.web.configuration.WebMvcSecurityConfiguration$CompositeFilterChainProxy.doFilter(WebMvcSecurityConfiguration.java:238) ~[spring-security-config-6.4.2.jar!/:6.4.2]
		at org.springframework.web.filter.DelegatingFilterProxy.invokeDelegate(DelegatingFilterProxy.java:362) ~[spring-web-6.2.2.jar!/:6.2.2]
		at org.springframework.web.filter.DelegatingFilterProxy.doFilter(DelegatingFilterProxy.java:278) ~[spring-web-6.2.2.jar!/:6.2.2]
		at org.apache.catalina.core.ApplicationFilterChain.internalDoFilter(ApplicationFilterChain.java:164) ~[tomcat-embed-core-10.1.34.jar!/:na]
		at org.apache.catalina.core.ApplicationFilterChain.doFilter(ApplicationFilterChain.java:140) ~[tomcat-embed-core-10.1.34.jar!/:na]
		at org.springframework.web.filter.RequestContextFilter.doFilterInternal(RequestContextFilter.java:100) ~[spring-web-6.2.2.jar!/:6.2.2]
		at org.springframework.web.filter.OncePerRequestFilter.doFilter(OncePerRequestFilter.java:116) ~[spring-web-6.2.2.jar!/:6.2.2]
		at org.apache.catalina.core.ApplicationFilterChain.internalDoFilter(ApplicationFilterChain.java:164) ~[tomcat-embed-core-10.1.34.jar!/:na]
		at org.apache.catalina.core.ApplicationFilterChain.doFilter(ApplicationFilterChain.java:140) ~[tomcat-embed-core-10.1.34.jar!/:na]
		at org.springframework.web.filter.FormContentFilter.doFilterInternal(FormContentFilter.java:93) ~[spring-web-6.2.2.jar!/:6.2.2]
		at org.springframework.web.filter.OncePerRequestFilter.doFilter(OncePerRequestFilter.java:116) ~[spring-web-6.2.2.jar!/:6.2.2]
		at org.apache.catalina.core.ApplicationFilterChain.internalDoFilter(ApplicationFilterChain.java:164) ~[tomcat-embed-core-10.1.34.jar!/:na]
		at org.apache.catalina.core.ApplicationFilterChain.doFilter(ApplicationFilterChain.java:140) ~[tomcat-embed-core-10.1.34.jar!/:na]
		at org.springframework.web.filter.CharacterEncodingFilter.doFilterInternal(CharacterEncodingFilter.java:201) ~[spring-web-6.2.2.jar!/:6.2.2]
		at org.springframework.web.filter.OncePerRequestFilter.doFilter(OncePerRequestFilter.java:116) ~[spring-web-6.2.2.jar!/:6.2.2]
		at org.apache.catalina.core.ApplicationFilterChain.internalDoFilter(ApplicationFilterChain.java:164) ~[tomcat-embed-core-10.1.34.jar!/:na]
		at org.apache.catalina.core.ApplicationFilterChain.doFilter(ApplicationFilterChain.java:140) ~[tomcat-embed-core-10.1.34.jar!/:na]
		at org.apache.catalina.core.StandardWrapperValve.invoke(StandardWrapperValve.java:167) ~[tomcat-embed-core-10.1.34.jar!/:na]
		at org.apache.catalina.core.StandardContextValve.invoke(StandardContextValve.java:90) ~[tomcat-embed-core-10.1.34.jar!/:na]
		at org.apache.catalina.authenticator.AuthenticatorBase.invoke(AuthenticatorBase.java:483) ~[tomcat-embed-core-10.1.34.jar!/:na]
		at org.apache.catalina.core.StandardHostValve.invoke(StandardHostValve.java:115) ~[tomcat-embed-core-10.1.34.jar!/:na]
		at org.apache.catalina.valves.ErrorReportValve.invoke(ErrorReportValve.java:93) ~[tomcat-embed-core-10.1.34.jar!/:na]
		at org.apache.catalina.core.StandardEngineValve.invoke(StandardEngineValve.java:74) ~[tomcat-embed-core-10.1.34.jar!/:na]
		at org.apache.catalina.connector.CoyoteAdapter.service(CoyoteAdapter.java:344) ~[tomcat-embed-core-10.1.34.jar!/:na]
		at org.apache.coyote.http11.Http11Processor.service(Http11Processor.java:397) ~[tomcat-embed-core-10.1.34.jar!/:na]
		at org.apache.coyote.AbstractProcessorLight.process(AbstractProcessorLight.java:63) ~[tomcat-embed-core-10.1.34.jar!/:na]
		at org.apache.coyote.AbstractProtocol$ConnectionHandler.process(AbstractProtocol.java:905) ~[tomcat-embed-core-10.1.34.jar!/:na]
		at org.apache.tomcat.util.net.NioEndpoint$SocketProcessor.doRun(NioEndpoint.java:1741) ~[tomcat-embed-core-10.1.34.jar!/:na]
		at org.apache.tomcat.util.net.SocketProcessorBase.run(SocketProcessorBase.java:52) ~[tomcat-embed-core-10.1.34.jar!/:na]
		at org.apache.tomcat.util.threads.ThreadPoolExecutor.runWorker(ThreadPoolExecutor.java:1190) ~[tomcat-embed-core-10.1.34.jar!/:na]
		at org.apache.tomcat.util.threads.ThreadPoolExecutor$Worker.run(ThreadPoolExecutor.java:659) ~[tomcat-embed-core-10.1.34.jar!/:na]
		at org.apache.tomcat.util.threads.TaskThread$WrappingRunnable.run(TaskThread.java:63) ~[tomcat-embed-core-10.1.34.jar!/:na]
		at java.base/java.lang.Thread.run(Thread.java:842) ~[na:na]

2026-01-27T23:50:45.008+05:30  INFO 7183 --- [nio-8080-exec-3] c.c.marketplace.ai.OrderInsightsService  : Summary generated
2026-01-27T23:50:45.008+05:30 ERROR 7183 --- [nio-8080-exec-3] c.c.marketplace.ai.OrderInsightsService  : Error in generateInsights: 

org.hibernate.LazyInitializationException: failed to lazily initialize a collection of role: com.cranberry.marketplace.model.Order.items: could not initialize proxy - no Session
	at org.hibernate.collection.spi.AbstractPersistentCollection.throwLazyInitializationException(AbstractPersistentCollection.java:635) ~[hibernate-core-6.6.5.Final.jar!/:6.6.5.Final]
	at org.hibernate.collection.spi.AbstractPersistentCollection.withTemporarySessionIfNeeded(AbstractPersistentCollection.java:219) ~[hibernate-core-6.6.5.Final.jar!/:6.6.5.Final]
	at org.hibernate.collection.spi.AbstractPersistentCollection.initialize(AbstractPersistentCollection.java:614) ~[hibernate-core-6.6.5.Final.jar!/:6.6.5.Final]
	at org.hibernate.collection.spi.AbstractPersistentCollection.read(AbstractPersistentCollection.java:138) ~[hibernate-core-6.6.5.Final.jar!/:6.6.5.Final]
	at org.hibernate.collection.spi.PersistentBag.iterator(PersistentBag.java:369) ~[hibernate-core-6.6.5.Final.jar!/:6.6.5.Final]
	at com.cranberry.marketplace.ai.OrderInsightsService.getTopProducts(OrderInsightsService.java:325) ~[!/:0.0.1-SNAPSHOT]
	at com.cranberry.marketplace.ai.OrderInsightsService.generateInsights(OrderInsightsService.java:87) ~[!/:0.0.1-SNAPSHOT]
	at com.cranberry.marketplace.ai.AiController.getOrderInsights(AiController.java:100) ~[!/:0.0.1-SNAPSHOT]
	at java.base/jdk.internal.reflect.NativeMethodAccessorImpl.invoke0(Native Method) ~[na:na]
	at java.base/jdk.internal.reflect.NativeMethodAccessorImpl.invoke(NativeMethodAccessorImpl.java:77) ~[na:na]
	at java.base/jdk.internal.reflect.DelegatingMethodAccessorImpl.invoke(DelegatingMethodAccessorImpl.java:43) ~[na:na]
	at java.base/java.lang.reflect.Method.invoke(Method.java:568) ~[na:na]
	at org.springframework.web.method.support.InvocableHandlerMethod.doInvoke(InvocableHandlerMethod.java:257) ~[spring-web-6.2.2.jar!/:6.2.2]
	at org.springframework.web.method.support.InvocableHandlerMethod.invokeForRequest(InvocableHandlerMethod.java:190) ~[spring-web-6.2.2.jar!/:6.2.2]
	at org.springframework.web.servlet.mvc.method.annotation.ServletInvocableHandlerMethod.invokeAndHandle(ServletInvocableHandlerMethod.java:118) ~[spring-webmvc-6.2.2.jar!/:6.2.2]
	at org.springframework.web.servlet.mvc.method.annotation.RequestMappingHandlerAdapter.invokeHandlerMethod(RequestMappingHandlerAdapter.java:986) ~[spring-webmvc-6.2.2.jar!/:6.2.2]
	at org.springframework.web.servlet.mvc.method.annotation.RequestMappingHandlerAdapter.handleInternal(RequestMappingHandlerAdapter.java:891) ~[spring-webmvc-6.2.2.jar!/:6.2.2]
	at org.springframework.web.servlet.mvc.method.AbstractHandlerMethodAdapter.handle(AbstractHandlerMethodAdapter.java:87) ~[spring-webmvc-6.2.2.jar!/:6.2.2]
	at org.springframework.web.servlet.DispatcherServlet.doDispatch(DispatcherServlet.java:1088) ~[spring-webmvc-6.2.2.jar!/:6.2.2]
	at org.springframework.web.servlet.DispatcherServlet.doService(DispatcherServlet.java:978) ~[spring-webmvc-6.2.2.jar!/:6.2.2]
	at org.springframework.web.servlet.FrameworkServlet.processRequest(FrameworkServlet.java:1014) ~[spring-webmvc-6.2.2.jar!/:6.2.2]
	at org.springframework.web.servlet.FrameworkServlet.doGet(FrameworkServlet.java:903) ~[spring-webmvc-6.2.2.jar!/:6.2.2]
	at jakarta.servlet.http.HttpServlet.service(HttpServlet.java:564) ~[tomcat-embed-core-10.1.34.jar!/:na]
	at org.springframework.web.servlet.FrameworkServlet.service(FrameworkServlet.java:885) ~[spring-webmvc-6.2.2.jar!/:6.2.2]
	at jakarta.servlet.http.HttpServlet.service(HttpServlet.java:658) ~[tomcat-embed-core-10.1.34.jar!/:na]
	at org.apache.catalina.core.ApplicationFilterChain.internalDoFilter(ApplicationFilterChain.java:195) ~[tomcat-embed-core-10.1.34.jar!/:na]
	at org.apache.catalina.core.ApplicationFilterChain.doFilter(ApplicationFilterChain.java:140) ~[tomcat-embed-core-10.1.34.jar!/:na]
	at org.apache.tomcat.websocket.server.WsFilter.doFilter(WsFilter.java:51) ~[tomcat-embed-websocket-10.1.34.jar!/:na]
	at org.apache.catalina.core.ApplicationFilterChain.internalDoFilter(ApplicationFilterChain.java:164) ~[tomcat-embed-core-10.1.34.jar!/:na]
	at org.apache.catalina.core.ApplicationFilterChain.doFilter(ApplicationFilterChain.java:140) ~[tomcat-embed-core-10.1.34.jar!/:na]
	at org.springframework.web.filter.CorsFilter.doFilterInternal(CorsFilter.java:91) ~[spring-web-6.2.2.jar!/:6.2.2]
	at org.springframework.web.filter.OncePerRequestFilter.doFilter(OncePerRequestFilter.java:116) ~[spring-web-6.2.2.jar!/:6.2.2]
	at org.apache.catalina.core.ApplicationFilterChain.internalDoFilter(ApplicationFilterChain.java:164) ~[tomcat-embed-core-10.1.34.jar!/:na]
	at org.apache.catalina.core.ApplicationFilterChain.doFilter(ApplicationFilterChain.java:140) ~[tomcat-embed-core-10.1.34.jar!/:na]
	at org.springframework.web.filter.CompositeFilter$VirtualFilterChain.doFilter(CompositeFilter.java:108) ~[spring-web-6.2.2.jar!/:6.2.2]
	at org.springframework.security.web.FilterChainProxy.lambda$doFilterInternal$3(FilterChainProxy.java:231) ~[spring-security-web-6.4.2.jar!/:6.4.2]
	at org.springframework.security.web.FilterChainProxy$VirtualFilterChain.doFilter(FilterChainProxy.java:365) ~[spring-security-web-6.4.2.jar!/:6.4.2]
	at org.springframework.security.web.access.intercept.AuthorizationFilter.doFilter(AuthorizationFilter.java:101) ~[spring-security-web-6.4.2.jar!/:6.4.2]
	at org.springframework.security.web.FilterChainProxy$VirtualFilterChain.doFilter(FilterChainProxy.java:374) ~[spring-security-web-6.4.2.jar!/:6.4.2]
	at org.springframework.security.web.access.ExceptionTranslationFilter.doFilter(ExceptionTranslationFilter.java:126) ~[spring-security-web-6.4.2.jar!/:6.4.2]
	at org.springframework.security.web.access.ExceptionTranslationFilter.doFilter(ExceptionTranslationFilter.java:120) ~[spring-security-web-6.4.2.jar!/:6.4.2]
	at org.springframework.security.web.FilterChainProxy$VirtualFilterChain.doFilter(FilterChainProxy.java:374) ~[spring-security-web-6.4.2.jar!/:6.4.2]
	at org.springframework.security.web.session.SessionManagementFilter.doFilter(SessionManagementFilter.java:131) ~[spring-security-web-6.4.2.jar!/:6.4.2]
	at org.springframework.security.web.session.SessionManagementFilter.doFilter(SessionManagementFilter.java:85) ~[spring-security-web-6.4.2.jar!/:6.4.2]
	at org.springframework.security.web.FilterChainProxy$VirtualFilterChain.doFilter(FilterChainProxy.java:374) ~[spring-security-web-6.4.2.jar!/:6.4.2]
	at org.springframework.security.web.authentication.AnonymousAuthenticationFilter.doFilter(AnonymousAuthenticationFilter.java:100) ~[spring-security-web-6.4.2.jar!/:6.4.2]
	at org.springframework.security.web.FilterChainProxy$VirtualFilterChain.doFilter(FilterChainProxy.java:374) ~[spring-security-web-6.4.2.jar!/:6.4.2]
	at org.springframework.security.web.servletapi.SecurityContextHolderAwareRequestFilter.doFilter(SecurityContextHolderAwareRequestFilter.java:179) ~[spring-security-web-6.4.2.jar!/:6.4.2]
	at org.springframework.security.web.FilterChainProxy$VirtualFilterChain.doFilter(FilterChainProxy.java:374) ~[spring-security-web-6.4.2.jar!/:6.4.2]
	at org.springframework.security.web.savedrequest.RequestCacheAwareFilter.doFilter(RequestCacheAwareFilter.java:63) ~[spring-security-web-6.4.2.jar!/:6.4.2]
	at org.springframework.security.web.FilterChainProxy$VirtualFilterChain.doFilter(FilterChainProxy.java:374) ~[spring-security-web-6.4.2.jar!/:6.4.2]
	at com.cranberry.marketplace.security.JwtFilter.doFilterInternal(JwtFilter.java:40) ~[!/:0.0.1-SNAPSHOT]
	at org.springframework.web.filter.OncePerRequestFilter.doFilter(OncePerRequestFilter.java:116) ~[spring-web-6.2.2.jar!/:6.2.2]
	at org.springframework.security.web.FilterChainProxy$VirtualFilterChain.doFilter(FilterChainProxy.java:374) ~[spring-security-web-6.4.2.jar!/:6.4.2]
	at org.springframework.security.web.authentication.logout.LogoutFilter.doFilter(LogoutFilter.java:107) ~[spring-security-web-6.4.2.jar!/:6.4.2]
	at org.springframework.security.web.authentication.logout.LogoutFilter.doFilter(LogoutFilter.java:93) ~[spring-security-web-6.4.2.jar!/:6.4.2]
	at org.springframework.security.web.FilterChainProxy$VirtualFilterChain.doFilter(FilterChainProxy.java:374) ~[spring-security-web-6.4.2.jar!/:6.4.2]
	at org.springframework.web.filter.CorsFilter.doFilterInternal(CorsFilter.java:91) ~[spring-web-6.2.2.jar!/:6.2.2]
	at org.springframework.web.filter.OncePerRequestFilter.doFilter(OncePerRequestFilter.java:116) ~[spring-web-6.2.2.jar!/:6.2.2]
	at org.springframework.security.web.FilterChainProxy$VirtualFilterChain.doFilter(FilterChainProxy.java:374) ~[spring-security-web-6.4.2.jar!/:6.4.2]
	at org.springframework.security.web.header.HeaderWriterFilter.doHeadersAfter(HeaderWriterFilter.java:90) ~[spring-security-web-6.4.2.jar!/:6.4.2]
	at org.springframework.security.web.header.HeaderWriterFilter.doFilterInternal(HeaderWriterFilter.java:75) ~[spring-security-web-6.4.2.jar!/:6.4.2]
	at org.springframework.web.filter.OncePerRequestFilter.doFilter(OncePerRequestFilter.java:116) ~[spring-web-6.2.2.jar!/:6.2.2]
	at org.springframework.security.web.FilterChainProxy$VirtualFilterChain.doFilter(FilterChainProxy.java:374) ~[spring-security-web-6.4.2.jar!/:6.4.2]
	at org.springframework.security.web.context.SecurityContextHolderFilter.doFilter(SecurityContextHolderFilter.java:82) ~[spring-security-web-6.4.2.jar!/:6.4.2]
	at org.springframework.security.web.context.SecurityContextHolderFilter.doFilter(SecurityContextHolderFilter.java:69) ~[spring-security-web-6.4.2.jar!/:6.4.2]
	at org.springframework.security.web.FilterChainProxy$VirtualFilterChain.doFilter(FilterChainProxy.java:374) ~[spring-security-web-6.4.2.jar!/:6.4.2]
	at org.springframework.security.web.context.request.async.WebAsyncManagerIntegrationFilter.doFilterInternal(WebAsyncManagerIntegrationFilter.java:62) ~[spring-security-web-6.4.2.jar!/:6.4.2]
	at org.springframework.web.filter.OncePerRequestFilter.doFilter(OncePerRequestFilter.java:116) ~[spring-web-6.2.2.jar!/:6.2.2]
	at org.springframework.security.web.FilterChainProxy$VirtualFilterChain.doFilter(FilterChainProxy.java:374) ~[spring-security-web-6.4.2.jar!/:6.4.2]
	at org.springframework.security.web.session.DisableEncodeUrlFilter.doFilterInternal(DisableEncodeUrlFilter.java:42) ~[spring-security-web-6.4.2.jar!/:6.4.2]
	at org.springframework.web.filter.OncePerRequestFilter.doFilter(OncePerRequestFilter.java:116) ~[spring-web-6.2.2.jar!/:6.2.2]
	at org.springframework.security.web.FilterChainProxy$VirtualFilterChain.doFilter(FilterChainProxy.java:374) ~[spring-security-web-6.4.2.jar!/:6.4.2]
	at org.springframework.security.web.FilterChainProxy.doFilterInternal(FilterChainProxy.java:233) ~[spring-security-web-6.4.2.jar!/:6.4.2]
	at org.springframework.security.web.FilterChainProxy.doFilter(FilterChainProxy.java:191) ~[spring-security-web-6.4.2.jar!/:6.4.2]
	at org.springframework.web.filter.CompositeFilter$VirtualFilterChain.doFilter(CompositeFilter.java:113) ~[spring-web-6.2.2.jar!/:6.2.2]
	at org.springframework.web.servlet.handler.HandlerMappingIntrospector.lambda$createCacheFilter$3(HandlerMappingIntrospector.java:243) ~[spring-webmvc-6.2.2.jar!/:6.2.2]
	at org.springframework.web.filter.CompositeFilter$VirtualFilterChain.doFilter(CompositeFilter.java:113) ~[spring-web-6.2.2.jar!/:6.2.2]
	at org.springframework.web.filter.CompositeFilter.doFilter(CompositeFilter.java:74) ~[spring-web-6.2.2.jar!/:6.2.2]
	at org.springframework.security.config.annotation.web.configuration.WebMvcSecurityConfiguration$CompositeFilterChainProxy.doFilter(WebMvcSecurityConfiguration.java:238) ~[spring-security-config-6.4.2.jar!/:6.4.2]
	at org.springframework.web.filter.DelegatingFilterProxy.invokeDelegate(DelegatingFilterProxy.java:362) ~[spring-web-6.2.2.jar!/:6.2.2]
	at org.springframework.web.filter.DelegatingFilterProxy.doFilter(DelegatingFilterProxy.java:278) ~[spring-web-6.2.2.jar!/:6.2.2]
	at org.apache.catalina.core.ApplicationFilterChain.internalDoFilter(ApplicationFilterChain.java:164) ~[tomcat-embed-core-10.1.34.jar!/:na]
	at org.apache.catalina.core.ApplicationFilterChain.doFilter(ApplicationFilterChain.java:140) ~[tomcat-embed-core-10.1.34.jar!/:na]
	at org.springframework.web.filter.RequestContextFilter.doFilterInternal(RequestContextFilter.java:100) ~[spring-web-6.2.2.jar!/:6.2.2]
	at org.springframework.web.filter.OncePerRequestFilter.doFilter(OncePerRequestFilter.java:116) ~[spring-web-6.2.2.jar!/:6.2.2]
	at org.apache.catalina.core.ApplicationFilterChain.internalDoFilter(ApplicationFilterChain.java:164) ~[tomcat-embed-core-10.1.34.jar!/:na]
	at org.apache.catalina.core.ApplicationFilterChain.doFilter(ApplicationFilterChain.java:140) ~[tomcat-embed-core-10.1.34.jar!/:na]
	at org.springframework.web.filter.FormContentFilter.doFilterInternal(FormContentFilter.java:93) ~[spring-web-6.2.2.jar!/:6.2.2]
	at org.springframework.web.filter.OncePerRequestFilter.doFilter(OncePerRequestFilter.java:116) ~[spring-web-6.2.2.jar!/:6.2.2]
	at org.apache.catalina.core.ApplicationFilterChain.internalDoFilter(ApplicationFilterChain.java:164) ~[tomcat-embed-core-10.1.34.jar!/:na]
	at org.apache.catalina.core.ApplicationFilterChain.doFilter(ApplicationFilterChain.java:140) ~[tomcat-embed-core-10.1.34.jar!/:na]
	at org.springframework.web.filter.CharacterEncodingFilter.doFilterInternal(CharacterEncodingFilter.java:201) ~[spring-web-6.2.2.jar!/:6.2.2]
	at org.springframework.web.filter.OncePerRequestFilter.doFilter(OncePerRequestFilter.java:116) ~[spring-web-6.2.2.jar!/:6.2.2]
	at org.apache.catalina.core.ApplicationFilterChain.internalDoFilter(ApplicationFilterChain.java:164) ~[tomcat-embed-core-10.1.34.jar!/:na]
	at org.apache.catalina.core.ApplicationFilterChain.doFilter(ApplicationFilterChain.java:140) ~[tomcat-embed-core-10.1.34.jar!/:na]
	at org.apache.catalina.core.StandardWrapperValve.invoke(StandardWrapperValve.java:167) ~[tomcat-embed-core-10.1.34.jar!/:na]
	at org.apache.catalina.core.StandardContextValve.invoke(StandardContextValve.java:90) ~[tomcat-embed-core-10.1.34.jar!/:na]
	at org.apache.catalina.authenticator.AuthenticatorBase.invoke(AuthenticatorBase.java:483) ~[tomcat-embed-core-10.1.34.jar!/:na]
	at org.apache.catalina.core.StandardHostValve.invoke(StandardHostValve.java:115) ~[tomcat-embed-core-10.1.34.jar!/:na]
	at org.apache.catalina.valves.ErrorReportValve.invoke(ErrorReportValve.java:93) ~[tomcat-embed-core-10.1.34.jar!/:na]
	at org.apache.catalina.core.StandardEngineValve.invoke(StandardEngineValve.java:74) ~[tomcat-embed-core-10.1.34.jar!/:na]
	at org.apache.catalina.connector.CoyoteAdapter.service(CoyoteAdapter.java:344) ~[tomcat-embed-core-10.1.34.jar!/:na]
	at org.apache.coyote.http11.Http11Processor.service(Http11Processor.java:397) ~[tomcat-embed-core-10.1.34.jar!/:na]
	at org.apache.coyote.AbstractProcessorLight.process(AbstractProcessorLight.java:63) ~[tomcat-embed-core-10.1.34.jar!/:na]
	at org.apache.coyote.AbstractProtocol$ConnectionHandler.process(AbstractProtocol.java:905) ~[tomcat-embed-core-10.1.34.jar!/:na]
	at org.apache.tomcat.util.net.NioEndpoint$SocketProcessor.doRun(NioEndpoint.java:1741) ~[tomcat-embed-core-10.1.34.jar!/:na]
	at org.apache.tomcat.util.net.SocketProcessorBase.run(SocketProcessorBase.java:52) ~[tomcat-embed-core-10.1.34.jar!/:na]
	at org.apache.tomcat.util.threads.ThreadPoolExecutor.runWorker(ThreadPoolExecutor.java:1190) ~[tomcat-embed-core-10.1.34.jar!/:na]
	at org.apache.tomcat.util.threads.ThreadPoolExecutor$Worker.run(ThreadPoolExecutor.java:659) ~[tomcat-embed-core-10.1.34.jar!/:na]
	at org.apache.tomcat.util.threads.TaskThread$WrappingRunnable.run(TaskThread.java:63) ~[tomcat-embed-core-10.1.34.jar!/:na]
	at java.base/java.lang.Thread.run(Thread.java:842) ~[na:na]

Hibernate: select p1_0.id,p1_0.category,p1_0.description,p1_0.image_url,p1_0.name,p1_0.price,p1_0.status,p1_0.stock,p1_0.vendor_id from product p1_0
Hibernate: select v1_0.id,v1_0.address,v1_0.contact_email,v1_0.contact_phone,v1_0.created_at,v1_0.logo_url,v1_0.shop_name,v1_0.status,u1_0.id,u1_0.email,u1_0.name,u1_0.password,u1_0.role from vendor v1_0 left join users u1_0 on u1_0.id=v1_0.user_id where v1_0.id=?
Hibernate: select v1_0.id,v1_0.address,v1_0.contact_email,v1_0.contact_phone,v1_0.created_at,v1_0.logo_url,v1_0.shop_name,v1_0.status,u1_0.id,u1_0.email,u1_0.name,u1_0.password,u1_0.role from vendor v1_0 left join users u1_0 on u1_0.id=v1_0.user_id where v1_0.id=?
Hibernate: select v1_0.id,v1_0.address,v1_0.contact_email,v1_0.contact_phone,v1_0.created_at,v1_0.logo_url,v1_0.shop_name,v1_0.status,u1_0.id,u1_0.email,u1_0.name,u1_0.password,u1_0.role from vendor v1_0 left join users u1_0 on u1_0.id=v1_0.user_id where v1_0.id=?
Hibernate: select v1_0.id,v1_0.address,v1_0.contact_email,v1_0.contact_phone,v1_0.created_at,v1_0.logo_url,v1_0.shop_name,v1_0.status,u1_0.id,u1_0.email,u1_0.name,u1_0.password,u1_0.role from vendor v1_0 left join users u1_0 on u1_0.id=v1_0.user_id where v1_0.id=?
Hibernate: select p1_0.id,p1_0.category,p1_0.description,p1_0.image_url,p1_0.name,p1_0.price,p1_0.status,p1_0.stock,p1_0.vendor_id from product p1_0
Hibernate: select v1_0.id,v1_0.address,v1_0.contact_email,v1_0.contact_phone,v1_0.created_at,v1_0.logo_url,v1_0.shop_name,v1_0.status,u1_0.id,u1_0.email,u1_0.name,u1_0.password,u1_0.role from vendor v1_0 left join users u1_0 on u1_0.id=v1_0.user_id where v1_0.id=?
Hibernate: select v1_0.id,v1_0.address,v1_0.contact_email,v1_0.contact_phone,v1_0.created_at,v1_0.logo_url,v1_0.shop_name,v1_0.status,u1_0.id,u1_0.email,u1_0.name,u1_0.password,u1_0.role from vendor v1_0 left join users u1_0 on u1_0.id=v1_0.user_id where v1_0.id=?
Hibernate: select v1_0.id,v1_0.address,v1_0.contact_email,v1_0.contact_phone,v1_0.created_at,v1_0.logo_url,v1_0.shop_name,v1_0.status,u1_0.id,u1_0.email,u1_0.name,u1_0.password,u1_0.role from vendor v1_0 left join users u1_0 on u1_0.id=v1_0.user_id where v1_0.id=?
Hibernate: select v1_0.id,v1_0.address,v1_0.contact_email,v1_0.contact_phone,v1_0.created_at,v1_0.logo_url,v1_0.shop_name,v1_0.status,u1_0.id,u1_0.email,u1_0.name,u1_0.password,u1_0.role from vendor v1_0 left join users u1_0 on u1_0.id=v1_0.user_id where v1_0.id=?
Hibernate: select v1_0.id,v1_0.address,v1_0.contact_email,v1_0.contact_phone,v1_0.created_at,v1_0.logo_url,v1_0.shop_name,v1_0.status,v1_0.user_id from vendor v1_0
Hibernate: select u1_0.id,u1_0.email,u1_0.name,u1_0.password,u1_0.role from users u1_0 where u1_0.id=?
Hibernate: select u1_0.id,u1_0.email,u1_0.name,u1_0.password,u1_0.role from users u1_0 where u1_0.id=?
Hibernate: select u1_0.id,u1_0.email,u1_0.name,u1_0.password,u1_0.role from users u1_0 where u1_0.id=?
Hibernate: select u1_0.id,u1_0.email,u1_0.name,u1_0.password,u1_0.role from users u1_0 where u1_0.id=?
Hibernate: select count(p1_0.id) from product p1_0 left join vendor v1_0 on v1_0.id=p1_0.vendor_id where v1_0.id=?
Hibernate: select count(p1_0.id) from product p1_0 left join vendor v1_0 on v1_0.id=p1_0.vendor_id where v1_0.id=?
Hibernate: select count(p1_0.id) from product p1_0 left join vendor v1_0 on v1_0.id=p1_0.vendor_id where v1_0.id=?
Hibernate: select count(p1_0.id) from product p1_0 left join vendor v1_0 on v1_0.id=p1_0.vendor_id where v1_0.id=?
Hibernate: select v1_0.id,v1_0.address,v1_0.contact_email,v1_0.contact_phone,v1_0.created_at,v1_0.logo_url,v1_0.shop_name,v1_0.status,v1_0.user_id from vendor v1_0
Hibernate: select u1_0.id,u1_0.email,u1_0.name,u1_0.password,u1_0.role from users u1_0 where u1_0.id=?
Hibernate: select u1_0.id,u1_0.email,u1_0.name,u1_0.password,u1_0.role from users u1_0 where u1_0.id=?
Hibernate: select u1_0.id,u1_0.email,u1_0.name,u1_0.password,u1_0.role from users u1_0 where u1_0.id=?
Hibernate: select u1_0.id,u1_0.email,u1_0.name,u1_0.password,u1_0.role from users u1_0 where u1_0.id=?
Hibernate: select count(p1_0.id) from product p1_0 left join vendor v1_0 on v1_0.id=p1_0.vendor_id where v1_0.id=?
Hibernate: select count(p1_0.id) from product p1_0 left join vendor v1_0 on v1_0.id=p1_0.vendor_id where v1_0.id=?
Hibernate: select count(p1_0.id) from product p1_0 left join vendor v1_0 on v1_0.id=p1_0.vendor_id where v1_0.id=?
Hibernate: select count(p1_0.id) from product p1_0 left join vendor v1_0 on v1_0.id=p1_0.vendor_id where v1_0.id=?
Hibernate: select p1_0.id,p1_0.category,p1_0.description,p1_0.image_url,p1_0.name,p1_0.price,p1_0.status,p1_0.stock,p1_0.vendor_id from product p1_0
Hibernate: select v1_0.id,v1_0.address,v1_0.contact_email,v1_0.contact_phone,v1_0.created_at,v1_0.logo_url,v1_0.shop_name,v1_0.status,u1_0.id,u1_0.email,u1_0.name,u1_0.password,u1_0.role from vendor v1_0 left join users u1_0 on u1_0.id=v1_0.user_id where v1_0.id=?
Hibernate: select v1_0.id,v1_0.address,v1_0.contact_email,v1_0.contact_phone,v1_0.created_at,v1_0.logo_url,v1_0.shop_name,v1_0.status,u1_0.id,u1_0.email,u1_0.name,u1_0.password,u1_0.role from vendor v1_0 left join users u1_0 on u1_0.id=v1_0.user_id where v1_0.id=?
Hibernate: select v1_0.id,v1_0.address,v1_0.contact_email,v1_0.contact_phone,v1_0.created_at,v1_0.logo_url,v1_0.shop_name,v1_0.status,u1_0.id,u1_0.email,u1_0.name,u1_0.password,u1_0.role from vendor v1_0 left join users u1_0 on u1_0.id=v1_0.user_id where v1_0.id=?
Hibernate: select v1_0.id,v1_0.address,v1_0.contact_email,v1_0.contact_phone,v1_0.created_at,v1_0.logo_url,v1_0.shop_name,v1_0.status,u1_0.id,u1_0.email,u1_0.name,u1_0.password,u1_0.role from vendor v1_0 left join users u1_0 on u1_0.id=v1_0.user_id where v1_0.id=?
Hibernate: select p1_0.id,p1_0.category,p1_0.description,p1_0.image_url,p1_0.name,p1_0.price,p1_0.status,p1_0.stock,p1_0.vendor_id from product p1_0
Hibernate: select v1_0.id,v1_0.address,v1_0.contact_email,v1_0.contact_phone,v1_0.created_at,v1_0.logo_url,v1_0.shop_name,v1_0.status,u1_0.id,u1_0.email,u1_0.name,u1_0.password,u1_0.role from vendor v1_0 left join users u1_0 on u1_0.id=v1_0.user_id where v1_0.id=?
Hibernate: select v1_0.id,v1_0.address,v1_0.contact_email,v1_0.contact_phone,v1_0.created_at,v1_0.logo_url,v1_0.shop_name,v1_0.status,u1_0.id,u1_0.email,u1_0.name,u1_0.password,u1_0.role from vendor v1_0 left join users u1_0 on u1_0.id=v1_0.user_id where v1_0.id=?
Hibernate: select v1_0.id,v1_0.address,v1_0.contact_email,v1_0.contact_phone,v1_0.created_at,v1_0.logo_url,v1_0.shop_name,v1_0.status,u1_0.id,u1_0.email,u1_0.name,u1_0.password,u1_0.role from vendor v1_0 left join users u1_0 on u1_0.id=v1_0.user_id where v1_0.id=?
Hibernate: select v1_0.id,v1_0.address,v1_0.contact_email,v1_0.contact_phone,v1_0.created_at,v1_0.logo_url,v1_0.shop_name,v1_0.status,u1_0.id,u1_0.email,u1_0.name,u1_0.password,u1_0.role from vendor v1_0 left join users u1_0 on u1_0.id=v1_0.user_id where v1_0.id=?
Hibernate: select v1_0.id,v1_0.address,v1_0.contact_email,v1_0.contact_phone,v1_0.created_at,v1_0.logo_url,v1_0.shop_name,v1_0.status,v1_0.user_id from vendor v1_0
Hibernate: select u1_0.id,u1_0.email,u1_0.name,u1_0.password,u1_0.role from users u1_0 where u1_0.id=?
Hibernate: select u1_0.id,u1_0.email,u1_0.name,u1_0.password,u1_0.role from users u1_0 where u1_0.id=?
Hibernate: select u1_0.id,u1_0.email,u1_0.name,u1_0.password,u1_0.role from users u1_0 where u1_0.id=?
Hibernate: select u1_0.id,u1_0.email,u1_0.name,u1_0.password,u1_0.role from users u1_0 where u1_0.id=?
Hibernate: select count(p1_0.id) from product p1_0 left join vendor v1_0 on v1_0.id=p1_0.vendor_id where v1_0.id=?
Hibernate: select count(p1_0.id) from product p1_0 left join vendor v1_0 on v1_0.id=p1_0.vendor_id where v1_0.id=?
Hibernate: select count(p1_0.id) from product p1_0 left join vendor v1_0 on v1_0.id=p1_0.vendor_id where v1_0.id=?
Hibernate: select count(p1_0.id) from product p1_0 left join vendor v1_0 on v1_0.id=p1_0.vendor_id where v1_0.id=?
Hibernate: select v1_0.id,v1_0.address,v1_0.contact_email,v1_0.contact_phone,v1_0.created_at,v1_0.logo_url,v1_0.shop_name,v1_0.status,v1_0.user_id from vendor v1_0
Hibernate: select u1_0.id,u1_0.email,u1_0.name,u1_0.password,u1_0.role from users u1_0 where u1_0.id=?
Hibernate: select u1_0.id,u1_0.email,u1_0.name,u1_0.password,u1_0.role from users u1_0 where u1_0.id=?
Hibernate: select u1_0.id,u1_0.email,u1_0.name,u1_0.password,u1_0.role from users u1_0 where u1_0.id=?
Hibernate: select u1_0.id,u1_0.email,u1_0.name,u1_0.password,u1_0.role from users u1_0 where u1_0.id=?
Hibernate: select count(p1_0.id) from product p1_0 left join vendor v1_0 on v1_0.id=p1_0.vendor_id where v1_0.id=?
Hibernate: select count(p1_0.id) from product p1_0 left join vendor v1_0 on v1_0.id=p1_0.vendor_id where v1_0.id=?
Hibernate: select count(p1_0.id) from product p1_0 left join vendor v1_0 on v1_0.id=p1_0.vendor_id where v1_0.id=?
Hibernate: select count(p1_0.id) from product p1_0 left join vendor v1_0 on v1_0.id=p1_0.vendor_id where v1_0.id=?
Hibernate: select v1_0.id,v1_0.address,v1_0.contact_email,v1_0.contact_phone,v1_0.created_at,v1_0.logo_url,v1_0.shop_name,v1_0.status,v1_0.user_id from vendor v1_0
Hibernate: select count(*) from users u1_0
Hibernate: select u1_0.id,u1_0.email,u1_0.name,u1_0.password,u1_0.role from users u1_0 where u1_0.id=?
Hibernate: select u1_0.id,u1_0.email,u1_0.name,u1_0.password,u1_0.role from users u1_0 where u1_0.id=?
Hibernate: select u1_0.id,u1_0.email,u1_0.name,u1_0.password,u1_0.role from users u1_0 where u1_0.id=?
Hibernate: select count(*) from product p1_0
Hibernate: select u1_0.id,u1_0.email,u1_0.name,u1_0.password,u1_0.role from users u1_0 where u1_0.id=?
Hibernate: select o1_0.id,o1_0.created_at,o1_0.estimated_delivery_date,o1_0.shipping_address,o1_0.status,o1_0.total_amount,o1_0.tracking_number,o1_0.updated_at,o1_0.user_id from orders o1_0
Hibernate: select u1_0.id,u1_0.email,u1_0.name,u1_0.password,u1_0.role from users u1_0 where u1_0.id=?
Hibernate: select v1_0.id,v1_0.address,v1_0.contact_email,v1_0.contact_phone,v1_0.created_at,v1_0.logo_url,v1_0.shop_name,v1_0.status,v1_0.user_id from vendor v1_0
Hibernate: select v1_0.id,v1_0.address,v1_0.contact_email,v1_0.contact_phone,v1_0.created_at,v1_0.logo_url,v1_0.shop_name,v1_0.status,v1_0.user_id from vendor v1_0
Hibernate: select u1_0.id,u1_0.email,u1_0.name,u1_0.password,u1_0.role from users u1_0 where u1_0.id=?
Hibernate: select u1_0.id,u1_0.email,u1_0.name,u1_0.password,u1_0.role from users u1_0 where u1_0.id=?
Hibernate: select u1_0.id,u1_0.email,u1_0.name,u1_0.password,u1_0.role from users u1_0 where u1_0.id=?
Hibernate: select u1_0.id,u1_0.email,u1_0.name,u1_0.password,u1_0.role from users u1_0 where u1_0.id=?
Hibernate: select u1_0.id,u1_0.email,u1_0.name,u1_0.password,u1_0.role from users u1_0 where u1_0.id=?
Hibernate: select u1_0.id,u1_0.email,u1_0.name,u1_0.password,u1_0.role from users u1_0 where u1_0.id=?
Hibernate: select u1_0.id,u1_0.email,u1_0.name,u1_0.password,u1_0.role from users u1_0 where u1_0.id=?
Hibernate: select u1_0.id,u1_0.email,u1_0.name,u1_0.password,u1_0.role from users u1_0 where u1_0.id=?
Hibernate: select count(*) from users u1_0
Hibernate: select count(*) from product p1_0
Hibernate: select o1_0.id,o1_0.created_at,o1_0.estimated_delivery_date,o1_0.shipping_address,o1_0.status,o1_0.total_amount,o1_0.tracking_number,o1_0.updated_at,o1_0.user_id from orders o1_0
Hibernate: select u1_0.id,u1_0.email,u1_0.name,u1_0.password,u1_0.role from users u1_0 where u1_0.id=?
Hibernate: select v1_0.id,v1_0.address,v1_0.contact_email,v1_0.contact_phone,v1_0.created_at,v1_0.logo_url,v1_0.shop_name,v1_0.status,v1_0.user_id from vendor v1_0
Hibernate: select u1_0.id,u1_0.email,u1_0.name,u1_0.password,u1_0.role from users u1_0 where u1_0.id=?
Hibernate: select u1_0.id,u1_0.email,u1_0.name,u1_0.password,u1_0.role from users u1_0 where u1_0.id=?
Hibernate: select u1_0.id,u1_0.email,u1_0.name,u1_0.password,u1_0.role from users u1_0 where u1_0.id=?
Hibernate: select u1_0.id,u1_0.email,u1_0.name,u1_0.password,u1_0.role from users u1_0 where u1_0.id=?
Hibernate: select p1_0.id,p1_0.category,p1_0.description,p1_0.image_url,p1_0.name,p1_0.price,p1_0.status,p1_0.stock,p1_0.vendor_id from product p1_0
Hibernate: select v1_0.id,v1_0.address,v1_0.contact_email,v1_0.contact_phone,v1_0.created_at,v1_0.logo_url,v1_0.shop_name,v1_0.status,u1_0.id,u1_0.email,u1_0.name,u1_0.password,u1_0.role from vendor v1_0 left join users u1_0 on u1_0.id=v1_0.user_id where v1_0.id=?
Hibernate: select v1_0.id,v1_0.address,v1_0.contact_email,v1_0.contact_phone,v1_0.created_at,v1_0.logo_url,v1_0.shop_name,v1_0.status,u1_0.id,u1_0.email,u1_0.name,u1_0.password,u1_0.role from vendor v1_0 left join users u1_0 on u1_0.id=v1_0.user_id where v1_0.id=?
Hibernate: select v1_0.id,v1_0.address,v1_0.contact_email,v1_0.contact_phone,v1_0.created_at,v1_0.logo_url,v1_0.shop_name,v1_0.status,u1_0.id,u1_0.email,u1_0.name,u1_0.password,u1_0.role from vendor v1_0 left join users u1_0 on u1_0.id=v1_0.user_id where v1_0.id=?
Hibernate: select v1_0.id,v1_0.address,v1_0.contact_email,v1_0.contact_phone,v1_0.created_at,v1_0.logo_url,v1_0.shop_name,v1_0.status,u1_0.id,u1_0.email,u1_0.name,u1_0.password,u1_0.role from vendor v1_0 left join users u1_0 on u1_0.id=v1_0.user_id where v1_0.id=?
Hibernate: select p1_0.id,p1_0.category,p1_0.description,p1_0.image_url,p1_0.name,p1_0.price,p1_0.status,p1_0.stock,p1_0.vendor_id from product p1_0
Hibernate: select v1_0.id,v1_0.address,v1_0.contact_email,v1_0.contact_phone,v1_0.created_at,v1_0.logo_url,v1_0.shop_name,v1_0.status,u1_0.id,u1_0.email,u1_0.name,u1_0.password,u1_0.role from vendor v1_0 left join users u1_0 on u1_0.id=v1_0.user_id where v1_0.id=?
Hibernate: select v1_0.id,v1_0.address,v1_0.contact_email,v1_0.contact_phone,v1_0.created_at,v1_0.logo_url,v1_0.shop_name,v1_0.status,u1_0.id,u1_0.email,u1_0.name,u1_0.password,u1_0.role from vendor v1_0 left join users u1_0 on u1_0.id=v1_0.user_id where v1_0.id=?
Hibernate: select v1_0.id,v1_0.address,v1_0.contact_email,v1_0.contact_phone,v1_0.created_at,v1_0.logo_url,v1_0.shop_name,v1_0.status,u1_0.id,u1_0.email,u1_0.name,u1_0.password,u1_0.role from vendor v1_0 left join users u1_0 on u1_0.id=v1_0.user_id where v1_0.id=?
Hibernate: select v1_0.id,v1_0.address,v1_0.contact_email,v1_0.contact_phone,v1_0.created_at,v1_0.logo_url,v1_0.shop_name,v1_0.status,u1_0.id,u1_0.email,u1_0.name,u1_0.password,u1_0.role from vendor v1_0 left join users u1_0 on u1_0.id=v1_0.user_id where v1_0.id=?
Hibernate: select v1_0.id,v1_0.address,v1_0.contact_email,v1_0.contact_phone,v1_0.created_at,v1_0.logo_url,v1_0.shop_name,v1_0.status,v1_0.user_id from vendor v1_0
Hibernate: select u1_0.id,u1_0.email,u1_0.name,u1_0.password,u1_0.role from users u1_0 where u1_0.id=?
Hibernate: select u1_0.id,u1_0.email,u1_0.name,u1_0.password,u1_0.role from users u1_0 where u1_0.id=?
Hibernate: select u1_0.id,u1_0.email,u1_0.name,u1_0.password,u1_0.role from users u1_0 where u1_0.id=?
Hibernate: select u1_0.id,u1_0.email,u1_0.name,u1_0.password,u1_0.role from users u1_0 where u1_0.id=?
Hibernate: select count(p1_0.id) from product p1_0 left join vendor v1_0 on v1_0.id=p1_0.vendor_id where v1_0.id=?
Hibernate: select count(p1_0.id) from product p1_0 left join vendor v1_0 on v1_0.id=p1_0.vendor_id where v1_0.id=?
Hibernate: select count(p1_0.id) from product p1_0 left join vendor v1_0 on v1_0.id=p1_0.vendor_id where v1_0.id=?
Hibernate: select count(p1_0.id) from product p1_0 left join vendor v1_0 on v1_0.id=p1_0.vendor_id where v1_0.id=?
Hibernate: select v1_0.id,v1_0.address,v1_0.contact_email,v1_0.contact_phone,v1_0.created_at,v1_0.logo_url,v1_0.shop_name,v1_0.status,v1_0.user_id from vendor v1_0
Hibernate: select u1_0.id,u1_0.email,u1_0.name,u1_0.password,u1_0.role from users u1_0 where u1_0.id=?
Hibernate: select u1_0.id,u1_0.email,u1_0.name,u1_0.password,u1_0.role from users u1_0 where u1_0.id=?
Hibernate: select u1_0.id,u1_0.email,u1_0.name,u1_0.password,u1_0.role from users u1_0 where u1_0.id=?
Hibernate: select u1_0.id,u1_0.email,u1_0.name,u1_0.password,u1_0.role from users u1_0 where u1_0.id=?
Hibernate: select count(p1_0.id) from product p1_0 left join vendor v1_0 on v1_0.id=p1_0.vendor_id where v1_0.id=?
Hibernate: select count(p1_0.id) from product p1_0 left join vendor v1_0 on v1_0.id=p1_0.vendor_id where v1_0.id=?
Hibernate: select count(p1_0.id) from product p1_0 left join vendor v1_0 on v1_0.id=p1_0.vendor_id where v1_0.id=?
Hibernate: select count(p1_0.id) from product p1_0 left join vendor v1_0 on v1_0.id=p1_0.vendor_id where v1_0.id=?
Hibernate: select u1_0.id,u1_0.email,u1_0.name,u1_0.password,u1_0.role from users u1_0 where u1_0.email=?
Hibernate: select o1_0.id,o1_0.created_at,o1_0.estimated_delivery_date,o1_0.shipping_address,o1_0.status,o1_0.total_amount,o1_0.tracking_number,o1_0.updated_at,o1_0.user_id from orders o1_0 order by o1_0.created_at desc
Hibernate: select u1_0.id,u1_0.email,u1_0.name,u1_0.password,u1_0.role from users u1_0 where u1_0.id=?
Hibernate: select i1_0.order_id,i1_0.id,i1_0.price,p1_0.id,p1_0.category,p1_0.description,p1_0.image_url,p1_0.name,p1_0.price,p1_0.status,p1_0.stock,v1_0.id,v1_0.address,v1_0.contact_email,v1_0.contact_phone,v1_0.created_at,v1_0.logo_url,v1_0.shop_name,v1_0.status,v1_0.user_id,i1_0.quantity from order_item i1_0 left join product p1_0 on p1_0.id=i1_0.product_id left join vendor v1_0 on v1_0.id=p1_0.vendor_id where i1_0.order_id=?
Hibernate: select u1_0.id,u1_0.email,u1_0.name,u1_0.password,u1_0.role from users u1_0 where u1_0.id=?
Hibernate: select u1_0.id,u1_0.email,u1_0.name,u1_0.password,u1_0.role from users u1_0 where u1_0.id=?
Hibernate: select i1_0.order_id,i1_0.id,i1_0.price,p1_0.id,p1_0.category,p1_0.description,p1_0.image_url,p1_0.name,p1_0.price,p1_0.status,p1_0.stock,v1_0.id,v1_0.address,v1_0.contact_email,v1_0.contact_phone,v1_0.created_at,v1_0.logo_url,v1_0.shop_name,v1_0.status,v1_0.user_id,i1_0.quantity from order_item i1_0 left join product p1_0 on p1_0.id=i1_0.product_id left join vendor v1_0 on v1_0.id=p1_0.vendor_id where i1_0.order_id=?
Hibernate: select i1_0.order_id,i1_0.id,i1_0.price,p1_0.id,p1_0.category,p1_0.description,p1_0.image_url,p1_0.name,p1_0.price,p1_0.status,p1_0.stock,v1_0.id,v1_0.address,v1_0.contact_email,v1_0.contact_phone,v1_0.created_at,v1_0.logo_url,v1_0.shop_name,v1_0.status,v1_0.user_id,i1_0.quantity from order_item i1_0 left join product p1_0 on p1_0.id=i1_0.product_id left join vendor v1_0 on v1_0.id=p1_0.vendor_id where i1_0.order_id=?
Hibernate: select i1_0.order_id,i1_0.id,i1_0.price,p1_0.id,p1_0.category,p1_0.description,p1_0.image_url,p1_0.name,p1_0.price,p1_0.status,p1_0.stock,v1_0.id,v1_0.address,v1_0.contact_email,v1_0.contact_phone,v1_0.created_at,v1_0.logo_url,v1_0.shop_name,v1_0.status,v1_0.user_id,i1_0.quantity from order_item i1_0 left join product p1_0 on p1_0.id=i1_0.product_id left join vendor v1_0 on v1_0.id=p1_0.vendor_id where i1_0.order_id=?
Hibernate: select i1_0.order_id,i1_0.id,i1_0.price,p1_0.id,p1_0.category,p1_0.description,p1_0.image_url,p1_0.name,p1_0.price,p1_0.status,p1_0.stock,v1_0.id,v1_0.address,v1_0.contact_email,v1_0.contact_phone,v1_0.created_at,v1_0.logo_url,v1_0.shop_name,v1_0.status,v1_0.user_id,i1_0.quantity from order_item i1_0 left join product p1_0 on p1_0.id=i1_0.product_id left join vendor v1_0 on v1_0.id=p1_0.vendor_id where i1_0.order_id=?
Hibernate: select i1_0.order_id,i1_0.id,i1_0.price,p1_0.id,p1_0.category,p1_0.description,p1_0.image_url,p1_0.name,p1_0.price,p1_0.status,p1_0.stock,v1_0.id,v1_0.address,v1_0.contact_email,v1_0.contact_phone,v1_0.created_at,v1_0.logo_url,v1_0.shop_name,v1_0.status,v1_0.user_id,i1_0.quantity from order_item i1_0 left join product p1_0 on p1_0.id=i1_0.product_id left join vendor v1_0 on v1_0.id=p1_0.vendor_id where i1_0.order_id=?
Hibernate: select i1_0.order_id,i1_0.id,i1_0.price,p1_0.id,p1_0.category,p1_0.description,p1_0.image_url,p1_0.name,p1_0.price,p1_0.status,p1_0.stock,v1_0.id,v1_0.address,v1_0.contact_email,v1_0.contact_phone,v1_0.created_at,v1_0.logo_url,v1_0.shop_name,v1_0.status,v1_0.user_id,i1_0.quantity from order_item i1_0 left join product p1_0 on p1_0.id=i1_0.product_id left join vendor v1_0 on v1_0.id=p1_0.vendor_id where i1_0.order_id=?
Hibernate: select u1_0.id,u1_0.email,u1_0.name,u1_0.password,u1_0.role from users u1_0 where u1_0.email=?
Hibernate: select u1_0.id,u1_0.email,u1_0.name,u1_0.password,u1_0.role from users u1_0 where u1_0.email=?
Hibernate: select count(*) from orders o1_0
Hibernate: select o1_0.id,o1_0.created_at,o1_0.estimated_delivery_date,o1_0.shipping_address,o1_0.status,o1_0.total_amount,o1_0.tracking_number,o1_0.updated_at,o1_0.user_id from orders o1_0 order by o1_0.created_at desc
Hibernate: select u1_0.id,u1_0.email,u1_0.name,u1_0.password,u1_0.role from users u1_0 where u1_0.id=?
Hibernate: select count(o1_0.id) from orders o1_0 where o1_0.status=?
Hibernate: select count(o1_0.id) from orders o1_0 where o1_0.status=?
Hibernate: select i1_0.order_id,i1_0.id,i1_0.price,p1_0.id,p1_0.category,p1_0.description,p1_0.image_url,p1_0.name,p1_0.price,p1_0.status,p1_0.stock,v1_0.id,v1_0.address,v1_0.contact_email,v1_0.contact_phone,v1_0.created_at,v1_0.logo_url,v1_0.shop_name,v1_0.status,v1_0.user_id,i1_0.quantity from order_item i1_0 left join product p1_0 on p1_0.id=i1_0.product_id left join vendor v1_0 on v1_0.id=p1_0.vendor_id where i1_0.order_id=?
Hibernate: select count(o1_0.id) from orders o1_0 where o1_0.status=?
Hibernate: select u1_0.id,u1_0.email,u1_0.name,u1_0.password,u1_0.role from users u1_0 where u1_0.id=?
Hibernate: select count(o1_0.id) from orders o1_0 where o1_0.status=?
Hibernate: select u1_0.id,u1_0.email,u1_0.name,u1_0.password,u1_0.role from users u1_0 where u1_0.id=?
Hibernate: select count(o1_0.id) from orders o1_0 where o1_0.status=?
Hibernate: select i1_0.order_id,i1_0.id,i1_0.price,p1_0.id,p1_0.category,p1_0.description,p1_0.image_url,p1_0.name,p1_0.price,p1_0.status,p1_0.stock,v1_0.id,v1_0.address,v1_0.contact_email,v1_0.contact_phone,v1_0.created_at,v1_0.logo_url,v1_0.shop_name,v1_0.status,v1_0.user_id,i1_0.quantity from order_item i1_0 left join product p1_0 on p1_0.id=i1_0.product_id left join vendor v1_0 on v1_0.id=p1_0.vendor_id where i1_0.order_id=?
Hibernate: select count(o1_0.id) from orders o1_0 where o1_0.status=?
Hibernate: select count(o1_0.id) from orders o1_0 where o1_0.status=?
Hibernate: select i1_0.order_id,i1_0.id,i1_0.price,p1_0.id,p1_0.category,p1_0.description,p1_0.image_url,p1_0.name,p1_0.price,p1_0.status,p1_0.stock,v1_0.id,v1_0.address,v1_0.contact_email,v1_0.contact_phone,v1_0.created_at,v1_0.logo_url,v1_0.shop_name,v1_0.status,v1_0.user_id,i1_0.quantity from order_item i1_0 left join product p1_0 on p1_0.id=i1_0.product_id left join vendor v1_0 on v1_0.id=p1_0.vendor_id where i1_0.order_id=?
Hibernate: select sum(o1_0.total_amount) from orders o1_0 where o1_0.status='PAID' or o1_0.status='PROCESSING' or o1_0.status='SHIPPED' or o1_0.status='DELIVERED'
Hibernate: select i1_0.order_id,i1_0.id,i1_0.price,p1_0.id,p1_0.category,p1_0.description,p1_0.image_url,p1_0.name,p1_0.price,p1_0.status,p1_0.stock,v1_0.id,v1_0.address,v1_0.contact_email,v1_0.contact_phone,v1_0.created_at,v1_0.logo_url,v1_0.shop_name,v1_0.status,v1_0.user_id,i1_0.quantity from order_item i1_0 left join product p1_0 on p1_0.id=i1_0.product_id left join vendor v1_0 on v1_0.id=p1_0.vendor_id where i1_0.order_id=?
Hibernate: select count(o1_0.id) from orders o1_0 where o1_0.created_at>=?
Hibernate: select i1_0.order_id,i1_0.id,i1_0.price,p1_0.id,p1_0.category,p1_0.description,p1_0.image_url,p1_0.name,p1_0.price,p1_0.status,p1_0.stock,v1_0.id,v1_0.address,v1_0.contact_email,v1_0.contact_phone,v1_0.created_at,v1_0.logo_url,v1_0.shop_name,v1_0.status,v1_0.user_id,i1_0.quantity from order_item i1_0 left join product p1_0 on p1_0.id=i1_0.product_id left join vendor v1_0 on v1_0.id=p1_0.vendor_id where i1_0.order_id=?
Hibernate: select sum(o1_0.total_amount) from orders o1_0 where (o1_0.status='PAID' or o1_0.status='PROCESSING' or o1_0.status='SHIPPED' or o1_0.status='DELIVERED') and o1_0.created_at>=?
Hibernate: select i1_0.order_id,i1_0.id,i1_0.price,p1_0.id,p1_0.category,p1_0.description,p1_0.image_url,p1_0.name,p1_0.price,p1_0.status,p1_0.stock,v1_0.id,v1_0.address,v1_0.contact_email,v1_0.contact_phone,v1_0.created_at,v1_0.logo_url,v1_0.shop_name,v1_0.status,v1_0.user_id,i1_0.quantity from order_item i1_0 left join product p1_0 on p1_0.id=i1_0.product_id left join vendor v1_0 on v1_0.id=p1_0.vendor_id where i1_0.order_id=?
Hibernate: select i1_0.order_id,i1_0.id,i1_0.price,p1_0.id,p1_0.category,p1_0.description,p1_0.image_url,p1_0.name,p1_0.price,p1_0.status,p1_0.stock,v1_0.id,v1_0.address,v1_0.contact_email,v1_0.contact_phone,v1_0.created_at,v1_0.logo_url,v1_0.shop_name,v1_0.status,v1_0.user_id,i1_0.quantity from order_item i1_0 left join product p1_0 on p1_0.id=i1_0.product_id left join vendor v1_0 on v1_0.id=p1_0.vendor_id where i1_0.order_id=?
Hibernate: select u1_0.id,u1_0.email,u1_0.name,u1_0.password,u1_0.role from users u1_0 where u1_0.email=?
Hibernate: select count(*) from orders o1_0
Hibernate: select count(o1_0.id) from orders o1_0 where o1_0.status=?
Hibernate: select count(o1_0.id) from orders o1_0 where o1_0.status=?
Hibernate: select count(o1_0.id) from orders o1_0 where o1_0.status=?
Hibernate: select count(o1_0.id) from orders o1_0 where o1_0.status=?
Hibernate: select count(o1_0.id) from orders o1_0 where o1_0.status=?
Hibernate: select count(o1_0.id) from orders o1_0 where o1_0.status=?
Hibernate: select count(o1_0.id) from orders o1_0 where o1_0.status=?
Hibernate: select sum(o1_0.total_amount) from orders o1_0 where o1_0.status='PAID' or o1_0.status='PROCESSING' or o1_0.status='SHIPPED' or o1_0.status='DELIVERED'
Hibernate: select count(o1_0.id) from orders o1_0 where o1_0.created_at>=?
Hibernate: select sum(o1_0.total_amount) from orders o1_0 where (o1_0.status='PAID' or o1_0.status='PROCESSING' or o1_0.status='SHIPPED' or o1_0.status='DELIVERED') and o1_0.created_at>=?
Hibernate: select v1_0.id,v1_0.address,v1_0.contact_email,v1_0.contact_phone,v1_0.created_at,v1_0.logo_url,v1_0.shop_name,v1_0.status,v1_0.user_id from vendor v1_0
Hibernate: select u1_0.id,u1_0.email,u1_0.name,u1_0.password,u1_0.role from users u1_0 where u1_0.id=?
Hibernate: select u1_0.id,u1_0.email,u1_0.name,u1_0.password,u1_0.role from users u1_0 where u1_0.id=?
Hibernate: select u1_0.id,u1_0.email,u1_0.name,u1_0.password,u1_0.role from users u1_0 where u1_0.id=?
Hibernate: select u1_0.id,u1_0.email,u1_0.name,u1_0.password,u1_0.role from users u1_0 where u1_0.id=?
Hibernate: select count(p1_0.id) from product p1_0 left join vendor v1_0 on v1_0.id=p1_0.vendor_id where v1_0.id=?
Hibernate: select count(p1_0.id) from product p1_0 left join vendor v1_0 on v1_0.id=p1_0.vendor_id where v1_0.id=?
Hibernate: select count(p1_0.id) from product p1_0 left join vendor v1_0 on v1_0.id=p1_0.vendor_id where v1_0.id=?
Hibernate: select count(p1_0.id) from product p1_0 left join vendor v1_0 on v1_0.id=p1_0.vendor_id where v1_0.id=?
Hibernate: select v1_0.id,v1_0.address,v1_0.contact_email,v1_0.contact_phone,v1_0.created_at,v1_0.logo_url,v1_0.shop_name,v1_0.status,v1_0.user_id from vendor v1_0
Hibernate: select u1_0.id,u1_0.email,u1_0.name,u1_0.password,u1_0.role from users u1_0 where u1_0.id=?
Hibernate: select u1_0.id,u1_0.email,u1_0.name,u1_0.password,u1_0.role from users u1_0 where u1_0.id=?
Hibernate: select u1_0.id,u1_0.email,u1_0.name,u1_0.password,u1_0.role from users u1_0 where u1_0.id=?
Hibernate: select u1_0.id,u1_0.email,u1_0.name,u1_0.password,u1_0.role from users u1_0 where u1_0.id=?
Hibernate: select count(p1_0.id) from product p1_0 left join vendor v1_0 on v1_0.id=p1_0.vendor_id where v1_0.id=?
Hibernate: select count(p1_0.id) from product p1_0 left join vendor v1_0 on v1_0.id=p1_0.vendor_id where v1_0.id=?
Hibernate: select count(p1_0.id) from product p1_0 left join vendor v1_0 on v1_0.id=p1_0.vendor_id where v1_0.id=?
Hibernate: select count(p1_0.id) from product p1_0 left join vendor v1_0 on v1_0.id=p1_0.vendor_id where v1_0.id=?
Hibernate: select count(*) from users u1_0
Hibernate: select v1_0.id,v1_0.address,v1_0.contact_email,v1_0.contact_phone,v1_0.created_at,v1_0.logo_url,v1_0.shop_name,v1_0.status,v1_0.user_id from vendor v1_0
Hibernate: select u1_0.id,u1_0.email,u1_0.name,u1_0.password,u1_0.role from users u1_0 where u1_0.id=?
Hibernate: select u1_0.id,u1_0.email,u1_0.name,u1_0.password,u1_0.role from users u1_0 where u1_0.id=?
Hibernate: select count(*) from product p1_0
Hibernate: select u1_0.id,u1_0.email,u1_0.name,u1_0.password,u1_0.role from users u1_0 where u1_0.id=?
Hibernate: select u1_0.id,u1_0.email,u1_0.name,u1_0.password,u1_0.role from users u1_0 where u1_0.id=?
Hibernate: select o1_0.id,o1_0.created_at,o1_0.estimated_delivery_date,o1_0.shipping_address,o1_0.status,o1_0.total_amount,o1_0.tracking_number,o1_0.updated_at,o1_0.user_id from orders o1_0
Hibernate: select u1_0.id,u1_0.email,u1_0.name,u1_0.password,u1_0.role from users u1_0 where u1_0.id=?
Hibernate: select v1_0.id,v1_0.address,v1_0.contact_email,v1_0.contact_phone,v1_0.created_at,v1_0.logo_url,v1_0.shop_name,v1_0.status,v1_0.user_id from vendor v1_0
Hibernate: select v1_0.id,v1_0.address,v1_0.contact_email,v1_0.contact_phone,v1_0.created_at,v1_0.logo_url,v1_0.shop_name,v1_0.status,v1_0.user_id from vendor v1_0
Hibernate: select u1_0.id,u1_0.email,u1_0.name,u1_0.password,u1_0.role from users u1_0 where u1_0.id=?
Hibernate: select u1_0.id,u1_0.email,u1_0.name,u1_0.password,u1_0.role from users u1_0 where u1_0.id=?
Hibernate: select u1_0.id,u1_0.email,u1_0.name,u1_0.password,u1_0.role from users u1_0 where u1_0.id=?
Hibernate: select u1_0.id,u1_0.email,u1_0.name,u1_0.password,u1_0.role from users u1_0 where u1_0.id=?
Hibernate: select u1_0.id,u1_0.email,u1_0.name,u1_0.password,u1_0.role from users u1_0 where u1_0.id=?
Hibernate: select u1_0.id,u1_0.email,u1_0.name,u1_0.password,u1_0.role from users u1_0 where u1_0.id=?
Hibernate: select u1_0.id,u1_0.email,u1_0.name,u1_0.password,u1_0.role from users u1_0 where u1_0.id=?
Hibernate: select u1_0.id,u1_0.email,u1_0.name,u1_0.password,u1_0.role from users u1_0 where u1_0.id=?
Hibernate: select count(*) from users u1_0
Hibernate: select count(*) from product p1_0
Hibernate: select o1_0.id,o1_0.created_at,o1_0.estimated_delivery_date,o1_0.shipping_address,o1_0.status,o1_0.total_amount,o1_0.tracking_number,o1_0.updated_at,o1_0.user_id from orders o1_0
Hibernate: select u1_0.id,u1_0.email,u1_0.name,u1_0.password,u1_0.role from users u1_0 where u1_0.id=?
Hibernate: select v1_0.id,v1_0.address,v1_0.contact_email,v1_0.contact_phone,v1_0.created_at,v1_0.logo_url,v1_0.shop_name,v1_0.status,v1_0.user_id from vendor v1_0
Hibernate: select u1_0.id,u1_0.email,u1_0.name,u1_0.password,u1_0.role from users u1_0 where u1_0.id=?
Hibernate: select u1_0.id,u1_0.email,u1_0.name,u1_0.password,u1_0.role from users u1_0 where u1_0.id=?
Hibernate: select u1_0.id,u1_0.email,u1_0.name,u1_0.password,u1_0.role from users u1_0 where u1_0.id=?
Hibernate: select u1_0.id,u1_0.email,u1_0.name,u1_0.password,u1_0.role from users u1_0 where u1_0.id=?
Hibernate: select u1_0.id,u1_0.email,u1_0.name,u1_0.password,u1_0.role from users u1_0 where u1_0.email=?
Hibernate: select o1_0.id,o1_0.created_at,o1_0.estimated_delivery_date,o1_0.shipping_address,o1_0.status,o1_0.total_amount,o1_0.tracking_number,o1_0.updated_at,o1_0.user_id from orders o1_0 order by o1_0.created_at desc
Hibernate: select u1_0.id,u1_0.email,u1_0.name,u1_0.password,u1_0.role from users u1_0 where u1_0.id=?
Hibernate: select i1_0.order_id,i1_0.id,i1_0.price,p1_0.id,p1_0.category,p1_0.description,p1_0.image_url,p1_0.name,p1_0.price,p1_0.status,p1_0.stock,v1_0.id,v1_0.address,v1_0.contact_email,v1_0.contact_phone,v1_0.created_at,v1_0.logo_url,v1_0.shop_name,v1_0.status,v1_0.user_id,i1_0.quantity from order_item i1_0 left join product p1_0 on p1_0.id=i1_0.product_id left join vendor v1_0 on v1_0.id=p1_0.vendor_id where i1_0.order_id=?
Hibernate: select u1_0.id,u1_0.email,u1_0.name,u1_0.password,u1_0.role from users u1_0 where u1_0.id=?
Hibernate: select u1_0.id,u1_0.email,u1_0.name,u1_0.password,u1_0.role from users u1_0 where u1_0.id=?
Hibernate: select i1_0.order_id,i1_0.id,i1_0.price,p1_0.id,p1_0.category,p1_0.description,p1_0.image_url,p1_0.name,p1_0.price,p1_0.status,p1_0.stock,v1_0.id,v1_0.address,v1_0.contact_email,v1_0.contact_phone,v1_0.created_at,v1_0.logo_url,v1_0.shop_name,v1_0.status,v1_0.user_id,i1_0.quantity from order_item i1_0 left join product p1_0 on p1_0.id=i1_0.product_id left join vendor v1_0 on v1_0.id=p1_0.vendor_id where i1_0.order_id=?
Hibernate: select i1_0.order_id,i1_0.id,i1_0.price,p1_0.id,p1_0.category,p1_0.description,p1_0.image_url,p1_0.name,p1_0.price,p1_0.status,p1_0.stock,v1_0.id,v1_0.address,v1_0.contact_email,v1_0.contact_phone,v1_0.created_at,v1_0.logo_url,v1_0.shop_name,v1_0.status,v1_0.user_id,i1_0.quantity from order_item i1_0 left join product p1_0 on p1_0.id=i1_0.product_id left join vendor v1_0 on v1_0.id=p1_0.vendor_id where i1_0.order_id=?
Hibernate: select i1_0.order_id,i1_0.id,i1_0.price,p1_0.id,p1_0.category,p1_0.description,p1_0.image_url,p1_0.name,p1_0.price,p1_0.status,p1_0.stock,v1_0.id,v1_0.address,v1_0.contact_email,v1_0.contact_phone,v1_0.created_at,v1_0.logo_url,v1_0.shop_name,v1_0.status,v1_0.user_id,i1_0.quantity from order_item i1_0 left join product p1_0 on p1_0.id=i1_0.product_id left join vendor v1_0 on v1_0.id=p1_0.vendor_id where i1_0.order_id=?
Hibernate: select i1_0.order_id,i1_0.id,i1_0.price,p1_0.id,p1_0.category,p1_0.description,p1_0.image_url,p1_0.name,p1_0.price,p1_0.status,p1_0.stock,v1_0.id,v1_0.address,v1_0.contact_email,v1_0.contact_phone,v1_0.created_at,v1_0.logo_url,v1_0.shop_name,v1_0.status,v1_0.user_id,i1_0.quantity from order_item i1_0 left join product p1_0 on p1_0.id=i1_0.product_id left join vendor v1_0 on v1_0.id=p1_0.vendor_id where i1_0.order_id=?
Hibernate: select i1_0.order_id,i1_0.id,i1_0.price,p1_0.id,p1_0.category,p1_0.description,p1_0.image_url,p1_0.name,p1_0.price,p1_0.status,p1_0.stock,v1_0.id,v1_0.address,v1_0.contact_email,v1_0.contact_phone,v1_0.created_at,v1_0.logo_url,v1_0.shop_name,v1_0.status,v1_0.user_id,i1_0.quantity from order_item i1_0 left join product p1_0 on p1_0.id=i1_0.product_id left join vendor v1_0 on v1_0.id=p1_0.vendor_id where i1_0.order_id=?
Hibernate: select i1_0.order_id,i1_0.id,i1_0.price,p1_0.id,p1_0.category,p1_0.description,p1_0.image_url,p1_0.name,p1_0.price,p1_0.status,p1_0.stock,v1_0.id,v1_0.address,v1_0.contact_email,v1_0.contact_phone,v1_0.created_at,v1_0.logo_url,v1_0.shop_name,v1_0.status,v1_0.user_id,i1_0.quantity from order_item i1_0 left join product p1_0 on p1_0.id=i1_0.product_id left join vendor v1_0 on v1_0.id=p1_0.vendor_id where i1_0.order_id=?
Hibernate: select u1_0.id,u1_0.email,u1_0.name,u1_0.password,u1_0.role from users u1_0 where u1_0.email=?
Hibernate: select u1_0.id,u1_0.email,u1_0.name,u1_0.password,u1_0.role from users u1_0 where u1_0.email=?
Hibernate: select count(*) from orders o1_0
Hibernate: select o1_0.id,o1_0.created_at,o1_0.estimated_delivery_date,o1_0.shipping_address,o1_0.status,o1_0.total_amount,o1_0.tracking_number,o1_0.updated_at,o1_0.user_id from orders o1_0 order by o1_0.created_at desc
Hibernate: select count(o1_0.id) from orders o1_0 where o1_0.status=?
Hibernate: select count(o1_0.id) from orders o1_0 where o1_0.status=?
Hibernate: select count(o1_0.id) from orders o1_0 where o1_0.status=?
Hibernate: select count(o1_0.id) from orders o1_0 where o1_0.status=?
Hibernate: select count(o1_0.id) from orders o1_0 where o1_0.status=?
Hibernate: select count(o1_0.id) from orders o1_0 where o1_0.status=?
Hibernate: select count(o1_0.id) from orders o1_0 where o1_0.status=?
Hibernate: select sum(o1_0.total_amount) from orders o1_0 where o1_0.status='PAID' or o1_0.status='PROCESSING' or o1_0.status='SHIPPED' or o1_0.status='DELIVERED'
Hibernate: select u1_0.id,u1_0.email,u1_0.name,u1_0.password,u1_0.role from users u1_0 where u1_0.id=?
Hibernate: select count(o1_0.id) from orders o1_0 where o1_0.created_at>=?
Hibernate: select sum(o1_0.total_amount) from orders o1_0 where (o1_0.status='PAID' or o1_0.status='PROCESSING' or o1_0.status='SHIPPED' or o1_0.status='DELIVERED') and o1_0.created_at>=?
Hibernate: select i1_0.order_id,i1_0.id,i1_0.price,p1_0.id,p1_0.category,p1_0.description,p1_0.image_url,p1_0.name,p1_0.price,p1_0.status,p1_0.stock,v1_0.id,v1_0.address,v1_0.contact_email,v1_0.contact_phone,v1_0.created_at,v1_0.logo_url,v1_0.shop_name,v1_0.status,v1_0.user_id,i1_0.quantity from order_item i1_0 left join product p1_0 on p1_0.id=i1_0.product_id left join vendor v1_0 on v1_0.id=p1_0.vendor_id where i1_0.order_id=?
Hibernate: select u1_0.id,u1_0.email,u1_0.name,u1_0.password,u1_0.role from users u1_0 where u1_0.id=?
Hibernate: select u1_0.id,u1_0.email,u1_0.name,u1_0.password,u1_0.role from users u1_0 where u1_0.id=?
Hibernate: select i1_0.order_id,i1_0.id,i1_0.price,p1_0.id,p1_0.category,p1_0.description,p1_0.image_url,p1_0.name,p1_0.price,p1_0.status,p1_0.stock,v1_0.id,v1_0.address,v1_0.contact_email,v1_0.contact_phone,v1_0.created_at,v1_0.logo_url,v1_0.shop_name,v1_0.status,v1_0.user_id,i1_0.quantity from order_item i1_0 left join product p1_0 on p1_0.id=i1_0.product_id left join vendor v1_0 on v1_0.id=p1_0.vendor_id where i1_0.order_id=?
Hibernate: select i1_0.order_id,i1_0.id,i1_0.price,p1_0.id,p1_0.category,p1_0.description,p1_0.image_url,p1_0.name,p1_0.price,p1_0.status,p1_0.stock,v1_0.id,v1_0.address,v1_0.contact_email,v1_0.contact_phone,v1_0.created_at,v1_0.logo_url,v1_0.shop_name,v1_0.status,v1_0.user_id,i1_0.quantity from order_item i1_0 left join product p1_0 on p1_0.id=i1_0.product_id left join vendor v1_0 on v1_0.id=p1_0.vendor_id where i1_0.order_id=?
Hibernate: select i1_0.order_id,i1_0.id,i1_0.price,p1_0.id,p1_0.category,p1_0.description,p1_0.image_url,p1_0.name,p1_0.price,p1_0.status,p1_0.stock,v1_0.id,v1_0.address,v1_0.contact_email,v1_0.contact_phone,v1_0.created_at,v1_0.logo_url,v1_0.shop_name,v1_0.status,v1_0.user_id,i1_0.quantity from order_item i1_0 left join product p1_0 on p1_0.id=i1_0.product_id left join vendor v1_0 on v1_0.id=p1_0.vendor_id where i1_0.order_id=?
Hibernate: select i1_0.order_id,i1_0.id,i1_0.price,p1_0.id,p1_0.category,p1_0.description,p1_0.image_url,p1_0.name,p1_0.price,p1_0.status,p1_0.stock,v1_0.id,v1_0.address,v1_0.contact_email,v1_0.contact_phone,v1_0.created_at,v1_0.logo_url,v1_0.shop_name,v1_0.status,v1_0.user_id,i1_0.quantity from order_item i1_0 left join product p1_0 on p1_0.id=i1_0.product_id left join vendor v1_0 on v1_0.id=p1_0.vendor_id where i1_0.order_id=?
Hibernate: select i1_0.order_id,i1_0.id,i1_0.price,p1_0.id,p1_0.category,p1_0.description,p1_0.image_url,p1_0.name,p1_0.price,p1_0.status,p1_0.stock,v1_0.id,v1_0.address,v1_0.contact_email,v1_0.contact_phone,v1_0.created_at,v1_0.logo_url,v1_0.shop_name,v1_0.status,v1_0.user_id,i1_0.quantity from order_item i1_0 left join product p1_0 on p1_0.id=i1_0.product_id left join vendor v1_0 on v1_0.id=p1_0.vendor_id where i1_0.order_id=?
Hibernate: select i1_0.order_id,i1_0.id,i1_0.price,p1_0.id,p1_0.category,p1_0.description,p1_0.image_url,p1_0.name,p1_0.price,p1_0.status,p1_0.stock,v1_0.id,v1_0.address,v1_0.contact_email,v1_0.contact_phone,v1_0.created_at,v1_0.logo_url,v1_0.shop_name,v1_0.status,v1_0.user_id,i1_0.quantity from order_item i1_0 left join product p1_0 on p1_0.id=i1_0.product_id left join vendor v1_0 on v1_0.id=p1_0.vendor_id where i1_0.order_id=?
Hibernate: select u1_0.id,u1_0.email,u1_0.name,u1_0.password,u1_0.role from users u1_0 where u1_0.email=?
Hibernate: select count(*) from orders o1_0
Hibernate: select count(o1_0.id) from orders o1_0 where o1_0.status=?
Hibernate: select count(o1_0.id) from orders o1_0 where o1_0.status=?
Hibernate: select count(o1_0.id) from orders o1_0 where o1_0.status=?
Hibernate: select count(o1_0.id) from orders o1_0 where o1_0.status=?
Hibernate: select count(o1_0.id) from orders o1_0 where o1_0.status=?
Hibernate: select count(o1_0.id) from orders o1_0 where o1_0.status=?
Hibernate: select count(o1_0.id) from orders o1_0 where o1_0.status=?
Hibernate: select sum(o1_0.total_amount) from orders o1_0 where o1_0.status='PAID' or o1_0.status='PROCESSING' or o1_0.status='SHIPPED' or o1_0.status='DELIVERED'
Hibernate: select count(o1_0.id) from orders o1_0 where o1_0.created_at>=?
Hibernate: select sum(o1_0.total_amount) from orders o1_0 where (o1_0.status='PAID' or o1_0.status='PROCESSING' or o1_0.status='SHIPPED' or o1_0.status='DELIVERED') and o1_0.created_at>=?
Hibernate: select p1_0.id,p1_0.category,p1_0.description,p1_0.image_url,p1_0.name,p1_0.price,p1_0.status,p1_0.stock,p1_0.vendor_id from product p1_0
Hibernate: select v1_0.id,v1_0.address,v1_0.contact_email,v1_0.contact_phone,v1_0.created_at,v1_0.logo_url,v1_0.shop_name,v1_0.status,u1_0.id,u1_0.email,u1_0.name,u1_0.password,u1_0.role from vendor v1_0 left join users u1_0 on u1_0.id=v1_0.user_id where v1_0.id=?
Hibernate: select v1_0.id,v1_0.address,v1_0.contact_email,v1_0.contact_phone,v1_0.created_at,v1_0.logo_url,v1_0.shop_name,v1_0.status,u1_0.id,u1_0.email,u1_0.name,u1_0.password,u1_0.role from vendor v1_0 left join users u1_0 on u1_0.id=v1_0.user_id where v1_0.id=?
Hibernate: select v1_0.id,v1_0.address,v1_0.contact_email,v1_0.contact_phone,v1_0.created_at,v1_0.logo_url,v1_0.shop_name,v1_0.status,u1_0.id,u1_0.email,u1_0.name,u1_0.password,u1_0.role from vendor v1_0 left join users u1_0 on u1_0.id=v1_0.user_id where v1_0.id=?
Hibernate: select v1_0.id,v1_0.address,v1_0.contact_email,v1_0.contact_phone,v1_0.created_at,v1_0.logo_url,v1_0.shop_name,v1_0.status,u1_0.id,u1_0.email,u1_0.name,u1_0.password,u1_0.role from vendor v1_0 left join users u1_0 on u1_0.id=v1_0.user_id where v1_0.id=?
Hibernate: select p1_0.id,p1_0.category,p1_0.description,p1_0.image_url,p1_0.name,p1_0.price,p1_0.status,p1_0.stock,p1_0.vendor_id from product p1_0
Hibernate: select v1_0.id,v1_0.address,v1_0.contact_email,v1_0.contact_phone,v1_0.created_at,v1_0.logo_url,v1_0.shop_name,v1_0.status,u1_0.id,u1_0.email,u1_0.name,u1_0.password,u1_0.role from vendor v1_0 left join users u1_0 on u1_0.id=v1_0.user_id where v1_0.id=?
Hibernate: select v1_0.id,v1_0.address,v1_0.contact_email,v1_0.contact_phone,v1_0.created_at,v1_0.logo_url,v1_0.shop_name,v1_0.status,u1_0.id,u1_0.email,u1_0.name,u1_0.password,u1_0.role from vendor v1_0 left join users u1_0 on u1_0.id=v1_0.user_id where v1_0.id=?
Hibernate: select v1_0.id,v1_0.address,v1_0.contact_email,v1_0.contact_phone,v1_0.created_at,v1_0.logo_url,v1_0.shop_name,v1_0.status,u1_0.id,u1_0.email,u1_0.name,u1_0.password,u1_0.role from vendor v1_0 left join users u1_0 on u1_0.id=v1_0.user_id where v1_0.id=?
Hibernate: select v1_0.id,v1_0.address,v1_0.contact_email,v1_0.contact_phone,v1_0.created_at,v1_0.logo_url,v1_0.shop_name,v1_0.status,u1_0.id,u1_0.email,u1_0.name,u1_0.password,u1_0.role from vendor v1_0 left join users u1_0 on u1_0.id=v1_0.user_id where v1_0.id=?
Hibernate: select v1_0.id,v1_0.address,v1_0.contact_email,v1_0.contact_phone,v1_0.created_at,v1_0.logo_url,v1_0.shop_name,v1_0.status,v1_0.user_id from vendor v1_0
Hibernate: select u1_0.id,u1_0.email,u1_0.name,u1_0.password,u1_0.role from users u1_0 where u1_0.id=?
Hibernate: select u1_0.id,u1_0.email,u1_0.name,u1_0.password,u1_0.role from users u1_0 where u1_0.id=?
Hibernate: select u1_0.id,u1_0.email,u1_0.name,u1_0.password,u1_0.role from users u1_0 where u1_0.id=?
Hibernate: select u1_0.id,u1_0.email,u1_0.name,u1_0.password,u1_0.role from users u1_0 where u1_0.id=?
Hibernate: select count(p1_0.id) from product p1_0 left join vendor v1_0 on v1_0.id=p1_0.vendor_id where v1_0.id=?
Hibernate: select count(p1_0.id) from product p1_0 left join vendor v1_0 on v1_0.id=p1_0.vendor_id where v1_0.id=?
Hibernate: select count(p1_0.id) from product p1_0 left join vendor v1_0 on v1_0.id=p1_0.vendor_id where v1_0.id=?
Hibernate: select count(p1_0.id) from product p1_0 left join vendor v1_0 on v1_0.id=p1_0.vendor_id where v1_0.id=?
Hibernate: select v1_0.id,v1_0.address,v1_0.contact_email,v1_0.contact_phone,v1_0.created_at,v1_0.logo_url,v1_0.shop_name,v1_0.status,v1_0.user_id from vendor v1_0
Hibernate: select u1_0.id,u1_0.email,u1_0.name,u1_0.password,u1_0.role from users u1_0 where u1_0.id=?
Hibernate: select u1_0.id,u1_0.email,u1_0.name,u1_0.password,u1_0.role from users u1_0 where u1_0.id=?
Hibernate: select u1_0.id,u1_0.email,u1_0.name,u1_0.password,u1_0.role from users u1_0 where u1_0.id=?
Hibernate: select u1_0.id,u1_0.email,u1_0.name,u1_0.password,u1_0.role from users u1_0 where u1_0.id=?
Hibernate: select count(p1_0.id) from product p1_0 left join vendor v1_0 on v1_0.id=p1_0.vendor_id where v1_0.id=?
Hibernate: select count(p1_0.id) from product p1_0 left join vendor v1_0 on v1_0.id=p1_0.vendor_id where v1_0.id=?
Hibernate: select count(p1_0.id) from product p1_0 left join vendor v1_0 on v1_0.id=p1_0.vendor_id where v1_0.id=?
Hibernate: select count(p1_0.id) from product p1_0 left join vendor v1_0 on v1_0.id=p1_0.vendor_id where v1_0.id=?
Hibernate: select u1_0.id,u1_0.email,u1_0.name,u1_0.password,u1_0.role from users u1_0 where u1_0.email=?
Hibernate: select o1_0.id,o1_0.created_at,o1_0.estimated_delivery_date,o1_0.shipping_address,o1_0.status,o1_0.total_amount,o1_0.tracking_number,o1_0.updated_at,o1_0.user_id from orders o1_0 order by o1_0.created_at desc
Hibernate: select u1_0.id,u1_0.email,u1_0.name,u1_0.password,u1_0.role from users u1_0 where u1_0.id=?
Hibernate: select i1_0.order_id,i1_0.id,i1_0.price,p1_0.id,p1_0.category,p1_0.description,p1_0.image_url,p1_0.name,p1_0.price,p1_0.status,p1_0.stock,v1_0.id,v1_0.address,v1_0.contact_email,v1_0.contact_phone,v1_0.created_at,v1_0.logo_url,v1_0.shop_name,v1_0.status,v1_0.user_id,i1_0.quantity from order_item i1_0 left join product p1_0 on p1_0.id=i1_0.product_id left join vendor v1_0 on v1_0.id=p1_0.vendor_id where i1_0.order_id=?
Hibernate: select u1_0.id,u1_0.email,u1_0.name,u1_0.password,u1_0.role from users u1_0 where u1_0.id=?
Hibernate: select u1_0.id,u1_0.email,u1_0.name,u1_0.password,u1_0.role from users u1_0 where u1_0.id=?
Hibernate: select i1_0.order_id,i1_0.id,i1_0.price,p1_0.id,p1_0.category,p1_0.description,p1_0.image_url,p1_0.name,p1_0.price,p1_0.status,p1_0.stock,v1_0.id,v1_0.address,v1_0.contact_email,v1_0.contact_phone,v1_0.created_at,v1_0.logo_url,v1_0.shop_name,v1_0.status,v1_0.user_id,i1_0.quantity from order_item i1_0 left join product p1_0 on p1_0.id=i1_0.product_id left join vendor v1_0 on v1_0.id=p1_0.vendor_id where i1_0.order_id=?
Hibernate: select i1_0.order_id,i1_0.id,i1_0.price,p1_0.id,p1_0.category,p1_0.description,p1_0.image_url,p1_0.name,p1_0.price,p1_0.status,p1_0.stock,v1_0.id,v1_0.address,v1_0.contact_email,v1_0.contact_phone,v1_0.created_at,v1_0.logo_url,v1_0.shop_name,v1_0.status,v1_0.user_id,i1_0.quantity from order_item i1_0 left join product p1_0 on p1_0.id=i1_0.product_id left join vendor v1_0 on v1_0.id=p1_0.vendor_id where i1_0.order_id=?
Hibernate: select i1_0.order_id,i1_0.id,i1_0.price,p1_0.id,p1_0.category,p1_0.description,p1_0.image_url,p1_0.name,p1_0.price,p1_0.status,p1_0.stock,v1_0.id,v1_0.address,v1_0.contact_email,v1_0.contact_phone,v1_0.created_at,v1_0.logo_url,v1_0.shop_name,v1_0.status,v1_0.user_id,i1_0.quantity from order_item i1_0 left join product p1_0 on p1_0.id=i1_0.product_id left join vendor v1_0 on v1_0.id=p1_0.vendor_id where i1_0.order_id=?
Hibernate: select i1_0.order_id,i1_0.id,i1_0.price,p1_0.id,p1_0.category,p1_0.description,p1_0.image_url,p1_0.name,p1_0.price,p1_0.status,p1_0.stock,v1_0.id,v1_0.address,v1_0.contact_email,v1_0.contact_phone,v1_0.created_at,v1_0.logo_url,v1_0.shop_name,v1_0.status,v1_0.user_id,i1_0.quantity from order_item i1_0 left join product p1_0 on p1_0.id=i1_0.product_id left join vendor v1_0 on v1_0.id=p1_0.vendor_id where i1_0.order_id=?
Hibernate: select i1_0.order_id,i1_0.id,i1_0.price,p1_0.id,p1_0.category,p1_0.description,p1_0.image_url,p1_0.name,p1_0.price,p1_0.status,p1_0.stock,v1_0.id,v1_0.address,v1_0.contact_email,v1_0.contact_phone,v1_0.created_at,v1_0.logo_url,v1_0.shop_name,v1_0.status,v1_0.user_id,i1_0.quantity from order_item i1_0 left join product p1_0 on p1_0.id=i1_0.product_id left join vendor v1_0 on v1_0.id=p1_0.vendor_id where i1_0.order_id=?
Hibernate: select i1_0.order_id,i1_0.id,i1_0.price,p1_0.id,p1_0.category,p1_0.description,p1_0.image_url,p1_0.name,p1_0.price,p1_0.status,p1_0.stock,v1_0.id,v1_0.address,v1_0.contact_email,v1_0.contact_phone,v1_0.created_at,v1_0.logo_url,v1_0.shop_name,v1_0.status,v1_0.user_id,i1_0.quantity from order_item i1_0 left join product p1_0 on p1_0.id=i1_0.product_id left join vendor v1_0 on v1_0.id=p1_0.vendor_id where i1_0.order_id=?
Hibernate: select u1_0.id,u1_0.email,u1_0.name,u1_0.password,u1_0.role from users u1_0 where u1_0.email=?
Hibernate: select u1_0.id,u1_0.email,u1_0.name,u1_0.password,u1_0.role from users u1_0 where u1_0.email=?
Hibernate: select count(*) from orders o1_0
Hibernate: select o1_0.id,o1_0.created_at,o1_0.estimated_delivery_date,o1_0.shipping_address,o1_0.status,o1_0.total_amount,o1_0.tracking_number,o1_0.updated_at,o1_0.user_id from orders o1_0 order by o1_0.created_at desc
Hibernate: select u1_0.id,u1_0.email,u1_0.name,u1_0.password,u1_0.role from users u1_0 where u1_0.id=?
Hibernate: select count(o1_0.id) from orders o1_0 where o1_0.status=?
Hibernate: select count(o1_0.id) from orders o1_0 where o1_0.status=?
Hibernate: select i1_0.order_id,i1_0.id,i1_0.price,p1_0.id,p1_0.category,p1_0.description,p1_0.image_url,p1_0.name,p1_0.price,p1_0.status,p1_0.stock,v1_0.id,v1_0.address,v1_0.contact_email,v1_0.contact_phone,v1_0.created_at,v1_0.logo_url,v1_0.shop_name,v1_0.status,v1_0.user_id,i1_0.quantity from order_item i1_0 left join product p1_0 on p1_0.id=i1_0.product_id left join vendor v1_0 on v1_0.id=p1_0.vendor_id where i1_0.order_id=?
Hibernate: select count(o1_0.id) from orders o1_0 where o1_0.status=?
Hibernate: select u1_0.id,u1_0.email,u1_0.name,u1_0.password,u1_0.role from users u1_0 where u1_0.id=?
Hibernate: select count(o1_0.id) from orders o1_0 where o1_0.status=?
Hibernate: select u1_0.id,u1_0.email,u1_0.name,u1_0.password,u1_0.role from users u1_0 where u1_0.id=?
Hibernate: select count(o1_0.id) from orders o1_0 where o1_0.status=?
Hibernate: select i1_0.order_id,i1_0.id,i1_0.price,p1_0.id,p1_0.category,p1_0.description,p1_0.image_url,p1_0.name,p1_0.price,p1_0.status,p1_0.stock,v1_0.id,v1_0.address,v1_0.contact_email,v1_0.contact_phone,v1_0.created_at,v1_0.logo_url,v1_0.shop_name,v1_0.status,v1_0.user_id,i1_0.quantity from order_item i1_0 left join product p1_0 on p1_0.id=i1_0.product_id left join vendor v1_0 on v1_0.id=p1_0.vendor_id where i1_0.order_id=?
Hibernate: select count(o1_0.id) from orders o1_0 where o1_0.status=?
Hibernate: select count(o1_0.id) from orders o1_0 where o1_0.status=?
Hibernate: select i1_0.order_id,i1_0.id,i1_0.price,p1_0.id,p1_0.category,p1_0.description,p1_0.image_url,p1_0.name,p1_0.price,p1_0.status,p1_0.stock,v1_0.id,v1_0.address,v1_0.contact_email,v1_0.contact_phone,v1_0.created_at,v1_0.logo_url,v1_0.shop_name,v1_0.status,v1_0.user_id,i1_0.quantity from order_item i1_0 left join product p1_0 on p1_0.id=i1_0.product_id left join vendor v1_0 on v1_0.id=p1_0.vendor_id where i1_0.order_id=?
Hibernate: select sum(o1_0.total_amount) from orders o1_0 where o1_0.status='PAID' or o1_0.status='PROCESSING' or o1_0.status='SHIPPED' or o1_0.status='DELIVERED'
Hibernate: select i1_0.order_id,i1_0.id,i1_0.price,p1_0.id,p1_0.category,p1_0.description,p1_0.image_url,p1_0.name,p1_0.price,p1_0.status,p1_0.stock,v1_0.id,v1_0.address,v1_0.contact_email,v1_0.contact_phone,v1_0.created_at,v1_0.logo_url,v1_0.shop_name,v1_0.status,v1_0.user_id,i1_0.quantity from order_item i1_0 left join product p1_0 on p1_0.id=i1_0.product_id left join vendor v1_0 on v1_0.id=p1_0.vendor_id where i1_0.order_id=?
Hibernate: select count(o1_0.id) from orders o1_0 where o1_0.created_at>=?
Hibernate: select i1_0.order_id,i1_0.id,i1_0.price,p1_0.id,p1_0.category,p1_0.description,p1_0.image_url,p1_0.name,p1_0.price,p1_0.status,p1_0.stock,v1_0.id,v1_0.address,v1_0.contact_email,v1_0.contact_phone,v1_0.created_at,v1_0.logo_url,v1_0.shop_name,v1_0.status,v1_0.user_id,i1_0.quantity from order_item i1_0 left join product p1_0 on p1_0.id=i1_0.product_id left join vendor v1_0 on v1_0.id=p1_0.vendor_id where i1_0.order_id=?
Hibernate: select sum(o1_0.total_amount) from orders o1_0 where (o1_0.status='PAID' or o1_0.status='PROCESSING' or o1_0.status='SHIPPED' or o1_0.status='DELIVERED') and o1_0.created_at>=?
Hibernate: select i1_0.order_id,i1_0.id,i1_0.price,p1_0.id,p1_0.category,p1_0.description,p1_0.image_url,p1_0.name,p1_0.price,p1_0.status,p1_0.stock,v1_0.id,v1_0.address,v1_0.contact_email,v1_0.contact_phone,v1_0.created_at,v1_0.logo_url,v1_0.shop_name,v1_0.status,v1_0.user_id,i1_0.quantity from order_item i1_0 left join product p1_0 on p1_0.id=i1_0.product_id left join vendor v1_0 on v1_0.id=p1_0.vendor_id where i1_0.order_id=?
Hibernate: select i1_0.order_id,i1_0.id,i1_0.price,p1_0.id,p1_0.category,p1_0.description,p1_0.image_url,p1_0.name,p1_0.price,p1_0.status,p1_0.stock,v1_0.id,v1_0.address,v1_0.contact_email,v1_0.contact_phone,v1_0.created_at,v1_0.logo_url,v1_0.shop_name,v1_0.status,v1_0.user_id,i1_0.quantity from order_item i1_0 left join product p1_0 on p1_0.id=i1_0.product_id left join vendor v1_0 on v1_0.id=p1_0.vendor_id where i1_0.order_id=?
Hibernate: select u1_0.id,u1_0.email,u1_0.name,u1_0.password,u1_0.role from users u1_0 where u1_0.email=?
Hibernate: select count(*) from orders o1_0
Hibernate: select count(o1_0.id) from orders o1_0 where o1_0.status=?
Hibernate: select count(o1_0.id) from orders o1_0 where o1_0.status=?
Hibernate: select count(o1_0.id) from orders o1_0 where o1_0.status=?
Hibernate: select count(o1_0.id) from orders o1_0 where o1_0.status=?
Hibernate: select count(o1_0.id) from orders o1_0 where o1_0.status=?
Hibernate: select count(o1_0.id) from orders o1_0 where o1_0.status=?
Hibernate: select count(o1_0.id) from orders o1_0 where o1_0.status=?
Hibernate: select sum(o1_0.total_amount) from orders o1_0 where o1_0.status='PAID' or o1_0.status='PROCESSING' or o1_0.status='SHIPPED' or o1_0.status='DELIVERED'
Hibernate: select count(o1_0.id) from orders o1_0 where o1_0.created_at>=?
Hibernate: select sum(o1_0.total_amount) from orders o1_0 where (o1_0.status='PAID' or o1_0.status='PROCESSING' or o1_0.status='SHIPPED' or o1_0.status='DELIVERED') and o1_0.created_at>=?
Hibernate: select count(*) from users u1_0
Hibernate: select v1_0.id,v1_0.address,v1_0.contact_email,v1_0.contact_phone,v1_0.created_at,v1_0.logo_url,v1_0.shop_name,v1_0.status,v1_0.user_id from vendor v1_0
Hibernate: select u1_0.id,u1_0.email,u1_0.name,u1_0.password,u1_0.role from users u1_0 where u1_0.id=?
Hibernate: select count(*) from product p1_0
Hibernate: select u1_0.id,u1_0.email,u1_0.name,u1_0.password,u1_0.role from users u1_0 where u1_0.id=?
Hibernate: select u1_0.id,u1_0.email,u1_0.name,u1_0.password,u1_0.role from users u1_0 where u1_0.id=?
Hibernate: select u1_0.id,u1_0.email,u1_0.name,u1_0.password,u1_0.role from users u1_0 where u1_0.id=?
Hibernate: select o1_0.id,o1_0.created_at,o1_0.estimated_delivery_date,o1_0.shipping_address,o1_0.status,o1_0.total_amount,o1_0.tracking_number,o1_0.updated_at,o1_0.user_id from orders o1_0
Hibernate: select u1_0.id,u1_0.email,u1_0.name,u1_0.password,u1_0.role from users u1_0 where u1_0.id=?
Hibernate: select v1_0.id,v1_0.address,v1_0.contact_email,v1_0.contact_phone,v1_0.created_at,v1_0.logo_url,v1_0.shop_name,v1_0.status,v1_0.user_id from vendor v1_0
Hibernate: select u1_0.id,u1_0.email,u1_0.name,u1_0.password,u1_0.role from users u1_0 where u1_0.id=?
Hibernate: select u1_0.id,u1_0.email,u1_0.name,u1_0.password,u1_0.role from users u1_0 where u1_0.id=?
Hibernate: select u1_0.id,u1_0.email,u1_0.name,u1_0.password,u1_0.role from users u1_0 where u1_0.id=?
Hibernate: select v1_0.id,v1_0.address,v1_0.contact_email,v1_0.contact_phone,v1_0.created_at,v1_0.logo_url,v1_0.shop_name,v1_0.status,v1_0.user_id from vendor v1_0
Hibernate: select u1_0.id,u1_0.email,u1_0.name,u1_0.password,u1_0.role from users u1_0 where u1_0.id=?
Hibernate: select u1_0.id,u1_0.email,u1_0.name,u1_0.password,u1_0.role from users u1_0 where u1_0.id=?
Hibernate: select u1_0.id,u1_0.email,u1_0.name,u1_0.password,u1_0.role from users u1_0 where u1_0.id=?
Hibernate: select u1_0.id,u1_0.email,u1_0.name,u1_0.password,u1_0.role from users u1_0 where u1_0.id=?
Hibernate: select u1_0.id,u1_0.email,u1_0.name,u1_0.password,u1_0.role from users u1_0 where u1_0.id=?
Hibernate: select count(*) from users u1_0
Hibernate: select count(*) from product p1_0
Hibernate: select o1_0.id,o1_0.created_at,o1_0.estimated_delivery_date,o1_0.shipping_address,o1_0.status,o1_0.total_amount,o1_0.tracking_number,o1_0.updated_at,o1_0.user_id from orders o1_0
Hibernate: select u1_0.id,u1_0.email,u1_0.name,u1_0.password,u1_0.role from users u1_0 where u1_0.id=?
Hibernate: select v1_0.id,v1_0.address,v1_0.contact_email,v1_0.contact_phone,v1_0.created_at,v1_0.logo_url,v1_0.shop_name,v1_0.status,v1_0.user_id from vendor v1_0
Hibernate: select u1_0.id,u1_0.email,u1_0.name,u1_0.password,u1_0.role from users u1_0 where u1_0.id=?
Hibernate: select u1_0.id,u1_0.email,u1_0.name,u1_0.password,u1_0.role from users u1_0 where u1_0.id=?
Hibernate: select u1_0.id,u1_0.email,u1_0.name,u1_0.password,u1_0.role from users u1_0 where u1_0.id=?
Hibernate: select u1_0.id,u1_0.email,u1_0.name,u1_0.password,u1_0.role from users u1_0 where u1_0.id=?
Hibernate: select p1_0.id,p1_0.category,p1_0.description,p1_0.image_url,p1_0.name,p1_0.price,p1_0.status,p1_0.stock,p1_0.vendor_id from product p1_0
Hibernate: select v1_0.id,v1_0.address,v1_0.contact_email,v1_0.contact_phone,v1_0.created_at,v1_0.logo_url,v1_0.shop_name,v1_0.status,u1_0.id,u1_0.email,u1_0.name,u1_0.password,u1_0.role from vendor v1_0 left join users u1_0 on u1_0.id=v1_0.user_id where v1_0.id=?
Hibernate: select v1_0.id,v1_0.address,v1_0.contact_email,v1_0.contact_phone,v1_0.created_at,v1_0.logo_url,v1_0.shop_name,v1_0.status,u1_0.id,u1_0.email,u1_0.name,u1_0.password,u1_0.role from vendor v1_0 left join users u1_0 on u1_0.id=v1_0.user_id where v1_0.id=?
Hibernate: select v1_0.id,v1_0.address,v1_0.contact_email,v1_0.contact_phone,v1_0.created_at,v1_0.logo_url,v1_0.shop_name,v1_0.status,u1_0.id,u1_0.email,u1_0.name,u1_0.password,u1_0.role from vendor v1_0 left join users u1_0 on u1_0.id=v1_0.user_id where v1_0.id=?
Hibernate: select v1_0.id,v1_0.address,v1_0.contact_email,v1_0.contact_phone,v1_0.created_at,v1_0.logo_url,v1_0.shop_name,v1_0.status,u1_0.id,u1_0.email,u1_0.name,u1_0.password,u1_0.role from vendor v1_0 left join users u1_0 on u1_0.id=v1_0.user_id where v1_0.id=?
Hibernate: select p1_0.id,p1_0.category,p1_0.description,p1_0.image_url,p1_0.name,p1_0.price,p1_0.status,p1_0.stock,p1_0.vendor_id from product p1_0
Hibernate: select v1_0.id,v1_0.address,v1_0.contact_email,v1_0.contact_phone,v1_0.created_at,v1_0.logo_url,v1_0.shop_name,v1_0.status,u1_0.id,u1_0.email,u1_0.name,u1_0.password,u1_0.role from vendor v1_0 left join users u1_0 on u1_0.id=v1_0.user_id where v1_0.id=?
Hibernate: select v1_0.id,v1_0.address,v1_0.contact_email,v1_0.contact_phone,v1_0.created_at,v1_0.logo_url,v1_0.shop_name,v1_0.status,u1_0.id,u1_0.email,u1_0.name,u1_0.password,u1_0.role from vendor v1_0 left join users u1_0 on u1_0.id=v1_0.user_id where v1_0.id=?
Hibernate: select v1_0.id,v1_0.address,v1_0.contact_email,v1_0.contact_phone,v1_0.created_at,v1_0.logo_url,v1_0.shop_name,v1_0.status,u1_0.id,u1_0.email,u1_0.name,u1_0.password,u1_0.role from vendor v1_0 left join users u1_0 on u1_0.id=v1_0.user_id where v1_0.id=?
Hibernate: select v1_0.id,v1_0.address,v1_0.contact_email,v1_0.contact_phone,v1_0.created_at,v1_0.logo_url,v1_0.shop_name,v1_0.status,u1_0.id,u1_0.email,u1_0.name,u1_0.password,u1_0.role from vendor v1_0 left join users u1_0 on u1_0.id=v1_0.user_id where v1_0.id=?
Hibernate: select u1_0.id,u1_0.email,u1_0.name,u1_0.password,u1_0.role from users u1_0 where u1_0.email=?
Hibernate: select o1_0.id,o1_0.created_at,o1_0.estimated_delivery_date,o1_0.shipping_address,o1_0.status,o1_0.total_amount,o1_0.tracking_number,o1_0.updated_at,o1_0.user_id from orders o1_0 order by o1_0.created_at desc
Hibernate: select u1_0.id,u1_0.email,u1_0.name,u1_0.password,u1_0.role from users u1_0 where u1_0.id=?
Hibernate: select i1_0.order_id,i1_0.id,i1_0.price,p1_0.id,p1_0.category,p1_0.description,p1_0.image_url,p1_0.name,p1_0.price,p1_0.status,p1_0.stock,v1_0.id,v1_0.address,v1_0.contact_email,v1_0.contact_phone,v1_0.created_at,v1_0.logo_url,v1_0.shop_name,v1_0.status,v1_0.user_id,i1_0.quantity from order_item i1_0 left join product p1_0 on p1_0.id=i1_0.product_id left join vendor v1_0 on v1_0.id=p1_0.vendor_id where i1_0.order_id=?
Hibernate: select u1_0.id,u1_0.email,u1_0.name,u1_0.password,u1_0.role from users u1_0 where u1_0.id=?
Hibernate: select u1_0.id,u1_0.email,u1_0.name,u1_0.password,u1_0.role from users u1_0 where u1_0.id=?
Hibernate: select i1_0.order_id,i1_0.id,i1_0.price,p1_0.id,p1_0.category,p1_0.description,p1_0.image_url,p1_0.name,p1_0.price,p1_0.status,p1_0.stock,v1_0.id,v1_0.address,v1_0.contact_email,v1_0.contact_phone,v1_0.created_at,v1_0.logo_url,v1_0.shop_name,v1_0.status,v1_0.user_id,i1_0.quantity from order_item i1_0 left join product p1_0 on p1_0.id=i1_0.product_id left join vendor v1_0 on v1_0.id=p1_0.vendor_id where i1_0.order_id=?
Hibernate: select i1_0.order_id,i1_0.id,i1_0.price,p1_0.id,p1_0.category,p1_0.description,p1_0.image_url,p1_0.name,p1_0.price,p1_0.status,p1_0.stock,v1_0.id,v1_0.address,v1_0.contact_email,v1_0.contact_phone,v1_0.created_at,v1_0.logo_url,v1_0.shop_name,v1_0.status,v1_0.user_id,i1_0.quantity from order_item i1_0 left join product p1_0 on p1_0.id=i1_0.product_id left join vendor v1_0 on v1_0.id=p1_0.vendor_id where i1_0.order_id=?
Hibernate: select i1_0.order_id,i1_0.id,i1_0.price,p1_0.id,p1_0.category,p1_0.description,p1_0.image_url,p1_0.name,p1_0.price,p1_0.status,p1_0.stock,v1_0.id,v1_0.address,v1_0.contact_email,v1_0.contact_phone,v1_0.created_at,v1_0.logo_url,v1_0.shop_name,v1_0.status,v1_0.user_id,i1_0.quantity from order_item i1_0 left join product p1_0 on p1_0.id=i1_0.product_id left join vendor v1_0 on v1_0.id=p1_0.vendor_id where i1_0.order_id=?
Hibernate: select i1_0.order_id,i1_0.id,i1_0.price,p1_0.id,p1_0.category,p1_0.description,p1_0.image_url,p1_0.name,p1_0.price,p1_0.status,p1_0.stock,v1_0.id,v1_0.address,v1_0.contact_email,v1_0.contact_phone,v1_0.created_at,v1_0.logo_url,v1_0.shop_name,v1_0.status,v1_0.user_id,i1_0.quantity from order_item i1_0 left join product p1_0 on p1_0.id=i1_0.product_id left join vendor v1_0 on v1_0.id=p1_0.vendor_id where i1_0.order_id=?
Hibernate: select i1_0.order_id,i1_0.id,i1_0.price,p1_0.id,p1_0.category,p1_0.description,p1_0.image_url,p1_0.name,p1_0.price,p1_0.status,p1_0.stock,v1_0.id,v1_0.address,v1_0.contact_email,v1_0.contact_phone,v1_0.created_at,v1_0.logo_url,v1_0.shop_name,v1_0.status,v1_0.user_id,i1_0.quantity from order_item i1_0 left join product p1_0 on p1_0.id=i1_0.product_id left join vendor v1_0 on v1_0.id=p1_0.vendor_id where i1_0.order_id=?
Hibernate: select i1_0.order_id,i1_0.id,i1_0.price,p1_0.id,p1_0.category,p1_0.description,p1_0.image_url,p1_0.name,p1_0.price,p1_0.status,p1_0.stock,v1_0.id,v1_0.address,v1_0.contact_email,v1_0.contact_phone,v1_0.created_at,v1_0.logo_url,v1_0.shop_name,v1_0.status,v1_0.user_id,i1_0.quantity from order_item i1_0 left join product p1_0 on p1_0.id=i1_0.product_id left join vendor v1_0 on v1_0.id=p1_0.vendor_id where i1_0.order_id=?
Hibernate: select u1_0.id,u1_0.email,u1_0.name,u1_0.password,u1_0.role from users u1_0 where u1_0.email=?
Hibernate: select u1_0.id,u1_0.email,u1_0.name,u1_0.password,u1_0.role from users u1_0 where u1_0.email=?
Hibernate: select count(*) from orders o1_0
Hibernate: select o1_0.id,o1_0.created_at,o1_0.estimated_delivery_date,o1_0.shipping_address,o1_0.status,o1_0.total_amount,o1_0.tracking_number,o1_0.updated_at,o1_0.user_id from orders o1_0 order by o1_0.created_at desc
Hibernate: select count(o1_0.id) from orders o1_0 where o1_0.status=?
Hibernate: select u1_0.id,u1_0.email,u1_0.name,u1_0.password,u1_0.role from users u1_0 where u1_0.id=?
Hibernate: select count(o1_0.id) from orders o1_0 where o1_0.status=?
Hibernate: select i1_0.order_id,i1_0.id,i1_0.price,p1_0.id,p1_0.category,p1_0.description,p1_0.image_url,p1_0.name,p1_0.price,p1_0.status,p1_0.stock,v1_0.id,v1_0.address,v1_0.contact_email,v1_0.contact_phone,v1_0.created_at,v1_0.logo_url,v1_0.shop_name,v1_0.status,v1_0.user_id,i1_0.quantity from order_item i1_0 left join product p1_0 on p1_0.id=i1_0.product_id left join vendor v1_0 on v1_0.id=p1_0.vendor_id where i1_0.order_id=?
Hibernate: select count(o1_0.id) from orders o1_0 where o1_0.status=?
Hibernate: select count(o1_0.id) from orders o1_0 where o1_0.status=?
Hibernate: select u1_0.id,u1_0.email,u1_0.name,u1_0.password,u1_0.role from users u1_0 where u1_0.id=?
Hibernate: select count(o1_0.id) from orders o1_0 where o1_0.status=?
Hibernate: select u1_0.id,u1_0.email,u1_0.name,u1_0.password,u1_0.role from users u1_0 where u1_0.id=?
Hibernate: select count(o1_0.id) from orders o1_0 where o1_0.status=?
Hibernate: select i1_0.order_id,i1_0.id,i1_0.price,p1_0.id,p1_0.category,p1_0.description,p1_0.image_url,p1_0.name,p1_0.price,p1_0.status,p1_0.stock,v1_0.id,v1_0.address,v1_0.contact_email,v1_0.contact_phone,v1_0.created_at,v1_0.logo_url,v1_0.shop_name,v1_0.status,v1_0.user_id,i1_0.quantity from order_item i1_0 left join product p1_0 on p1_0.id=i1_0.product_id left join vendor v1_0 on v1_0.id=p1_0.vendor_id where i1_0.order_id=?
Hibernate: select count(o1_0.id) from orders o1_0 where o1_0.status=?
Hibernate: select i1_0.order_id,i1_0.id,i1_0.price,p1_0.id,p1_0.category,p1_0.description,p1_0.image_url,p1_0.name,p1_0.price,p1_0.status,p1_0.stock,v1_0.id,v1_0.address,v1_0.contact_email,v1_0.contact_phone,v1_0.created_at,v1_0.logo_url,v1_0.shop_name,v1_0.status,v1_0.user_id,i1_0.quantity from order_item i1_0 left join product p1_0 on p1_0.id=i1_0.product_id left join vendor v1_0 on v1_0.id=p1_0.vendor_id where i1_0.order_id=?
Hibernate: select sum(o1_0.total_amount) from orders o1_0 where o1_0.status='PAID' or o1_0.status='PROCESSING' or o1_0.status='SHIPPED' or o1_0.status='DELIVERED'
Hibernate: select i1_0.order_id,i1_0.id,i1_0.price,p1_0.id,p1_0.category,p1_0.description,p1_0.image_url,p1_0.name,p1_0.price,p1_0.status,p1_0.stock,v1_0.id,v1_0.address,v1_0.contact_email,v1_0.contact_phone,v1_0.created_at,v1_0.logo_url,v1_0.shop_name,v1_0.status,v1_0.user_id,i1_0.quantity from order_item i1_0 left join product p1_0 on p1_0.id=i1_0.product_id left join vendor v1_0 on v1_0.id=p1_0.vendor_id where i1_0.order_id=?
Hibernate: select count(o1_0.id) from orders o1_0 where o1_0.created_at>=?
Hibernate: select i1_0.order_id,i1_0.id,i1_0.price,p1_0.id,p1_0.category,p1_0.description,p1_0.image_url,p1_0.name,p1_0.price,p1_0.status,p1_0.stock,v1_0.id,v1_0.address,v1_0.contact_email,v1_0.contact_phone,v1_0.created_at,v1_0.logo_url,v1_0.shop_name,v1_0.status,v1_0.user_id,i1_0.quantity from order_item i1_0 left join product p1_0 on p1_0.id=i1_0.product_id left join vendor v1_0 on v1_0.id=p1_0.vendor_id where i1_0.order_id=?
Hibernate: select sum(o1_0.total_amount) from orders o1_0 where (o1_0.status='PAID' or o1_0.status='PROCESSING' or o1_0.status='SHIPPED' or o1_0.status='DELIVERED') and o1_0.created_at>=?
Hibernate: select i1_0.order_id,i1_0.id,i1_0.price,p1_0.id,p1_0.category,p1_0.description,p1_0.image_url,p1_0.name,p1_0.price,p1_0.status,p1_0.stock,v1_0.id,v1_0.address,v1_0.contact_email,v1_0.contact_phone,v1_0.created_at,v1_0.logo_url,v1_0.shop_name,v1_0.status,v1_0.user_id,i1_0.quantity from order_item i1_0 left join product p1_0 on p1_0.id=i1_0.product_id left join vendor v1_0 on v1_0.id=p1_0.vendor_id where i1_0.order_id=?
Hibernate: select i1_0.order_id,i1_0.id,i1_0.price,p1_0.id,p1_0.category,p1_0.description,p1_0.image_url,p1_0.name,p1_0.price,p1_0.status,p1_0.stock,v1_0.id,v1_0.address,v1_0.contact_email,v1_0.contact_phone,v1_0.created_at,v1_0.logo_url,v1_0.shop_name,v1_0.status,v1_0.user_id,i1_0.quantity from order_item i1_0 left join product p1_0 on p1_0.id=i1_0.product_id left join vendor v1_0 on v1_0.id=p1_0.vendor_id where i1_0.order_id=?
Hibernate: select u1_0.id,u1_0.email,u1_0.name,u1_0.password,u1_0.role from users u1_0 where u1_0.email=?
Hibernate: select count(*) from orders o1_0
Hibernate: select count(o1_0.id) from orders o1_0 where o1_0.status=?
Hibernate: select count(o1_0.id) from orders o1_0 where o1_0.status=?
Hibernate: select count(o1_0.id) from orders o1_0 where o1_0.status=?
Hibernate: select count(o1_0.id) from orders o1_0 where o1_0.status=?
Hibernate: select count(o1_0.id) from orders o1_0 where o1_0.status=?
Hibernate: select count(o1_0.id) from orders o1_0 where o1_0.status=?
Hibernate: select count(o1_0.id) from orders o1_0 where o1_0.status=?
Hibernate: select sum(o1_0.total_amount) from orders o1_0 where o1_0.status='PAID' or o1_0.status='PROCESSING' or o1_0.status='SHIPPED' or o1_0.status='DELIVERED'
Hibernate: select count(o1_0.id) from orders o1_0 where o1_0.created_at>=?
Hibernate: select sum(o1_0.total_amount) from orders o1_0 where (o1_0.status='PAID' or o1_0.status='PROCESSING' or o1_0.status='SHIPPED' or o1_0.status='DELIVERED') and o1_0.created_at>=?
Hibernate: select u1_0.id,u1_0.email,u1_0.name,u1_0.password,u1_0.role from users u1_0 where u1_0.email=?
Hibernate: select o1_0.id,o1_0.created_at,o1_0.estimated_delivery_date,o1_0.shipping_address,o1_0.status,o1_0.total_amount,o1_0.tracking_number,o1_0.updated_at,o1_0.user_id from orders o1_0 order by o1_0.created_at desc
Hibernate: select u1_0.id,u1_0.email,u1_0.name,u1_0.password,u1_0.role from users u1_0 where u1_0.id=?
Hibernate: select i1_0.order_id,i1_0.id,i1_0.price,p1_0.id,p1_0.category,p1_0.description,p1_0.image_url,p1_0.name,p1_0.price,p1_0.status,p1_0.stock,v1_0.id,v1_0.address,v1_0.contact_email,v1_0.contact_phone,v1_0.created_at,v1_0.logo_url,v1_0.shop_name,v1_0.status,v1_0.user_id,i1_0.quantity from order_item i1_0 left join product p1_0 on p1_0.id=i1_0.product_id left join vendor v1_0 on v1_0.id=p1_0.vendor_id where i1_0.order_id=?
Hibernate: select u1_0.id,u1_0.email,u1_0.name,u1_0.password,u1_0.role from users u1_0 where u1_0.id=?
Hibernate: select u1_0.id,u1_0.email,u1_0.name,u1_0.password,u1_0.role from users u1_0 where u1_0.id=?
Hibernate: select i1_0.order_id,i1_0.id,i1_0.price,p1_0.id,p1_0.category,p1_0.description,p1_0.image_url,p1_0.name,p1_0.price,p1_0.status,p1_0.stock,v1_0.id,v1_0.address,v1_0.contact_email,v1_0.contact_phone,v1_0.created_at,v1_0.logo_url,v1_0.shop_name,v1_0.status,v1_0.user_id,i1_0.quantity from order_item i1_0 left join product p1_0 on p1_0.id=i1_0.product_id left join vendor v1_0 on v1_0.id=p1_0.vendor_id where i1_0.order_id=?
Hibernate: select i1_0.order_id,i1_0.id,i1_0.price,p1_0.id,p1_0.category,p1_0.description,p1_0.image_url,p1_0.name,p1_0.price,p1_0.status,p1_0.stock,v1_0.id,v1_0.address,v1_0.contact_email,v1_0.contact_phone,v1_0.created_at,v1_0.logo_url,v1_0.shop_name,v1_0.status,v1_0.user_id,i1_0.quantity from order_item i1_0 left join product p1_0 on p1_0.id=i1_0.product_id left join vendor v1_0 on v1_0.id=p1_0.vendor_id where i1_0.order_id=?
Hibernate: select i1_0.order_id,i1_0.id,i1_0.price,p1_0.id,p1_0.category,p1_0.description,p1_0.image_url,p1_0.name,p1_0.price,p1_0.status,p1_0.stock,v1_0.id,v1_0.address,v1_0.contact_email,v1_0.contact_phone,v1_0.created_at,v1_0.logo_url,v1_0.shop_name,v1_0.status,v1_0.user_id,i1_0.quantity from order_item i1_0 left join product p1_0 on p1_0.id=i1_0.product_id left join vendor v1_0 on v1_0.id=p1_0.vendor_id where i1_0.order_id=?
Hibernate: select i1_0.order_id,i1_0.id,i1_0.price,p1_0.id,p1_0.category,p1_0.description,p1_0.image_url,p1_0.name,p1_0.price,p1_0.status,p1_0.stock,v1_0.id,v1_0.address,v1_0.contact_email,v1_0.contact_phone,v1_0.created_at,v1_0.logo_url,v1_0.shop_name,v1_0.status,v1_0.user_id,i1_0.quantity from order_item i1_0 left join product p1_0 on p1_0.id=i1_0.product_id left join vendor v1_0 on v1_0.id=p1_0.vendor_id where i1_0.order_id=?
Hibernate: select i1_0.order_id,i1_0.id,i1_0.price,p1_0.id,p1_0.category,p1_0.description,p1_0.image_url,p1_0.name,p1_0.price,p1_0.status,p1_0.stock,v1_0.id,v1_0.address,v1_0.contact_email,v1_0.contact_phone,v1_0.created_at,v1_0.logo_url,v1_0.shop_name,v1_0.status,v1_0.user_id,i1_0.quantity from order_item i1_0 left join product p1_0 on p1_0.id=i1_0.product_id left join vendor v1_0 on v1_0.id=p1_0.vendor_id where i1_0.order_id=?
Hibernate: select i1_0.order_id,i1_0.id,i1_0.price,p1_0.id,p1_0.category,p1_0.description,p1_0.image_url,p1_0.name,p1_0.price,p1_0.status,p1_0.stock,v1_0.id,v1_0.address,v1_0.contact_email,v1_0.contact_phone,v1_0.created_at,v1_0.logo_url,v1_0.shop_name,v1_0.status,v1_0.user_id,i1_0.quantity from order_item i1_0 left join product p1_0 on p1_0.id=i1_0.product_id left join vendor v1_0 on v1_0.id=p1_0.vendor_id where i1_0.order_id=?
Hibernate: select u1_0.id,u1_0.email,u1_0.name,u1_0.password,u1_0.role from users u1_0 where u1_0.email=?
Hibernate: select count(*) from orders o1_0
Hibernate: select count(o1_0.id) from orders o1_0 where o1_0.status=?
Hibernate: select count(o1_0.id) from orders o1_0 where o1_0.status=?
Hibernate: select count(o1_0.id) from orders o1_0 where o1_0.status=?
Hibernate: select count(o1_0.id) from orders o1_0 where o1_0.status=?
Hibernate: select count(o1_0.id) from orders o1_0 where o1_0.status=?
Hibernate: select count(o1_0.id) from orders o1_0 where o1_0.status=?
Hibernate: select count(o1_0.id) from orders o1_0 where o1_0.status=?
Hibernate: select sum(o1_0.total_amount) from orders o1_0 where o1_0.status='PAID' or o1_0.status='PROCESSING' or o1_0.status='SHIPPED' or o1_0.status='DELIVERED'
Hibernate: select count(o1_0.id) from orders o1_0 where o1_0.created_at>=?
Hibernate: select sum(o1_0.total_amount) from orders o1_0 where (o1_0.status='PAID' or o1_0.status='PROCESSING' or o1_0.status='SHIPPED' or o1_0.status='DELIVERED') and o1_0.created_at>=?
Hibernate: select u1_0.id,u1_0.email,u1_0.name,u1_0.password,u1_0.role from users u1_0 where u1_0.email=?
2026-01-27T23:51:58.823+05:30  INFO 7183 --- [nio-8080-exec-5] c.c.marketplace.ai.OrderInsightsService  : Generating AI insights for orders...
Hibernate: select o1_0.id,o1_0.created_at,o1_0.estimated_delivery_date,o1_0.shipping_address,o1_0.status,o1_0.total_amount,o1_0.tracking_number,o1_0.updated_at,o1_0.user_id from orders o1_0 order by o1_0.created_at desc
Hibernate: select u1_0.id,u1_0.email,u1_0.name,u1_0.password,u1_0.role from users u1_0 where u1_0.id=?
2026-01-27T23:51:58.827+05:30  INFO 7183 --- [nio-8080-exec-5] c.c.marketplace.ai.OrderInsightsService  : Found 7 orders
2026-01-27T23:51:58.827+05:30  INFO 7183 --- [nio-8080-exec-5] c.c.marketplace.ai.OrderInsightsService  : Metrics calculated
2026-01-27T23:51:58.828+05:30  INFO 7183 --- [nio-8080-exec-5] c.c.marketplace.ai.OrderInsightsService  : AI insights generated
2026-01-27T23:51:58.828+05:30  INFO 7183 --- [nio-8080-exec-5] c.c.marketplace.ai.OrderInsightsService  : Recommendations generated
2026-01-27T23:51:58.834+05:30 ERROR 7183 --- [nio-8080-exec-5] c.c.marketplace.ai.AiProviderClient      : Error calling Ollama API: 404 Not Found from POST http://localhost:11434/api/generate
2026-01-27T23:51:58.834+05:30 ERROR 7183 --- [nio-8080-exec-5] c.c.marketplace.ai.AiProviderClient      : Error generating AI response

java.lang.RuntimeException: Failed to call Ollama API
	at com.cranberry.marketplace.ai.AiProviderClient.callOllama(AiProviderClient.java:111) ~[!/:0.0.1-SNAPSHOT]
	at com.cranberry.marketplace.ai.AiProviderClient.generateResponse(AiProviderClient.java:73) ~[!/:0.0.1-SNAPSHOT]
	at com.cranberry.marketplace.ai.OrderInsightsService.generateExecutiveSummary(OrderInsightsService.java:302) ~[!/:0.0.1-SNAPSHOT]
	at com.cranberry.marketplace.ai.OrderInsightsService.generateInsights(OrderInsightsService.java:65) ~[!/:0.0.1-SNAPSHOT]
	at com.cranberry.marketplace.ai.AiController.getOrderInsights(AiController.java:100) ~[!/:0.0.1-SNAPSHOT]
	at java.base/jdk.internal.reflect.NativeMethodAccessorImpl.invoke0(Native Method) ~[na:na]
	at java.base/jdk.internal.reflect.NativeMethodAccessorImpl.invoke(NativeMethodAccessorImpl.java:77) ~[na:na]
	at java.base/jdk.internal.reflect.DelegatingMethodAccessorImpl.invoke(DelegatingMethodAccessorImpl.java:43) ~[na:na]
	at java.base/java.lang.reflect.Method.invoke(Method.java:568) ~[na:na]
	at org.springframework.web.method.support.InvocableHandlerMethod.doInvoke(InvocableHandlerMethod.java:257) ~[spring-web-6.2.2.jar!/:6.2.2]
	at org.springframework.web.method.support.InvocableHandlerMethod.invokeForRequest(InvocableHandlerMethod.java:190) ~[spring-web-6.2.2.jar!/:6.2.2]
	at org.springframework.web.servlet.mvc.method.annotation.ServletInvocableHandlerMethod.invokeAndHandle(ServletInvocableHandlerMethod.java:118) ~[spring-webmvc-6.2.2.jar!/:6.2.2]
	at org.springframework.web.servlet.mvc.method.annotation.RequestMappingHandlerAdapter.invokeHandlerMethod(RequestMappingHandlerAdapter.java:986) ~[spring-webmvc-6.2.2.jar!/:6.2.2]
	at org.springframework.web.servlet.mvc.method.annotation.RequestMappingHandlerAdapter.handleInternal(RequestMappingHandlerAdapter.java:891) ~[spring-webmvc-6.2.2.jar!/:6.2.2]
	at org.springframework.web.servlet.mvc.method.AbstractHandlerMethodAdapter.handle(AbstractHandlerMethodAdapter.java:87) ~[spring-webmvc-6.2.2.jar!/:6.2.2]
	at org.springframework.web.servlet.DispatcherServlet.doDispatch(DispatcherServlet.java:1088) ~[spring-webmvc-6.2.2.jar!/:6.2.2]
	at org.springframework.web.servlet.DispatcherServlet.doService(DispatcherServlet.java:978) ~[spring-webmvc-6.2.2.jar!/:6.2.2]
	at org.springframework.web.servlet.FrameworkServlet.processRequest(FrameworkServlet.java:1014) ~[spring-webmvc-6.2.2.jar!/:6.2.2]
	at org.springframework.web.servlet.FrameworkServlet.doGet(FrameworkServlet.java:903) ~[spring-webmvc-6.2.2.jar!/:6.2.2]
	at jakarta.servlet.http.HttpServlet.service(HttpServlet.java:564) ~[tomcat-embed-core-10.1.34.jar!/:na]
	at org.springframework.web.servlet.FrameworkServlet.service(FrameworkServlet.java:885) ~[spring-webmvc-6.2.2.jar!/:6.2.2]
	at jakarta.servlet.http.HttpServlet.service(HttpServlet.java:658) ~[tomcat-embed-core-10.1.34.jar!/:na]
	at org.apache.catalina.core.ApplicationFilterChain.internalDoFilter(ApplicationFilterChain.java:195) ~[tomcat-embed-core-10.1.34.jar!/:na]
	at org.apache.catalina.core.ApplicationFilterChain.doFilter(ApplicationFilterChain.java:140) ~[tomcat-embed-core-10.1.34.jar!/:na]
	at org.apache.tomcat.websocket.server.WsFilter.doFilter(WsFilter.java:51) ~[tomcat-embed-websocket-10.1.34.jar!/:na]
	at org.apache.catalina.core.ApplicationFilterChain.internalDoFilter(ApplicationFilterChain.java:164) ~[tomcat-embed-core-10.1.34.jar!/:na]
	at org.apache.catalina.core.ApplicationFilterChain.doFilter(ApplicationFilterChain.java:140) ~[tomcat-embed-core-10.1.34.jar!/:na]
	at org.springframework.web.filter.CorsFilter.doFilterInternal(CorsFilter.java:91) ~[spring-web-6.2.2.jar!/:6.2.2]
	at org.springframework.web.filter.OncePerRequestFilter.doFilter(OncePerRequestFilter.java:116) ~[spring-web-6.2.2.jar!/:6.2.2]
	at org.apache.catalina.core.ApplicationFilterChain.internalDoFilter(ApplicationFilterChain.java:164) ~[tomcat-embed-core-10.1.34.jar!/:na]
	at org.apache.catalina.core.ApplicationFilterChain.doFilter(ApplicationFilterChain.java:140) ~[tomcat-embed-core-10.1.34.jar!/:na]
	at org.springframework.web.filter.CompositeFilter$VirtualFilterChain.doFilter(CompositeFilter.java:108) ~[spring-web-6.2.2.jar!/:6.2.2]
	at org.springframework.security.web.FilterChainProxy.lambda$doFilterInternal$3(FilterChainProxy.java:231) ~[spring-security-web-6.4.2.jar!/:6.4.2]
	at org.springframework.security.web.FilterChainProxy$VirtualFilterChain.doFilter(FilterChainProxy.java:365) ~[spring-security-web-6.4.2.jar!/:6.4.2]
	at org.springframework.security.web.access.intercept.AuthorizationFilter.doFilter(AuthorizationFilter.java:101) ~[spring-security-web-6.4.2.jar!/:6.4.2]
	at org.springframework.security.web.FilterChainProxy$VirtualFilterChain.doFilter(FilterChainProxy.java:374) ~[spring-security-web-6.4.2.jar!/:6.4.2]
	at org.springframework.security.web.access.ExceptionTranslationFilter.doFilter(ExceptionTranslationFilter.java:126) ~[spring-security-web-6.4.2.jar!/:6.4.2]
	at org.springframework.security.web.access.ExceptionTranslationFilter.doFilter(ExceptionTranslationFilter.java:120) ~[spring-security-web-6.4.2.jar!/:6.4.2]
	at org.springframework.security.web.FilterChainProxy$VirtualFilterChain.doFilter(FilterChainProxy.java:374) ~[spring-security-web-6.4.2.jar!/:6.4.2]
	at org.springframework.security.web.session.SessionManagementFilter.doFilter(SessionManagementFilter.java:131) ~[spring-security-web-6.4.2.jar!/:6.4.2]
	at org.springframework.security.web.session.SessionManagementFilter.doFilter(SessionManagementFilter.java:85) ~[spring-security-web-6.4.2.jar!/:6.4.2]
	at org.springframework.security.web.FilterChainProxy$VirtualFilterChain.doFilter(FilterChainProxy.java:374) ~[spring-security-web-6.4.2.jar!/:6.4.2]
	at org.springframework.security.web.authentication.AnonymousAuthenticationFilter.doFilter(AnonymousAuthenticationFilter.java:100) ~[spring-security-web-6.4.2.jar!/:6.4.2]
	at org.springframework.security.web.FilterChainProxy$VirtualFilterChain.doFilter(FilterChainProxy.java:374) ~[spring-security-web-6.4.2.jar!/:6.4.2]
	at org.springframework.security.web.servletapi.SecurityContextHolderAwareRequestFilter.doFilter(SecurityContextHolderAwareRequestFilter.java:179) ~[spring-security-web-6.4.2.jar!/:6.4.2]
	at org.springframework.security.web.FilterChainProxy$VirtualFilterChain.doFilter(FilterChainProxy.java:374) ~[spring-security-web-6.4.2.jar!/:6.4.2]
	at org.springframework.security.web.savedrequest.RequestCacheAwareFilter.doFilter(RequestCacheAwareFilter.java:63) ~[spring-security-web-6.4.2.jar!/:6.4.2]
	at org.springframework.security.web.FilterChainProxy$VirtualFilterChain.doFilter(FilterChainProxy.java:374) ~[spring-security-web-6.4.2.jar!/:6.4.2]
	at com.cranberry.marketplace.security.JwtFilter.doFilterInternal(JwtFilter.java:40) ~[!/:0.0.1-SNAPSHOT]
	at org.springframework.web.filter.OncePerRequestFilter.doFilter(OncePerRequestFilter.java:116) ~[spring-web-6.2.2.jar!/:6.2.2]
	at org.springframework.security.web.FilterChainProxy$VirtualFilterChain.doFilter(FilterChainProxy.java:374) ~[spring-security-web-6.4.2.jar!/:6.4.2]
	at org.springframework.security.web.authentication.logout.LogoutFilter.doFilter(LogoutFilter.java:107) ~[spring-security-web-6.4.2.jar!/:6.4.2]
	at org.springframework.security.web.authentication.logout.LogoutFilter.doFilter(LogoutFilter.java:93) ~[spring-security-web-6.4.2.jar!/:6.4.2]
	at org.springframework.security.web.FilterChainProxy$VirtualFilterChain.doFilter(FilterChainProxy.java:374) ~[spring-security-web-6.4.2.jar!/:6.4.2]
	at org.springframework.web.filter.CorsFilter.doFilterInternal(CorsFilter.java:91) ~[spring-web-6.2.2.jar!/:6.2.2]
	at org.springframework.web.filter.OncePerRequestFilter.doFilter(OncePerRequestFilter.java:116) ~[spring-web-6.2.2.jar!/:6.2.2]
	at org.springframework.security.web.FilterChainProxy$VirtualFilterChain.doFilter(FilterChainProxy.java:374) ~[spring-security-web-6.4.2.jar!/:6.4.2]
	at org.springframework.security.web.header.HeaderWriterFilter.doHeadersAfter(HeaderWriterFilter.java:90) ~[spring-security-web-6.4.2.jar!/:6.4.2]
	at org.springframework.security.web.header.HeaderWriterFilter.doFilterInternal(HeaderWriterFilter.java:75) ~[spring-security-web-6.4.2.jar!/:6.4.2]
	at org.springframework.web.filter.OncePerRequestFilter.doFilter(OncePerRequestFilter.java:116) ~[spring-web-6.2.2.jar!/:6.2.2]
	at org.springframework.security.web.FilterChainProxy$VirtualFilterChain.doFilter(FilterChainProxy.java:374) ~[spring-security-web-6.4.2.jar!/:6.4.2]
	at org.springframework.security.web.context.SecurityContextHolderFilter.doFilter(SecurityContextHolderFilter.java:82) ~[spring-security-web-6.4.2.jar!/:6.4.2]
	at org.springframework.security.web.context.SecurityContextHolderFilter.doFilter(SecurityContextHolderFilter.java:69) ~[spring-security-web-6.4.2.jar!/:6.4.2]
	at org.springframework.security.web.FilterChainProxy$VirtualFilterChain.doFilter(FilterChainProxy.java:374) ~[spring-security-web-6.4.2.jar!/:6.4.2]
	at org.springframework.security.web.context.request.async.WebAsyncManagerIntegrationFilter.doFilterInternal(WebAsyncManagerIntegrationFilter.java:62) ~[spring-security-web-6.4.2.jar!/:6.4.2]
	at org.springframework.web.filter.OncePerRequestFilter.doFilter(OncePerRequestFilter.java:116) ~[spring-web-6.2.2.jar!/:6.2.2]
	at org.springframework.security.web.FilterChainProxy$VirtualFilterChain.doFilter(FilterChainProxy.java:374) ~[spring-security-web-6.4.2.jar!/:6.4.2]
	at org.springframework.security.web.session.DisableEncodeUrlFilter.doFilterInternal(DisableEncodeUrlFilter.java:42) ~[spring-security-web-6.4.2.jar!/:6.4.2]
	at org.springframework.web.filter.OncePerRequestFilter.doFilter(OncePerRequestFilter.java:116) ~[spring-web-6.2.2.jar!/:6.2.2]
	at org.springframework.security.web.FilterChainProxy$VirtualFilterChain.doFilter(FilterChainProxy.java:374) ~[spring-security-web-6.4.2.jar!/:6.4.2]
	at org.springframework.security.web.FilterChainProxy.doFilterInternal(FilterChainProxy.java:233) ~[spring-security-web-6.4.2.jar!/:6.4.2]
	at org.springframework.security.web.FilterChainProxy.doFilter(FilterChainProxy.java:191) ~[spring-security-web-6.4.2.jar!/:6.4.2]
	at org.springframework.web.filter.CompositeFilter$VirtualFilterChain.doFilter(CompositeFilter.java:113) ~[spring-web-6.2.2.jar!/:6.2.2]
	at org.springframework.web.servlet.handler.HandlerMappingIntrospector.lambda$createCacheFilter$3(HandlerMappingIntrospector.java:243) ~[spring-webmvc-6.2.2.jar!/:6.2.2]
	at org.springframework.web.filter.CompositeFilter$VirtualFilterChain.doFilter(CompositeFilter.java:113) ~[spring-web-6.2.2.jar!/:6.2.2]
	at org.springframework.web.filter.CompositeFilter.doFilter(CompositeFilter.java:74) ~[spring-web-6.2.2.jar!/:6.2.2]
	at org.springframework.security.config.annotation.web.configuration.WebMvcSecurityConfiguration$CompositeFilterChainProxy.doFilter(WebMvcSecurityConfiguration.java:238) ~[spring-security-config-6.4.2.jar!/:6.4.2]
	at org.springframework.web.filter.DelegatingFilterProxy.invokeDelegate(DelegatingFilterProxy.java:362) ~[spring-web-6.2.2.jar!/:6.2.2]
	at org.springframework.web.filter.DelegatingFilterProxy.doFilter(DelegatingFilterProxy.java:278) ~[spring-web-6.2.2.jar!/:6.2.2]
	at org.apache.catalina.core.ApplicationFilterChain.internalDoFilter(ApplicationFilterChain.java:164) ~[tomcat-embed-core-10.1.34.jar!/:na]
	at org.apache.catalina.core.ApplicationFilterChain.doFilter(ApplicationFilterChain.java:140) ~[tomcat-embed-core-10.1.34.jar!/:na]
	at org.springframework.web.filter.RequestContextFilter.doFilterInternal(RequestContextFilter.java:100) ~[spring-web-6.2.2.jar!/:6.2.2]
	at org.springframework.web.filter.OncePerRequestFilter.doFilter(OncePerRequestFilter.java:116) ~[spring-web-6.2.2.jar!/:6.2.2]
	at org.apache.catalina.core.ApplicationFilterChain.internalDoFilter(ApplicationFilterChain.java:164) ~[tomcat-embed-core-10.1.34.jar!/:na]
	at org.apache.catalina.core.ApplicationFilterChain.doFilter(ApplicationFilterChain.java:140) ~[tomcat-embed-core-10.1.34.jar!/:na]
	at org.springframework.web.filter.FormContentFilter.doFilterInternal(FormContentFilter.java:93) ~[spring-web-6.2.2.jar!/:6.2.2]
	at org.springframework.web.filter.OncePerRequestFilter.doFilter(OncePerRequestFilter.java:116) ~[spring-web-6.2.2.jar!/:6.2.2]
	at org.apache.catalina.core.ApplicationFilterChain.internalDoFilter(ApplicationFilterChain.java:164) ~[tomcat-embed-core-10.1.34.jar!/:na]
	at org.apache.catalina.core.ApplicationFilterChain.doFilter(ApplicationFilterChain.java:140) ~[tomcat-embed-core-10.1.34.jar!/:na]
	at org.springframework.web.filter.CharacterEncodingFilter.doFilterInternal(CharacterEncodingFilter.java:201) ~[spring-web-6.2.2.jar!/:6.2.2]
	at org.springframework.web.filter.OncePerRequestFilter.doFilter(OncePerRequestFilter.java:116) ~[spring-web-6.2.2.jar!/:6.2.2]
	at org.apache.catalina.core.ApplicationFilterChain.internalDoFilter(ApplicationFilterChain.java:164) ~[tomcat-embed-core-10.1.34.jar!/:na]
	at org.apache.catalina.core.ApplicationFilterChain.doFilter(ApplicationFilterChain.java:140) ~[tomcat-embed-core-10.1.34.jar!/:na]
	at org.apache.catalina.core.StandardWrapperValve.invoke(StandardWrapperValve.java:167) ~[tomcat-embed-core-10.1.34.jar!/:na]
	at org.apache.catalina.core.StandardContextValve.invoke(StandardContextValve.java:90) ~[tomcat-embed-core-10.1.34.jar!/:na]
	at org.apache.catalina.authenticator.AuthenticatorBase.invoke(AuthenticatorBase.java:483) ~[tomcat-embed-core-10.1.34.jar!/:na]
	at org.apache.catalina.core.StandardHostValve.invoke(StandardHostValve.java:115) ~[tomcat-embed-core-10.1.34.jar!/:na]
	at org.apache.catalina.valves.ErrorReportValve.invoke(ErrorReportValve.java:93) ~[tomcat-embed-core-10.1.34.jar!/:na]
	at org.apache.catalina.core.StandardEngineValve.invoke(StandardEngineValve.java:74) ~[tomcat-embed-core-10.1.34.jar!/:na]
	at org.apache.catalina.connector.CoyoteAdapter.service(CoyoteAdapter.java:344) ~[tomcat-embed-core-10.1.34.jar!/:na]
	at org.apache.coyote.http11.Http11Processor.service(Http11Processor.java:397) ~[tomcat-embed-core-10.1.34.jar!/:na]
	at org.apache.coyote.AbstractProcessorLight.process(AbstractProcessorLight.java:63) ~[tomcat-embed-core-10.1.34.jar!/:na]
	at org.apache.coyote.AbstractProtocol$ConnectionHandler.process(AbstractProtocol.java:905) ~[tomcat-embed-core-10.1.34.jar!/:na]
	at org.apache.tomcat.util.net.NioEndpoint$SocketProcessor.doRun(NioEndpoint.java:1741) ~[tomcat-embed-core-10.1.34.jar!/:na]
	at org.apache.tomcat.util.net.SocketProcessorBase.run(SocketProcessorBase.java:52) ~[tomcat-embed-core-10.1.34.jar!/:na]
	at org.apache.tomcat.util.threads.ThreadPoolExecutor.runWorker(ThreadPoolExecutor.java:1190) ~[tomcat-embed-core-10.1.34.jar!/:na]
	at org.apache.tomcat.util.threads.ThreadPoolExecutor$Worker.run(ThreadPoolExecutor.java:659) ~[tomcat-embed-core-10.1.34.jar!/:na]
	at org.apache.tomcat.util.threads.TaskThread$WrappingRunnable.run(TaskThread.java:63) ~[tomcat-embed-core-10.1.34.jar!/:na]
	at java.base/java.lang.Thread.run(Thread.java:842) ~[na:na]
Caused by: org.springframework.web.reactive.function.client.WebClientResponseException$NotFound: 404 Not Found from POST http://localhost:11434/api/generate
	at org.springframework.web.reactive.function.client.WebClientResponseException.create(WebClientResponseException.java:324) ~[spring-webflux-6.2.2.jar!/:6.2.2]
	Suppressed: reactor.core.publisher.FluxOnAssembly$OnAssemblyException: 
Error has been observed at the following site(s):
	*__checkpoint ⇢ 404 NOT_FOUND from POST http://localhost:11434/api/generate [DefaultWebClient]
Original Stack Trace:
		at org.springframework.web.reactive.function.client.WebClientResponseException.create(WebClientResponseException.java:324) ~[spring-webflux-6.2.2.jar!/:6.2.2]
		at org.springframework.web.reactive.function.client.DefaultClientResponse.lambda$createException$1(DefaultClientResponse.java:214) ~[spring-webflux-6.2.2.jar!/:6.2.2]
		at reactor.core.publisher.FluxMap$MapSubscriber.onNext(FluxMap.java:106) ~[reactor-core-3.7.2.jar!/:3.7.2]
		at reactor.core.publisher.FluxOnErrorReturn$ReturnSubscriber.onNext(FluxOnErrorReturn.java:162) ~[reactor-core-3.7.2.jar!/:3.7.2]
		at reactor.core.publisher.FluxDefaultIfEmpty$DefaultIfEmptySubscriber.onNext(FluxDefaultIfEmpty.java:122) ~[reactor-core-3.7.2.jar!/:3.7.2]
		at reactor.core.publisher.FluxMapFuseable$MapFuseableSubscriber.onNext(FluxMapFuseable.java:129) ~[reactor-core-3.7.2.jar!/:3.7.2]
		at reactor.core.publisher.FluxContextWrite$ContextWriteSubscriber.onNext(FluxContextWrite.java:107) ~[reactor-core-3.7.2.jar!/:3.7.2]
		at reactor.core.publisher.FluxMapFuseable$MapFuseableConditionalSubscriber.onNext(FluxMapFuseable.java:299) ~[reactor-core-3.7.2.jar!/:3.7.2]
		at reactor.core.publisher.FluxFilterFuseable$FilterFuseableConditionalSubscriber.onNext(FluxFilterFuseable.java:337) ~[reactor-core-3.7.2.jar!/:3.7.2]
		at reactor.core.publisher.Operators$BaseFluxToMonoOperator.completePossiblyEmpty(Operators.java:2097) ~[reactor-core-3.7.2.jar!/:3.7.2]
		at reactor.core.publisher.MonoCollect$CollectSubscriber.onComplete(MonoCollect.java:145) ~[reactor-core-3.7.2.jar!/:3.7.2]
		at reactor.core.publisher.FluxMap$MapSubscriber.onComplete(FluxMap.java:144) ~[reactor-core-3.7.2.jar!/:3.7.2]
		at reactor.core.publisher.FluxPeek$PeekSubscriber.onComplete(FluxPeek.java:260) ~[reactor-core-3.7.2.jar!/:3.7.2]
		at reactor.core.publisher.FluxMap$MapSubscriber.onComplete(FluxMap.java:144) ~[reactor-core-3.7.2.jar!/:3.7.2]
		at reactor.netty.channel.FluxReceive.onInboundComplete(FluxReceive.java:413) ~[reactor-netty-core-1.2.2.jar!/:1.2.2]
		at reactor.netty.channel.ChannelOperations.onInboundComplete(ChannelOperations.java:455) ~[reactor-netty-core-1.2.2.jar!/:1.2.2]
		at reactor.netty.channel.ChannelOperations.terminate(ChannelOperations.java:509) ~[reactor-netty-core-1.2.2.jar!/:1.2.2]
		at reactor.netty.http.client.HttpClientOperations.onInboundNext(HttpClientOperations.java:819) ~[reactor-netty-http-1.2.2.jar!/:1.2.2]
		at reactor.netty.channel.ChannelOperationsHandler.channelRead(ChannelOperationsHandler.java:115) ~[reactor-netty-core-1.2.2.jar!/:1.2.2]
		at io.netty.channel.AbstractChannelHandlerContext.invokeChannelRead(AbstractChannelHandlerContext.java:444) ~[netty-transport-4.1.117.Final.jar!/:4.1.117.Final]
		at io.netty.channel.AbstractChannelHandlerContext.invokeChannelRead(AbstractChannelHandlerContext.java:420) ~[netty-transport-4.1.117.Final.jar!/:4.1.117.Final]
		at io.netty.channel.AbstractChannelHandlerContext.fireChannelRead(AbstractChannelHandlerContext.java:412) ~[netty-transport-4.1.117.Final.jar!/:4.1.117.Final]
		at io.netty.handler.codec.MessageToMessageDecoder.channelRead(MessageToMessageDecoder.java:107) ~[netty-codec-4.1.117.Final.jar!/:4.1.117.Final]
		at io.netty.channel.AbstractChannelHandlerContext.invokeChannelRead(AbstractChannelHandlerContext.java:444) ~[netty-transport-4.1.117.Final.jar!/:4.1.117.Final]
		at io.netty.channel.AbstractChannelHandlerContext.invokeChannelRead(AbstractChannelHandlerContext.java:420) ~[netty-transport-4.1.117.Final.jar!/:4.1.117.Final]
		at io.netty.channel.AbstractChannelHandlerContext.fireChannelRead(AbstractChannelHandlerContext.java:412) ~[netty-transport-4.1.117.Final.jar!/:4.1.117.Final]
		at io.netty.channel.CombinedChannelDuplexHandler$DelegatingChannelHandlerContext.fireChannelRead(CombinedChannelDuplexHandler.java:436) ~[netty-transport-4.1.117.Final.jar!/:4.1.117.Final]
		at io.netty.handler.codec.ByteToMessageDecoder.fireChannelRead(ByteToMessageDecoder.java:346) ~[netty-codec-4.1.117.Final.jar!/:4.1.117.Final]
		at io.netty.handler.codec.ByteToMessageDecoder.channelRead(ByteToMessageDecoder.java:318) ~[netty-codec-4.1.117.Final.jar!/:4.1.117.Final]
		at io.netty.channel.CombinedChannelDuplexHandler.channelRead(CombinedChannelDuplexHandler.java:251) ~[netty-transport-4.1.117.Final.jar!/:4.1.117.Final]
		at io.netty.channel.AbstractChannelHandlerContext.invokeChannelRead(AbstractChannelHandlerContext.java:442) ~[netty-transport-4.1.117.Final.jar!/:4.1.117.Final]
		at io.netty.channel.AbstractChannelHandlerContext.invokeChannelRead(AbstractChannelHandlerContext.java:420) ~[netty-transport-4.1.117.Final.jar!/:4.1.117.Final]
		at io.netty.channel.AbstractChannelHandlerContext.fireChannelRead(AbstractChannelHandlerContext.java:412) ~[netty-transport-4.1.117.Final.jar!/:4.1.117.Final]
		at io.netty.channel.DefaultChannelPipeline$HeadContext.channelRead(DefaultChannelPipeline.java:1357) ~[netty-transport-4.1.117.Final.jar!/:4.1.117.Final]
		at io.netty.channel.AbstractChannelHandlerContext.invokeChannelRead(AbstractChannelHandlerContext.java:440) ~[netty-transport-4.1.117.Final.jar!/:4.1.117.Final]
		at io.netty.channel.AbstractChannelHandlerContext.invokeChannelRead(AbstractChannelHandlerContext.java:420) ~[netty-transport-4.1.117.Final.jar!/:4.1.117.Final]
		at io.netty.channel.DefaultChannelPipeline.fireChannelRead(DefaultChannelPipeline.java:868) ~[netty-transport-4.1.117.Final.jar!/:4.1.117.Final]
		at io.netty.channel.nio.AbstractNioByteChannel$NioByteUnsafe.read(AbstractNioByteChannel.java:166) ~[netty-transport-4.1.117.Final.jar!/:4.1.117.Final]
		at io.netty.channel.nio.NioEventLoop.processSelectedKey(NioEventLoop.java:788) ~[netty-transport-4.1.117.Final.jar!/:4.1.117.Final]
		at io.netty.channel.nio.NioEventLoop.processSelectedKeysOptimized(NioEventLoop.java:724) ~[netty-transport-4.1.117.Final.jar!/:4.1.117.Final]
		at io.netty.channel.nio.NioEventLoop.processSelectedKeys(NioEventLoop.java:650) ~[netty-transport-4.1.117.Final.jar!/:4.1.117.Final]
		at io.netty.channel.nio.NioEventLoop.run(NioEventLoop.java:562) ~[netty-transport-4.1.117.Final.jar!/:4.1.117.Final]
		at io.netty.util.concurrent.SingleThreadEventExecutor$4.run(SingleThreadEventExecutor.java:997) ~[netty-common-4.1.117.Final.jar!/:4.1.117.Final]
		at io.netty.util.internal.ThreadExecutorMap$2.run(ThreadExecutorMap.java:74) ~[netty-common-4.1.117.Final.jar!/:4.1.117.Final]
		at io.netty.util.concurrent.FastThreadLocalRunnable.run(FastThreadLocalRunnable.java:30) ~[netty-common-4.1.117.Final.jar!/:4.1.117.Final]
		at java.base/java.lang.Thread.run(Thread.java:842) ~[na:na]
	Suppressed: java.lang.Exception: #block terminated with an error
		at reactor.core.publisher.BlockingSingleSubscriber.blockingGet(BlockingSingleSubscriber.java:104) ~[reactor-core-3.7.2.jar!/:3.7.2]
		at reactor.core.publisher.Mono.block(Mono.java:1779) ~[reactor-core-3.7.2.jar!/:3.7.2]
		at com.cranberry.marketplace.ai.AiProviderClient.callOllama(AiProviderClient.java:102) ~[!/:0.0.1-SNAPSHOT]
		at com.cranberry.marketplace.ai.AiProviderClient.generateResponse(AiProviderClient.java:73) ~[!/:0.0.1-SNAPSHOT]
		at com.cranberry.marketplace.ai.OrderInsightsService.generateExecutiveSummary(OrderInsightsService.java:302) ~[!/:0.0.1-SNAPSHOT]
		at com.cranberry.marketplace.ai.OrderInsightsService.generateInsights(OrderInsightsService.java:65) ~[!/:0.0.1-SNAPSHOT]
		at com.cranberry.marketplace.ai.AiController.getOrderInsights(AiController.java:100) ~[!/:0.0.1-SNAPSHOT]
		at java.base/jdk.internal.reflect.NativeMethodAccessorImpl.invoke0(Native Method) ~[na:na]
		at java.base/jdk.internal.reflect.NativeMethodAccessorImpl.invoke(NativeMethodAccessorImpl.java:77) ~[na:na]
		at java.base/jdk.internal.reflect.DelegatingMethodAccessorImpl.invoke(DelegatingMethodAccessorImpl.java:43) ~[na:na]
		at java.base/java.lang.reflect.Method.invoke(Method.java:568) ~[na:na]
		at org.springframework.web.method.support.InvocableHandlerMethod.doInvoke(InvocableHandlerMethod.java:257) ~[spring-web-6.2.2.jar!/:6.2.2]
		at org.springframework.web.method.support.InvocableHandlerMethod.invokeForRequest(InvocableHandlerMethod.java:190) ~[spring-web-6.2.2.jar!/:6.2.2]
		at org.springframework.web.servlet.mvc.method.annotation.ServletInvocableHandlerMethod.invokeAndHandle(ServletInvocableHandlerMethod.java:118) ~[spring-webmvc-6.2.2.jar!/:6.2.2]
		at org.springframework.web.servlet.mvc.method.annotation.RequestMappingHandlerAdapter.invokeHandlerMethod(RequestMappingHandlerAdapter.java:986) ~[spring-webmvc-6.2.2.jar!/:6.2.2]
		at org.springframework.web.servlet.mvc.method.annotation.RequestMappingHandlerAdapter.handleInternal(RequestMappingHandlerAdapter.java:891) ~[spring-webmvc-6.2.2.jar!/:6.2.2]
		at org.springframework.web.servlet.mvc.method.AbstractHandlerMethodAdapter.handle(AbstractHandlerMethodAdapter.java:87) ~[spring-webmvc-6.2.2.jar!/:6.2.2]
		at org.springframework.web.servlet.DispatcherServlet.doDispatch(DispatcherServlet.java:1088) ~[spring-webmvc-6.2.2.jar!/:6.2.2]
		at org.springframework.web.servlet.DispatcherServlet.doService(DispatcherServlet.java:978) ~[spring-webmvc-6.2.2.jar!/:6.2.2]
		at org.springframework.web.servlet.FrameworkServlet.processRequest(FrameworkServlet.java:1014) ~[spring-webmvc-6.2.2.jar!/:6.2.2]
		at org.springframework.web.servlet.FrameworkServlet.doGet(FrameworkServlet.java:903) ~[spring-webmvc-6.2.2.jar!/:6.2.2]
		at jakarta.servlet.http.HttpServlet.service(HttpServlet.java:564) ~[tomcat-embed-core-10.1.34.jar!/:na]
		at org.springframework.web.servlet.FrameworkServlet.service(FrameworkServlet.java:885) ~[spring-webmvc-6.2.2.jar!/:6.2.2]
		at jakarta.servlet.http.HttpServlet.service(HttpServlet.java:658) ~[tomcat-embed-core-10.1.34.jar!/:na]
		at org.apache.catalina.core.ApplicationFilterChain.internalDoFilter(ApplicationFilterChain.java:195) ~[tomcat-embed-core-10.1.34.jar!/:na]
		at org.apache.catalina.core.ApplicationFilterChain.doFilter(ApplicationFilterChain.java:140) ~[tomcat-embed-core-10.1.34.jar!/:na]
		at org.apache.tomcat.websocket.server.WsFilter.doFilter(WsFilter.java:51) ~[tomcat-embed-websocket-10.1.34.jar!/:na]
		at org.apache.catalina.core.ApplicationFilterChain.internalDoFilter(ApplicationFilterChain.java:164) ~[tomcat-embed-core-10.1.34.jar!/:na]
		at org.apache.catalina.core.ApplicationFilterChain.doFilter(ApplicationFilterChain.java:140) ~[tomcat-embed-core-10.1.34.jar!/:na]
		at org.springframework.web.filter.CorsFilter.doFilterInternal(CorsFilter.java:91) ~[spring-web-6.2.2.jar!/:6.2.2]
		at org.springframework.web.filter.OncePerRequestFilter.doFilter(OncePerRequestFilter.java:116) ~[spring-web-6.2.2.jar!/:6.2.2]
		at org.apache.catalina.core.ApplicationFilterChain.internalDoFilter(ApplicationFilterChain.java:164) ~[tomcat-embed-core-10.1.34.jar!/:na]
		at org.apache.catalina.core.ApplicationFilterChain.doFilter(ApplicationFilterChain.java:140) ~[tomcat-embed-core-10.1.34.jar!/:na]
		at org.springframework.web.filter.CompositeFilter$VirtualFilterChain.doFilter(CompositeFilter.java:108) ~[spring-web-6.2.2.jar!/:6.2.2]
		at org.springframework.security.web.FilterChainProxy.lambda$doFilterInternal$3(FilterChainProxy.java:231) ~[spring-security-web-6.4.2.jar!/:6.4.2]
		at org.springframework.security.web.FilterChainProxy$VirtualFilterChain.doFilter(FilterChainProxy.java:365) ~[spring-security-web-6.4.2.jar!/:6.4.2]
		at org.springframework.security.web.access.intercept.AuthorizationFilter.doFilter(AuthorizationFilter.java:101) ~[spring-security-web-6.4.2.jar!/:6.4.2]
		at org.springframework.security.web.FilterChainProxy$VirtualFilterChain.doFilter(FilterChainProxy.java:374) ~[spring-security-web-6.4.2.jar!/:6.4.2]
		at org.springframework.security.web.access.ExceptionTranslationFilter.doFilter(ExceptionTranslationFilter.java:126) ~[spring-security-web-6.4.2.jar!/:6.4.2]
		at org.springframework.security.web.access.ExceptionTranslationFilter.doFilter(ExceptionTranslationFilter.java:120) ~[spring-security-web-6.4.2.jar!/:6.4.2]
		at org.springframework.security.web.FilterChainProxy$VirtualFilterChain.doFilter(FilterChainProxy.java:374) ~[spring-security-web-6.4.2.jar!/:6.4.2]
		at org.springframework.security.web.session.SessionManagementFilter.doFilter(SessionManagementFilter.java:131) ~[spring-security-web-6.4.2.jar!/:6.4.2]
		at org.springframework.security.web.session.SessionManagementFilter.doFilter(SessionManagementFilter.java:85) ~[spring-security-web-6.4.2.jar!/:6.4.2]
		at org.springframework.security.web.FilterChainProxy$VirtualFilterChain.doFilter(FilterChainProxy.java:374) ~[spring-security-web-6.4.2.jar!/:6.4.2]
		at org.springframework.security.web.authentication.AnonymousAuthenticationFilter.doFilter(AnonymousAuthenticationFilter.java:100) ~[spring-security-web-6.4.2.jar!/:6.4.2]
		at org.springframework.security.web.FilterChainProxy$VirtualFilterChain.doFilter(FilterChainProxy.java:374) ~[spring-security-web-6.4.2.jar!/:6.4.2]
		at org.springframework.security.web.servletapi.SecurityContextHolderAwareRequestFilter.doFilter(SecurityContextHolderAwareRequestFilter.java:179) ~[spring-security-web-6.4.2.jar!/:6.4.2]
		at org.springframework.security.web.FilterChainProxy$VirtualFilterChain.doFilter(FilterChainProxy.java:374) ~[spring-security-web-6.4.2.jar!/:6.4.2]
		at org.springframework.security.web.savedrequest.RequestCacheAwareFilter.doFilter(RequestCacheAwareFilter.java:63) ~[spring-security-web-6.4.2.jar!/:6.4.2]
		at org.springframework.security.web.FilterChainProxy$VirtualFilterChain.doFilter(FilterChainProxy.java:374) ~[spring-security-web-6.4.2.jar!/:6.4.2]
		at com.cranberry.marketplace.security.JwtFilter.doFilterInternal(JwtFilter.java:40) ~[!/:0.0.1-SNAPSHOT]
		at org.springframework.web.filter.OncePerRequestFilter.doFilter(OncePerRequestFilter.java:116) ~[spring-web-6.2.2.jar!/:6.2.2]
		at org.springframework.security.web.FilterChainProxy$VirtualFilterChain.doFilter(FilterChainProxy.java:374) ~[spring-security-web-6.4.2.jar!/:6.4.2]
		at org.springframework.security.web.authentication.logout.LogoutFilter.doFilter(LogoutFilter.java:107) ~[spring-security-web-6.4.2.jar!/:6.4.2]
		at org.springframework.security.web.authentication.logout.LogoutFilter.doFilter(LogoutFilter.java:93) ~[spring-security-web-6.4.2.jar!/:6.4.2]
		at org.springframework.security.web.FilterChainProxy$VirtualFilterChain.doFilter(FilterChainProxy.java:374) ~[spring-security-web-6.4.2.jar!/:6.4.2]
		at org.springframework.web.filter.CorsFilter.doFilterInternal(CorsFilter.java:91) ~[spring-web-6.2.2.jar!/:6.2.2]
		at org.springframework.web.filter.OncePerRequestFilter.doFilter(OncePerRequestFilter.java:116) ~[spring-web-6.2.2.jar!/:6.2.2]
		at org.springframework.security.web.FilterChainProxy$VirtualFilterChain.doFilter(FilterChainProxy.java:374) ~[spring-security-web-6.4.2.jar!/:6.4.2]
		at org.springframework.security.web.header.HeaderWriterFilter.doHeadersAfter(HeaderWriterFilter.java:90) ~[spring-security-web-6.4.2.jar!/:6.4.2]
		at org.springframework.security.web.header.HeaderWriterFilter.doFilterInternal(HeaderWriterFilter.java:75) ~[spring-security-web-6.4.2.jar!/:6.4.2]
		at org.springframework.web.filter.OncePerRequestFilter.doFilter(OncePerRequestFilter.java:116) ~[spring-web-6.2.2.jar!/:6.2.2]
		at org.springframework.security.web.FilterChainProxy$VirtualFilterChain.doFilter(FilterChainProxy.java:374) ~[spring-security-web-6.4.2.jar!/:6.4.2]
		at org.springframework.security.web.context.SecurityContextHolderFilter.doFilter(SecurityContextHolderFilter.java:82) ~[spring-security-web-6.4.2.jar!/:6.4.2]
		at org.springframework.security.web.context.SecurityContextHolderFilter.doFilter(SecurityContextHolderFilter.java:69) ~[spring-security-web-6.4.2.jar!/:6.4.2]
		at org.springframework.security.web.FilterChainProxy$VirtualFilterChain.doFilter(FilterChainProxy.java:374) ~[spring-security-web-6.4.2.jar!/:6.4.2]
		at org.springframework.security.web.context.request.async.WebAsyncManagerIntegrationFilter.doFilterInternal(WebAsyncManagerIntegrationFilter.java:62) ~[spring-security-web-6.4.2.jar!/:6.4.2]
		at org.springframework.web.filter.OncePerRequestFilter.doFilter(OncePerRequestFilter.java:116) ~[spring-web-6.2.2.jar!/:6.2.2]
		at org.springframework.security.web.FilterChainProxy$VirtualFilterChain.doFilter(FilterChainProxy.java:374) ~[spring-security-web-6.4.2.jar!/:6.4.2]
		at org.springframework.security.web.session.DisableEncodeUrlFilter.doFilterInternal(DisableEncodeUrlFilter.java:42) ~[spring-security-web-6.4.2.jar!/:6.4.2]
		at org.springframework.web.filter.OncePerRequestFilter.doFilter(OncePerRequestFilter.java:116) ~[spring-web-6.2.2.jar!/:6.2.2]
		at org.springframework.security.web.FilterChainProxy$VirtualFilterChain.doFilter(FilterChainProxy.java:374) ~[spring-security-web-6.4.2.jar!/:6.4.2]
		at org.springframework.security.web.FilterChainProxy.doFilterInternal(FilterChainProxy.java:233) ~[spring-security-web-6.4.2.jar!/:6.4.2]
		at org.springframework.security.web.FilterChainProxy.doFilter(FilterChainProxy.java:191) ~[spring-security-web-6.4.2.jar!/:6.4.2]
		at org.springframework.web.filter.CompositeFilter$VirtualFilterChain.doFilter(CompositeFilter.java:113) ~[spring-web-6.2.2.jar!/:6.2.2]
		at org.springframework.web.servlet.handler.HandlerMappingIntrospector.lambda$createCacheFilter$3(HandlerMappingIntrospector.java:243) ~[spring-webmvc-6.2.2.jar!/:6.2.2]
		at org.springframework.web.filter.CompositeFilter$VirtualFilterChain.doFilter(CompositeFilter.java:113) ~[spring-web-6.2.2.jar!/:6.2.2]
		at org.springframework.web.filter.CompositeFilter.doFilter(CompositeFilter.java:74) ~[spring-web-6.2.2.jar!/:6.2.2]
		at org.springframework.security.config.annotation.web.configuration.WebMvcSecurityConfiguration$CompositeFilterChainProxy.doFilter(WebMvcSecurityConfiguration.java:238) ~[spring-security-config-6.4.2.jar!/:6.4.2]
		at org.springframework.web.filter.DelegatingFilterProxy.invokeDelegate(DelegatingFilterProxy.java:362) ~[spring-web-6.2.2.jar!/:6.2.2]
		at org.springframework.web.filter.DelegatingFilterProxy.doFilter(DelegatingFilterProxy.java:278) ~[spring-web-6.2.2.jar!/:6.2.2]
		at org.apache.catalina.core.ApplicationFilterChain.internalDoFilter(ApplicationFilterChain.java:164) ~[tomcat-embed-core-10.1.34.jar!/:na]
		at org.apache.catalina.core.ApplicationFilterChain.doFilter(ApplicationFilterChain.java:140) ~[tomcat-embed-core-10.1.34.jar!/:na]
		at org.springframework.web.filter.RequestContextFilter.doFilterInternal(RequestContextFilter.java:100) ~[spring-web-6.2.2.jar!/:6.2.2]
		at org.springframework.web.filter.OncePerRequestFilter.doFilter(OncePerRequestFilter.java:116) ~[spring-web-6.2.2.jar!/:6.2.2]
		at org.apache.catalina.core.ApplicationFilterChain.internalDoFilter(ApplicationFilterChain.java:164) ~[tomcat-embed-core-10.1.34.jar!/:na]
		at org.apache.catalina.core.ApplicationFilterChain.doFilter(ApplicationFilterChain.java:140) ~[tomcat-embed-core-10.1.34.jar!/:na]
		at org.springframework.web.filter.FormContentFilter.doFilterInternal(FormContentFilter.java:93) ~[spring-web-6.2.2.jar!/:6.2.2]
		at org.springframework.web.filter.OncePerRequestFilter.doFilter(OncePerRequestFilter.java:116) ~[spring-web-6.2.2.jar!/:6.2.2]
		at org.apache.catalina.core.ApplicationFilterChain.internalDoFilter(ApplicationFilterChain.java:164) ~[tomcat-embed-core-10.1.34.jar!/:na]
		at org.apache.catalina.core.ApplicationFilterChain.doFilter(ApplicationFilterChain.java:140) ~[tomcat-embed-core-10.1.34.jar!/:na]
		at org.springframework.web.filter.CharacterEncodingFilter.doFilterInternal(CharacterEncodingFilter.java:201) ~[spring-web-6.2.2.jar!/:6.2.2]
		at org.springframework.web.filter.OncePerRequestFilter.doFilter(OncePerRequestFilter.java:116) ~[spring-web-6.2.2.jar!/:6.2.2]
		at org.apache.catalina.core.ApplicationFilterChain.internalDoFilter(ApplicationFilterChain.java:164) ~[tomcat-embed-core-10.1.34.jar!/:na]
		at org.apache.catalina.core.ApplicationFilterChain.doFilter(ApplicationFilterChain.java:140) ~[tomcat-embed-core-10.1.34.jar!/:na]
		at org.apache.catalina.core.StandardWrapperValve.invoke(StandardWrapperValve.java:167) ~[tomcat-embed-core-10.1.34.jar!/:na]
		at org.apache.catalina.core.StandardContextValve.invoke(StandardContextValve.java:90) ~[tomcat-embed-core-10.1.34.jar!/:na]
		at org.apache.catalina.authenticator.AuthenticatorBase.invoke(AuthenticatorBase.java:483) ~[tomcat-embed-core-10.1.34.jar!/:na]
		at org.apache.catalina.core.StandardHostValve.invoke(StandardHostValve.java:115) ~[tomcat-embed-core-10.1.34.jar!/:na]
		at org.apache.catalina.valves.ErrorReportValve.invoke(ErrorReportValve.java:93) ~[tomcat-embed-core-10.1.34.jar!/:na]
		at org.apache.catalina.core.StandardEngineValve.invoke(StandardEngineValve.java:74) ~[tomcat-embed-core-10.1.34.jar!/:na]
		at org.apache.catalina.connector.CoyoteAdapter.service(CoyoteAdapter.java:344) ~[tomcat-embed-core-10.1.34.jar!/:na]
		at org.apache.coyote.http11.Http11Processor.service(Http11Processor.java:397) ~[tomcat-embed-core-10.1.34.jar!/:na]
		at org.apache.coyote.AbstractProcessorLight.process(AbstractProcessorLight.java:63) ~[tomcat-embed-core-10.1.34.jar!/:na]
		at org.apache.coyote.AbstractProtocol$ConnectionHandler.process(AbstractProtocol.java:905) ~[tomcat-embed-core-10.1.34.jar!/:na]
		at org.apache.tomcat.util.net.NioEndpoint$SocketProcessor.doRun(NioEndpoint.java:1741) ~[tomcat-embed-core-10.1.34.jar!/:na]
		at org.apache.tomcat.util.net.SocketProcessorBase.run(SocketProcessorBase.java:52) ~[tomcat-embed-core-10.1.34.jar!/:na]
		at org.apache.tomcat.util.threads.ThreadPoolExecutor.runWorker(ThreadPoolExecutor.java:1190) ~[tomcat-embed-core-10.1.34.jar!/:na]
		at org.apache.tomcat.util.threads.ThreadPoolExecutor$Worker.run(ThreadPoolExecutor.java:659) ~[tomcat-embed-core-10.1.34.jar!/:na]
		at org.apache.tomcat.util.threads.TaskThread$WrappingRunnable.run(TaskThread.java:63) ~[tomcat-embed-core-10.1.34.jar!/:na]
		at java.base/java.lang.Thread.run(Thread.java:842) ~[na:na]

2026-01-27T23:51:58.840+05:30  INFO 7183 --- [nio-8080-exec-5] c.c.marketplace.ai.OrderInsightsService  : Summary generated
2026-01-27T23:51:58.840+05:30 ERROR 7183 --- [nio-8080-exec-5] c.c.marketplace.ai.OrderInsightsService  : Error in generateInsights: 

org.hibernate.LazyInitializationException: failed to lazily initialize a collection of role: com.cranberry.marketplace.model.Order.items: could not initialize proxy - no Session
	at org.hibernate.collection.spi.AbstractPersistentCollection.throwLazyInitializationException(AbstractPersistentCollection.java:635) ~[hibernate-core-6.6.5.Final.jar!/:6.6.5.Final]
	at org.hibernate.collection.spi.AbstractPersistentCollection.withTemporarySessionIfNeeded(AbstractPersistentCollection.java:219) ~[hibernate-core-6.6.5.Final.jar!/:6.6.5.Final]
	at org.hibernate.collection.spi.AbstractPersistentCollection.initialize(AbstractPersistentCollection.java:614) ~[hibernate-core-6.6.5.Final.jar!/:6.6.5.Final]
	at org.hibernate.collection.spi.AbstractPersistentCollection.read(AbstractPersistentCollection.java:138) ~[hibernate-core-6.6.5.Final.jar!/:6.6.5.Final]
	at org.hibernate.collection.spi.PersistentBag.iterator(PersistentBag.java:369) ~[hibernate-core-6.6.5.Final.jar!/:6.6.5.Final]
	at com.cranberry.marketplace.ai.OrderInsightsService.getTopProducts(OrderInsightsService.java:325) ~[!/:0.0.1-SNAPSHOT]
	at com.cranberry.marketplace.ai.OrderInsightsService.generateInsights(OrderInsightsService.java:87) ~[!/:0.0.1-SNAPSHOT]
	at com.cranberry.marketplace.ai.AiController.getOrderInsights(AiController.java:100) ~[!/:0.0.1-SNAPSHOT]
	at java.base/jdk.internal.reflect.NativeMethodAccessorImpl.invoke0(Native Method) ~[na:na]
	at java.base/jdk.internal.reflect.NativeMethodAccessorImpl.invoke(NativeMethodAccessorImpl.java:77) ~[na:na]
	at java.base/jdk.internal.reflect.DelegatingMethodAccessorImpl.invoke(DelegatingMethodAccessorImpl.java:43) ~[na:na]
	at java.base/java.lang.reflect.Method.invoke(Method.java:568) ~[na:na]
	at org.springframework.web.method.support.InvocableHandlerMethod.doInvoke(InvocableHandlerMethod.java:257) ~[spring-web-6.2.2.jar!/:6.2.2]
	at org.springframework.web.method.support.InvocableHandlerMethod.invokeForRequest(InvocableHandlerMethod.java:190) ~[spring-web-6.2.2.jar!/:6.2.2]
	at org.springframework.web.servlet.mvc.method.annotation.ServletInvocableHandlerMethod.invokeAndHandle(ServletInvocableHandlerMethod.java:118) ~[spring-webmvc-6.2.2.jar!/:6.2.2]
	at org.springframework.web.servlet.mvc.method.annotation.RequestMappingHandlerAdapter.invokeHandlerMethod(RequestMappingHandlerAdapter.java:986) ~[spring-webmvc-6.2.2.jar!/:6.2.2]
	at org.springframework.web.servlet.mvc.method.annotation.RequestMappingHandlerAdapter.handleInternal(RequestMappingHandlerAdapter.java:891) ~[spring-webmvc-6.2.2.jar!/:6.2.2]
	at org.springframework.web.servlet.mvc.method.AbstractHandlerMethodAdapter.handle(AbstractHandlerMethodAdapter.java:87) ~[spring-webmvc-6.2.2.jar!/:6.2.2]
	at org.springframework.web.servlet.DispatcherServlet.doDispatch(DispatcherServlet.java:1088) ~[spring-webmvc-6.2.2.jar!/:6.2.2]
	at org.springframework.web.servlet.DispatcherServlet.doService(DispatcherServlet.java:978) ~[spring-webmvc-6.2.2.jar!/:6.2.2]
	at org.springframework.web.servlet.FrameworkServlet.processRequest(FrameworkServlet.java:1014) ~[spring-webmvc-6.2.2.jar!/:6.2.2]
	at org.springframework.web.servlet.FrameworkServlet.doGet(FrameworkServlet.java:903) ~[spring-webmvc-6.2.2.jar!/:6.2.2]
	at jakarta.servlet.http.HttpServlet.service(HttpServlet.java:564) ~[tomcat-embed-core-10.1.34.jar!/:na]
	at org.springframework.web.servlet.FrameworkServlet.service(FrameworkServlet.java:885) ~[spring-webmvc-6.2.2.jar!/:6.2.2]
	at jakarta.servlet.http.HttpServlet.service(HttpServlet.java:658) ~[tomcat-embed-core-10.1.34.jar!/:na]
	at org.apache.catalina.core.ApplicationFilterChain.internalDoFilter(ApplicationFilterChain.java:195) ~[tomcat-embed-core-10.1.34.jar!/:na]
	at org.apache.catalina.core.ApplicationFilterChain.doFilter(ApplicationFilterChain.java:140) ~[tomcat-embed-core-10.1.34.jar!/:na]
	at org.apache.tomcat.websocket.server.WsFilter.doFilter(WsFilter.java:51) ~[tomcat-embed-websocket-10.1.34.jar!/:na]
	at org.apache.catalina.core.ApplicationFilterChain.internalDoFilter(ApplicationFilterChain.java:164) ~[tomcat-embed-core-10.1.34.jar!/:na]
	at org.apache.catalina.core.ApplicationFilterChain.doFilter(ApplicationFilterChain.java:140) ~[tomcat-embed-core-10.1.34.jar!/:na]
	at org.springframework.web.filter.CorsFilter.doFilterInternal(CorsFilter.java:91) ~[spring-web-6.2.2.jar!/:6.2.2]
	at org.springframework.web.filter.OncePerRequestFilter.doFilter(OncePerRequestFilter.java:116) ~[spring-web-6.2.2.jar!/:6.2.2]
	at org.apache.catalina.core.ApplicationFilterChain.internalDoFilter(ApplicationFilterChain.java:164) ~[tomcat-embed-core-10.1.34.jar!/:na]
	at org.apache.catalina.core.ApplicationFilterChain.doFilter(ApplicationFilterChain.java:140) ~[tomcat-embed-core-10.1.34.jar!/:na]
	at org.springframework.web.filter.CompositeFilter$VirtualFilterChain.doFilter(CompositeFilter.java:108) ~[spring-web-6.2.2.jar!/:6.2.2]
	at org.springframework.security.web.FilterChainProxy.lambda$doFilterInternal$3(FilterChainProxy.java:231) ~[spring-security-web-6.4.2.jar!/:6.4.2]
	at org.springframework.security.web.FilterChainProxy$VirtualFilterChain.doFilter(FilterChainProxy.java:365) ~[spring-security-web-6.4.2.jar!/:6.4.2]
	at org.springframework.security.web.access.intercept.AuthorizationFilter.doFilter(AuthorizationFilter.java:101) ~[spring-security-web-6.4.2.jar!/:6.4.2]
	at org.springframework.security.web.FilterChainProxy$VirtualFilterChain.doFilter(FilterChainProxy.java:374) ~[spring-security-web-6.4.2.jar!/:6.4.2]
	at org.springframework.security.web.access.ExceptionTranslationFilter.doFilter(ExceptionTranslationFilter.java:126) ~[spring-security-web-6.4.2.jar!/:6.4.2]
	at org.springframework.security.web.access.ExceptionTranslationFilter.doFilter(ExceptionTranslationFilter.java:120) ~[spring-security-web-6.4.2.jar!/:6.4.2]
	at org.springframework.security.web.FilterChainProxy$VirtualFilterChain.doFilter(FilterChainProxy.java:374) ~[spring-security-web-6.4.2.jar!/:6.4.2]
	at org.springframework.security.web.session.SessionManagementFilter.doFilter(SessionManagementFilter.java:131) ~[spring-security-web-6.4.2.jar!/:6.4.2]
	at org.springframework.security.web.session.SessionManagementFilter.doFilter(SessionManagementFilter.java:85) ~[spring-security-web-6.4.2.jar!/:6.4.2]
	at org.springframework.security.web.FilterChainProxy$VirtualFilterChain.doFilter(FilterChainProxy.java:374) ~[spring-security-web-6.4.2.jar!/:6.4.2]
	at org.springframework.security.web.authentication.AnonymousAuthenticationFilter.doFilter(AnonymousAuthenticationFilter.java:100) ~[spring-security-web-6.4.2.jar!/:6.4.2]
	at org.springframework.security.web.FilterChainProxy$VirtualFilterChain.doFilter(FilterChainProxy.java:374) ~[spring-security-web-6.4.2.jar!/:6.4.2]
	at org.springframework.security.web.servletapi.SecurityContextHolderAwareRequestFilter.doFilter(SecurityContextHolderAwareRequestFilter.java:179) ~[spring-security-web-6.4.2.jar!/:6.4.2]
	at org.springframework.security.web.FilterChainProxy$VirtualFilterChain.doFilter(FilterChainProxy.java:374) ~[spring-security-web-6.4.2.jar!/:6.4.2]
	at org.springframework.security.web.savedrequest.RequestCacheAwareFilter.doFilter(RequestCacheAwareFilter.java:63) ~[spring-security-web-6.4.2.jar!/:6.4.2]
	at org.springframework.security.web.FilterChainProxy$VirtualFilterChain.doFilter(FilterChainProxy.java:374) ~[spring-security-web-6.4.2.jar!/:6.4.2]
	at com.cranberry.marketplace.security.JwtFilter.doFilterInternal(JwtFilter.java:40) ~[!/:0.0.1-SNAPSHOT]
	at org.springframework.web.filter.OncePerRequestFilter.doFilter(OncePerRequestFilter.java:116) ~[spring-web-6.2.2.jar!/:6.2.2]
	at org.springframework.security.web.FilterChainProxy$VirtualFilterChain.doFilter(FilterChainProxy.java:374) ~[spring-security-web-6.4.2.jar!/:6.4.2]
	at org.springframework.security.web.authentication.logout.LogoutFilter.doFilter(LogoutFilter.java:107) ~[spring-security-web-6.4.2.jar!/:6.4.2]
	at org.springframework.security.web.authentication.logout.LogoutFilter.doFilter(LogoutFilter.java:93) ~[spring-security-web-6.4.2.jar!/:6.4.2]
	at org.springframework.security.web.FilterChainProxy$VirtualFilterChain.doFilter(FilterChainProxy.java:374) ~[spring-security-web-6.4.2.jar!/:6.4.2]
	at org.springframework.web.filter.CorsFilter.doFilterInternal(CorsFilter.java:91) ~[spring-web-6.2.2.jar!/:6.2.2]
	at org.springframework.web.filter.OncePerRequestFilter.doFilter(OncePerRequestFilter.java:116) ~[spring-web-6.2.2.jar!/:6.2.2]
	at org.springframework.security.web.FilterChainProxy$VirtualFilterChain.doFilter(FilterChainProxy.java:374) ~[spring-security-web-6.4.2.jar!/:6.4.2]
	at org.springframework.security.web.header.HeaderWriterFilter.doHeadersAfter(HeaderWriterFilter.java:90) ~[spring-security-web-6.4.2.jar!/:6.4.2]
	at org.springframework.security.web.header.HeaderWriterFilter.doFilterInternal(HeaderWriterFilter.java:75) ~[spring-security-web-6.4.2.jar!/:6.4.2]
	at org.springframework.web.filter.OncePerRequestFilter.doFilter(OncePerRequestFilter.java:116) ~[spring-web-6.2.2.jar!/:6.2.2]
	at org.springframework.security.web.FilterChainProxy$VirtualFilterChain.doFilter(FilterChainProxy.java:374) ~[spring-security-web-6.4.2.jar!/:6.4.2]
	at org.springframework.security.web.context.SecurityContextHolderFilter.doFilter(SecurityContextHolderFilter.java:82) ~[spring-security-web-6.4.2.jar!/:6.4.2]
	at org.springframework.security.web.context.SecurityContextHolderFilter.doFilter(SecurityContextHolderFilter.java:69) ~[spring-security-web-6.4.2.jar!/:6.4.2]
	at org.springframework.security.web.FilterChainProxy$VirtualFilterChain.doFilter(FilterChainProxy.java:374) ~[spring-security-web-6.4.2.jar!/:6.4.2]
	at org.springframework.security.web.context.request.async.WebAsyncManagerIntegrationFilter.doFilterInternal(WebAsyncManagerIntegrationFilter.java:62) ~[spring-security-web-6.4.2.jar!/:6.4.2]
	at org.springframework.web.filter.OncePerRequestFilter.doFilter(OncePerRequestFilter.java:116) ~[spring-web-6.2.2.jar!/:6.2.2]
	at org.springframework.security.web.FilterChainProxy$VirtualFilterChain.doFilter(FilterChainProxy.java:374) ~[spring-security-web-6.4.2.jar!/:6.4.2]
	at org.springframework.security.web.session.DisableEncodeUrlFilter.doFilterInternal(DisableEncodeUrlFilter.java:42) ~[spring-security-web-6.4.2.jar!/:6.4.2]
	at org.springframework.web.filter.OncePerRequestFilter.doFilter(OncePerRequestFilter.java:116) ~[spring-web-6.2.2.jar!/:6.2.2]
	at org.springframework.security.web.FilterChainProxy$VirtualFilterChain.doFilter(FilterChainProxy.java:374) ~[spring-security-web-6.4.2.jar!/:6.4.2]
	at org.springframework.security.web.FilterChainProxy.doFilterInternal(FilterChainProxy.java:233) ~[spring-security-web-6.4.2.jar!/:6.4.2]
	at org.springframework.security.web.FilterChainProxy.doFilter(FilterChainProxy.java:191) ~[spring-security-web-6.4.2.jar!/:6.4.2]
	at org.springframework.web.filter.CompositeFilter$VirtualFilterChain.doFilter(CompositeFilter.java:113) ~[spring-web-6.2.2.jar!/:6.2.2]
	at org.springframework.web.servlet.handler.HandlerMappingIntrospector.lambda$createCacheFilter$3(HandlerMappingIntrospector.java:243) ~[spring-webmvc-6.2.2.jar!/:6.2.2]
	at org.springframework.web.filter.CompositeFilter$VirtualFilterChain.doFilter(CompositeFilter.java:113) ~[spring-web-6.2.2.jar!/:6.2.2]
	at org.springframework.web.filter.CompositeFilter.doFilter(CompositeFilter.java:74) ~[spring-web-6.2.2.jar!/:6.2.2]
	at org.springframework.security.config.annotation.web.configuration.WebMvcSecurityConfiguration$CompositeFilterChainProxy.doFilter(WebMvcSecurityConfiguration.java:238) ~[spring-security-config-6.4.2.jar!/:6.4.2]
	at org.springframework.web.filter.DelegatingFilterProxy.invokeDelegate(DelegatingFilterProxy.java:362) ~[spring-web-6.2.2.jar!/:6.2.2]
	at org.springframework.web.filter.DelegatingFilterProxy.doFilter(DelegatingFilterProxy.java:278) ~[spring-web-6.2.2.jar!/:6.2.2]
	at org.apache.catalina.core.ApplicationFilterChain.internalDoFilter(ApplicationFilterChain.java:164) ~[tomcat-embed-core-10.1.34.jar!/:na]
	at org.apache.catalina.core.ApplicationFilterChain.doFilter(ApplicationFilterChain.java:140) ~[tomcat-embed-core-10.1.34.jar!/:na]
	at org.springframework.web.filter.RequestContextFilter.doFilterInternal(RequestContextFilter.java:100) ~[spring-web-6.2.2.jar!/:6.2.2]
	at org.springframework.web.filter.OncePerRequestFilter.doFilter(OncePerRequestFilter.java:116) ~[spring-web-6.2.2.jar!/:6.2.2]
	at org.apache.catalina.core.ApplicationFilterChain.internalDoFilter(ApplicationFilterChain.java:164) ~[tomcat-embed-core-10.1.34.jar!/:na]
	at org.apache.catalina.core.ApplicationFilterChain.doFilter(ApplicationFilterChain.java:140) ~[tomcat-embed-core-10.1.34.jar!/:na]
	at org.springframework.web.filter.FormContentFilter.doFilterInternal(FormContentFilter.java:93) ~[spring-web-6.2.2.jar!/:6.2.2]
	at org.springframework.web.filter.OncePerRequestFilter.doFilter(OncePerRequestFilter.java:116) ~[spring-web-6.2.2.jar!/:6.2.2]
	at org.apache.catalina.core.ApplicationFilterChain.internalDoFilter(ApplicationFilterChain.java:164) ~[tomcat-embed-core-10.1.34.jar!/:na]
	at org.apache.catalina.core.ApplicationFilterChain.doFilter(ApplicationFilterChain.java:140) ~[tomcat-embed-core-10.1.34.jar!/:na]
	at org.springframework.web.filter.CharacterEncodingFilter.doFilterInternal(CharacterEncodingFilter.java:201) ~[spring-web-6.2.2.jar!/:6.2.2]
	at org.springframework.web.filter.OncePerRequestFilter.doFilter(OncePerRequestFilter.java:116) ~[spring-web-6.2.2.jar!/:6.2.2]
	at org.apache.catalina.core.ApplicationFilterChain.internalDoFilter(ApplicationFilterChain.java:164) ~[tomcat-embed-core-10.1.34.jar!/:na]
	at org.apache.catalina.core.ApplicationFilterChain.doFilter(ApplicationFilterChain.java:140) ~[tomcat-embed-core-10.1.34.jar!/:na]
	at org.apache.catalina.core.StandardWrapperValve.invoke(StandardWrapperValve.java:167) ~[tomcat-embed-core-10.1.34.jar!/:na]
	at org.apache.catalina.core.StandardContextValve.invoke(StandardContextValve.java:90) ~[tomcat-embed-core-10.1.34.jar!/:na]
	at org.apache.catalina.authenticator.AuthenticatorBase.invoke(AuthenticatorBase.java:483) ~[tomcat-embed-core-10.1.34.jar!/:na]
	at org.apache.catalina.core.StandardHostValve.invoke(StandardHostValve.java:115) ~[tomcat-embed-core-10.1.34.jar!/:na]
	at org.apache.catalina.valves.ErrorReportValve.invoke(ErrorReportValve.java:93) ~[tomcat-embed-core-10.1.34.jar!/:na]
	at org.apache.catalina.core.StandardEngineValve.invoke(StandardEngineValve.java:74) ~[tomcat-embed-core-10.1.34.jar!/:na]
	at org.apache.catalina.connector.CoyoteAdapter.service(CoyoteAdapter.java:344) ~[tomcat-embed-core-10.1.34.jar!/:na]
	at org.apache.coyote.http11.Http11Processor.service(Http11Processor.java:397) ~[tomcat-embed-core-10.1.34.jar!/:na]
	at org.apache.coyote.AbstractProcessorLight.process(AbstractProcessorLight.java:63) ~[tomcat-embed-core-10.1.34.jar!/:na]
	at org.apache.coyote.AbstractProtocol$ConnectionHandler.process(AbstractProtocol.java:905) ~[tomcat-embed-core-10.1.34.jar!/:na]
	at org.apache.tomcat.util.net.NioEndpoint$SocketProcessor.doRun(NioEndpoint.java:1741) ~[tomcat-embed-core-10.1.34.jar!/:na]
	at org.apache.tomcat.util.net.SocketProcessorBase.run(SocketProcessorBase.java:52) ~[tomcat-embed-core-10.1.34.jar!/:na]
	at org.apache.tomcat.util.threads.ThreadPoolExecutor.runWorker(ThreadPoolExecutor.java:1190) ~[tomcat-embed-core-10.1.34.jar!/:na]
	at org.apache.tomcat.util.threads.ThreadPoolExecutor$Worker.run(ThreadPoolExecutor.java:659) ~[tomcat-embed-core-10.1.34.jar!/:na]
	at org.apache.tomcat.util.threads.TaskThread$WrappingRunnable.run(TaskThread.java:63) ~[tomcat-embed-core-10.1.34.jar!/:na]
	at java.base/java.lang.Thread.run(Thread.java:842) ~[na:na]

Hibernate: select u1_0.id,u1_0.email,u1_0.name,u1_0.password,u1_0.role from users u1_0 where u1_0.email=?
2026-01-27T23:52:50.445+05:30  INFO 7183 --- [nio-8080-exec-4] c.c.marketplace.ai.OrderInsightsService  : Generating AI insights for orders...
Hibernate: select o1_0.id,o1_0.created_at,o1_0.estimated_delivery_date,o1_0.shipping_address,o1_0.status,o1_0.total_amount,o1_0.tracking_number,o1_0.updated_at,o1_0.user_id from orders o1_0 order by o1_0.created_at desc
Hibernate: select u1_0.id,u1_0.email,u1_0.name,u1_0.password,u1_0.role from users u1_0 where u1_0.id=?
2026-01-27T23:52:50.451+05:30  INFO 7183 --- [nio-8080-exec-4] c.c.marketplace.ai.OrderInsightsService  : Found 7 orders
2026-01-27T23:52:50.451+05:30  INFO 7183 --- [nio-8080-exec-4] c.c.marketplace.ai.OrderInsightsService  : Metrics calculated
2026-01-27T23:52:50.452+05:30  INFO 7183 --- [nio-8080-exec-4] c.c.marketplace.ai.OrderInsightsService  : AI insights generated
2026-01-27T23:52:50.452+05:30  INFO 7183 --- [nio-8080-exec-4] c.c.marketplace.ai.OrderInsightsService  : Recommendations generated
2026-01-27T23:52:50.458+05:30 ERROR 7183 --- [nio-8080-exec-4] c.c.marketplace.ai.AiProviderClient      : Error calling Ollama API: 404 Not Found from POST http://localhost:11434/api/generate
2026-01-27T23:52:50.459+05:30 ERROR 7183 --- [nio-8080-exec-4] c.c.marketplace.ai.AiProviderClient      : Error generating AI response

java.lang.RuntimeException: Failed to call Ollama API
	at com.cranberry.marketplace.ai.AiProviderClient.callOllama(AiProviderClient.java:111) ~[!/:0.0.1-SNAPSHOT]
	at com.cranberry.marketplace.ai.AiProviderClient.generateResponse(AiProviderClient.java:73) ~[!/:0.0.1-SNAPSHOT]
	at com.cranberry.marketplace.ai.OrderInsightsService.generateExecutiveSummary(OrderInsightsService.java:302) ~[!/:0.0.1-SNAPSHOT]
	at com.cranberry.marketplace.ai.OrderInsightsService.generateInsights(OrderInsightsService.java:65) ~[!/:0.0.1-SNAPSHOT]
	at com.cranberry.marketplace.ai.AiController.getOrderInsights(AiController.java:100) ~[!/:0.0.1-SNAPSHOT]
	at java.base/jdk.internal.reflect.NativeMethodAccessorImpl.invoke0(Native Method) ~[na:na]
	at java.base/jdk.internal.reflect.NativeMethodAccessorImpl.invoke(NativeMethodAccessorImpl.java:77) ~[na:na]
	at java.base/jdk.internal.reflect.DelegatingMethodAccessorImpl.invoke(DelegatingMethodAccessorImpl.java:43) ~[na:na]
	at java.base/java.lang.reflect.Method.invoke(Method.java:568) ~[na:na]
	at org.springframework.web.method.support.InvocableHandlerMethod.doInvoke(InvocableHandlerMethod.java:257) ~[spring-web-6.2.2.jar!/:6.2.2]
	at org.springframework.web.method.support.InvocableHandlerMethod.invokeForRequest(InvocableHandlerMethod.java:190) ~[spring-web-6.2.2.jar!/:6.2.2]
	at org.springframework.web.servlet.mvc.method.annotation.ServletInvocableHandlerMethod.invokeAndHandle(ServletInvocableHandlerMethod.java:118) ~[spring-webmvc-6.2.2.jar!/:6.2.2]
	at org.springframework.web.servlet.mvc.method.annotation.RequestMappingHandlerAdapter.invokeHandlerMethod(RequestMappingHandlerAdapter.java:986) ~[spring-webmvc-6.2.2.jar!/:6.2.2]
	at org.springframework.web.servlet.mvc.method.annotation.RequestMappingHandlerAdapter.handleInternal(RequestMappingHandlerAdapter.java:891) ~[spring-webmvc-6.2.2.jar!/:6.2.2]
	at org.springframework.web.servlet.mvc.method.AbstractHandlerMethodAdapter.handle(AbstractHandlerMethodAdapter.java:87) ~[spring-webmvc-6.2.2.jar!/:6.2.2]
	at org.springframework.web.servlet.DispatcherServlet.doDispatch(DispatcherServlet.java:1088) ~[spring-webmvc-6.2.2.jar!/:6.2.2]
	at org.springframework.web.servlet.DispatcherServlet.doService(DispatcherServlet.java:978) ~[spring-webmvc-6.2.2.jar!/:6.2.2]
	at org.springframework.web.servlet.FrameworkServlet.processRequest(FrameworkServlet.java:1014) ~[spring-webmvc-6.2.2.jar!/:6.2.2]
	at org.springframework.web.servlet.FrameworkServlet.doGet(FrameworkServlet.java:903) ~[spring-webmvc-6.2.2.jar!/:6.2.2]
	at jakarta.servlet.http.HttpServlet.service(HttpServlet.java:564) ~[tomcat-embed-core-10.1.34.jar!/:na]
	at org.springframework.web.servlet.FrameworkServlet.service(FrameworkServlet.java:885) ~[spring-webmvc-6.2.2.jar!/:6.2.2]
	at jakarta.servlet.http.HttpServlet.service(HttpServlet.java:658) ~[tomcat-embed-core-10.1.34.jar!/:na]
	at org.apache.catalina.core.ApplicationFilterChain.internalDoFilter(ApplicationFilterChain.java:195) ~[tomcat-embed-core-10.1.34.jar!/:na]
	at org.apache.catalina.core.ApplicationFilterChain.doFilter(ApplicationFilterChain.java:140) ~[tomcat-embed-core-10.1.34.jar!/:na]
	at org.apache.tomcat.websocket.server.WsFilter.doFilter(WsFilter.java:51) ~[tomcat-embed-websocket-10.1.34.jar!/:na]
	at org.apache.catalina.core.ApplicationFilterChain.internalDoFilter(ApplicationFilterChain.java:164) ~[tomcat-embed-core-10.1.34.jar!/:na]
	at org.apache.catalina.core.ApplicationFilterChain.doFilter(ApplicationFilterChain.java:140) ~[tomcat-embed-core-10.1.34.jar!/:na]
	at org.springframework.web.filter.CorsFilter.doFilterInternal(CorsFilter.java:91) ~[spring-web-6.2.2.jar!/:6.2.2]
	at org.springframework.web.filter.OncePerRequestFilter.doFilter(OncePerRequestFilter.java:116) ~[spring-web-6.2.2.jar!/:6.2.2]
	at org.apache.catalina.core.ApplicationFilterChain.internalDoFilter(ApplicationFilterChain.java:164) ~[tomcat-embed-core-10.1.34.jar!/:na]
	at org.apache.catalina.core.ApplicationFilterChain.doFilter(ApplicationFilterChain.java:140) ~[tomcat-embed-core-10.1.34.jar!/:na]
	at org.springframework.web.filter.CompositeFilter$VirtualFilterChain.doFilter(CompositeFilter.java:108) ~[spring-web-6.2.2.jar!/:6.2.2]
	at org.springframework.security.web.FilterChainProxy.lambda$doFilterInternal$3(FilterChainProxy.java:231) ~[spring-security-web-6.4.2.jar!/:6.4.2]
	at org.springframework.security.web.FilterChainProxy$VirtualFilterChain.doFilter(FilterChainProxy.java:365) ~[spring-security-web-6.4.2.jar!/:6.4.2]
	at org.springframework.security.web.access.intercept.AuthorizationFilter.doFilter(AuthorizationFilter.java:101) ~[spring-security-web-6.4.2.jar!/:6.4.2]
	at org.springframework.security.web.FilterChainProxy$VirtualFilterChain.doFilter(FilterChainProxy.java:374) ~[spring-security-web-6.4.2.jar!/:6.4.2]
	at org.springframework.security.web.access.ExceptionTranslationFilter.doFilter(ExceptionTranslationFilter.java:126) ~[spring-security-web-6.4.2.jar!/:6.4.2]
	at org.springframework.security.web.access.ExceptionTranslationFilter.doFilter(ExceptionTranslationFilter.java:120) ~[spring-security-web-6.4.2.jar!/:6.4.2]
	at org.springframework.security.web.FilterChainProxy$VirtualFilterChain.doFilter(FilterChainProxy.java:374) ~[spring-security-web-6.4.2.jar!/:6.4.2]
	at org.springframework.security.web.session.SessionManagementFilter.doFilter(SessionManagementFilter.java:131) ~[spring-security-web-6.4.2.jar!/:6.4.2]
	at org.springframework.security.web.session.SessionManagementFilter.doFilter(SessionManagementFilter.java:85) ~[spring-security-web-6.4.2.jar!/:6.4.2]
	at org.springframework.security.web.FilterChainProxy$VirtualFilterChain.doFilter(FilterChainProxy.java:374) ~[spring-security-web-6.4.2.jar!/:6.4.2]
	at org.springframework.security.web.authentication.AnonymousAuthenticationFilter.doFilter(AnonymousAuthenticationFilter.java:100) ~[spring-security-web-6.4.2.jar!/:6.4.2]
	at org.springframework.security.web.FilterChainProxy$VirtualFilterChain.doFilter(FilterChainProxy.java:374) ~[spring-security-web-6.4.2.jar!/:6.4.2]
	at org.springframework.security.web.servletapi.SecurityContextHolderAwareRequestFilter.doFilter(SecurityContextHolderAwareRequestFilter.java:179) ~[spring-security-web-6.4.2.jar!/:6.4.2]
	at org.springframework.security.web.FilterChainProxy$VirtualFilterChain.doFilter(FilterChainProxy.java:374) ~[spring-security-web-6.4.2.jar!/:6.4.2]
	at org.springframework.security.web.savedrequest.RequestCacheAwareFilter.doFilter(RequestCacheAwareFilter.java:63) ~[spring-security-web-6.4.2.jar!/:6.4.2]
	at org.springframework.security.web.FilterChainProxy$VirtualFilterChain.doFilter(FilterChainProxy.java:374) ~[spring-security-web-6.4.2.jar!/:6.4.2]
	at com.cranberry.marketplace.security.JwtFilter.doFilterInternal(JwtFilter.java:40) ~[!/:0.0.1-SNAPSHOT]
	at org.springframework.web.filter.OncePerRequestFilter.doFilter(OncePerRequestFilter.java:116) ~[spring-web-6.2.2.jar!/:6.2.2]
	at org.springframework.security.web.FilterChainProxy$VirtualFilterChain.doFilter(FilterChainProxy.java:374) ~[spring-security-web-6.4.2.jar!/:6.4.2]
	at org.springframework.security.web.authentication.logout.LogoutFilter.doFilter(LogoutFilter.java:107) ~[spring-security-web-6.4.2.jar!/:6.4.2]
	at org.springframework.security.web.authentication.logout.LogoutFilter.doFilter(LogoutFilter.java:93) ~[spring-security-web-6.4.2.jar!/:6.4.2]
	at org.springframework.security.web.FilterChainProxy$VirtualFilterChain.doFilter(FilterChainProxy.java:374) ~[spring-security-web-6.4.2.jar!/:6.4.2]
	at org.springframework.web.filter.CorsFilter.doFilterInternal(CorsFilter.java:91) ~[spring-web-6.2.2.jar!/:6.2.2]
	at org.springframework.web.filter.OncePerRequestFilter.doFilter(OncePerRequestFilter.java:116) ~[spring-web-6.2.2.jar!/:6.2.2]
	at org.springframework.security.web.FilterChainProxy$VirtualFilterChain.doFilter(FilterChainProxy.java:374) ~[spring-security-web-6.4.2.jar!/:6.4.2]
	at org.springframework.security.web.header.HeaderWriterFilter.doHeadersAfter(HeaderWriterFilter.java:90) ~[spring-security-web-6.4.2.jar!/:6.4.2]
	at org.springframework.security.web.header.HeaderWriterFilter.doFilterInternal(HeaderWriterFilter.java:75) ~[spring-security-web-6.4.2.jar!/:6.4.2]
	at org.springframework.web.filter.OncePerRequestFilter.doFilter(OncePerRequestFilter.java:116) ~[spring-web-6.2.2.jar!/:6.2.2]
	at org.springframework.security.web.FilterChainProxy$VirtualFilterChain.doFilter(FilterChainProxy.java:374) ~[spring-security-web-6.4.2.jar!/:6.4.2]
	at org.springframework.security.web.context.SecurityContextHolderFilter.doFilter(SecurityContextHolderFilter.java:82) ~[spring-security-web-6.4.2.jar!/:6.4.2]
	at org.springframework.security.web.context.SecurityContextHolderFilter.doFilter(SecurityContextHolderFilter.java:69) ~[spring-security-web-6.4.2.jar!/:6.4.2]
	at org.springframework.security.web.FilterChainProxy$VirtualFilterChain.doFilter(FilterChainProxy.java:374) ~[spring-security-web-6.4.2.jar!/:6.4.2]
	at org.springframework.security.web.context.request.async.WebAsyncManagerIntegrationFilter.doFilterInternal(WebAsyncManagerIntegrationFilter.java:62) ~[spring-security-web-6.4.2.jar!/:6.4.2]
	at org.springframework.web.filter.OncePerRequestFilter.doFilter(OncePerRequestFilter.java:116) ~[spring-web-6.2.2.jar!/:6.2.2]
	at org.springframework.security.web.FilterChainProxy$VirtualFilterChain.doFilter(FilterChainProxy.java:374) ~[spring-security-web-6.4.2.jar!/:6.4.2]
	at org.springframework.security.web.session.DisableEncodeUrlFilter.doFilterInternal(DisableEncodeUrlFilter.java:42) ~[spring-security-web-6.4.2.jar!/:6.4.2]
	at org.springframework.web.filter.OncePerRequestFilter.doFilter(OncePerRequestFilter.java:116) ~[spring-web-6.2.2.jar!/:6.2.2]
	at org.springframework.security.web.FilterChainProxy$VirtualFilterChain.doFilter(FilterChainProxy.java:374) ~[spring-security-web-6.4.2.jar!/:6.4.2]
	at org.springframework.security.web.FilterChainProxy.doFilterInternal(FilterChainProxy.java:233) ~[spring-security-web-6.4.2.jar!/:6.4.2]
	at org.springframework.security.web.FilterChainProxy.doFilter(FilterChainProxy.java:191) ~[spring-security-web-6.4.2.jar!/:6.4.2]
	at org.springframework.web.filter.CompositeFilter$VirtualFilterChain.doFilter(CompositeFilter.java:113) ~[spring-web-6.2.2.jar!/:6.2.2]
	at org.springframework.web.servlet.handler.HandlerMappingIntrospector.lambda$createCacheFilter$3(HandlerMappingIntrospector.java:243) ~[spring-webmvc-6.2.2.jar!/:6.2.2]
	at org.springframework.web.filter.CompositeFilter$VirtualFilterChain.doFilter(CompositeFilter.java:113) ~[spring-web-6.2.2.jar!/:6.2.2]
	at org.springframework.web.filter.CompositeFilter.doFilter(CompositeFilter.java:74) ~[spring-web-6.2.2.jar!/:6.2.2]
	at org.springframework.security.config.annotation.web.configuration.WebMvcSecurityConfiguration$CompositeFilterChainProxy.doFilter(WebMvcSecurityConfiguration.java:238) ~[spring-security-config-6.4.2.jar!/:6.4.2]
	at org.springframework.web.filter.DelegatingFilterProxy.invokeDelegate(DelegatingFilterProxy.java:362) ~[spring-web-6.2.2.jar!/:6.2.2]
	at org.springframework.web.filter.DelegatingFilterProxy.doFilter(DelegatingFilterProxy.java:278) ~[spring-web-6.2.2.jar!/:6.2.2]
	at org.apache.catalina.core.ApplicationFilterChain.internalDoFilter(ApplicationFilterChain.java:164) ~[tomcat-embed-core-10.1.34.jar!/:na]
	at org.apache.catalina.core.ApplicationFilterChain.doFilter(ApplicationFilterChain.java:140) ~[tomcat-embed-core-10.1.34.jar!/:na]
	at org.springframework.web.filter.RequestContextFilter.doFilterInternal(RequestContextFilter.java:100) ~[spring-web-6.2.2.jar!/:6.2.2]
	at org.springframework.web.filter.OncePerRequestFilter.doFilter(OncePerRequestFilter.java:116) ~[spring-web-6.2.2.jar!/:6.2.2]
	at org.apache.catalina.core.ApplicationFilterChain.internalDoFilter(ApplicationFilterChain.java:164) ~[tomcat-embed-core-10.1.34.jar!/:na]
	at org.apache.catalina.core.ApplicationFilterChain.doFilter(ApplicationFilterChain.java:140) ~[tomcat-embed-core-10.1.34.jar!/:na]
	at org.springframework.web.filter.FormContentFilter.doFilterInternal(FormContentFilter.java:93) ~[spring-web-6.2.2.jar!/:6.2.2]
	at org.springframework.web.filter.OncePerRequestFilter.doFilter(OncePerRequestFilter.java:116) ~[spring-web-6.2.2.jar!/:6.2.2]
	at org.apache.catalina.core.ApplicationFilterChain.internalDoFilter(ApplicationFilterChain.java:164) ~[tomcat-embed-core-10.1.34.jar!/:na]
	at org.apache.catalina.core.ApplicationFilterChain.doFilter(ApplicationFilterChain.java:140) ~[tomcat-embed-core-10.1.34.jar!/:na]
	at org.springframework.web.filter.CharacterEncodingFilter.doFilterInternal(CharacterEncodingFilter.java:201) ~[spring-web-6.2.2.jar!/:6.2.2]
	at org.springframework.web.filter.OncePerRequestFilter.doFilter(OncePerRequestFilter.java:116) ~[spring-web-6.2.2.jar!/:6.2.2]
	at org.apache.catalina.core.ApplicationFilterChain.internalDoFilter(ApplicationFilterChain.java:164) ~[tomcat-embed-core-10.1.34.jar!/:na]
	at org.apache.catalina.core.ApplicationFilterChain.doFilter(ApplicationFilterChain.java:140) ~[tomcat-embed-core-10.1.34.jar!/:na]
	at org.apache.catalina.core.StandardWrapperValve.invoke(StandardWrapperValve.java:167) ~[tomcat-embed-core-10.1.34.jar!/:na]
	at org.apache.catalina.core.StandardContextValve.invoke(StandardContextValve.java:90) ~[tomcat-embed-core-10.1.34.jar!/:na]
	at org.apache.catalina.authenticator.AuthenticatorBase.invoke(AuthenticatorBase.java:483) ~[tomcat-embed-core-10.1.34.jar!/:na]
	at org.apache.catalina.core.StandardHostValve.invoke(StandardHostValve.java:115) ~[tomcat-embed-core-10.1.34.jar!/:na]
	at org.apache.catalina.valves.ErrorReportValve.invoke(ErrorReportValve.java:93) ~[tomcat-embed-core-10.1.34.jar!/:na]
	at org.apache.catalina.core.StandardEngineValve.invoke(StandardEngineValve.java:74) ~[tomcat-embed-core-10.1.34.jar!/:na]
	at org.apache.catalina.connector.CoyoteAdapter.service(CoyoteAdapter.java:344) ~[tomcat-embed-core-10.1.34.jar!/:na]
	at org.apache.coyote.http11.Http11Processor.service(Http11Processor.java:397) ~[tomcat-embed-core-10.1.34.jar!/:na]
	at org.apache.coyote.AbstractProcessorLight.process(AbstractProcessorLight.java:63) ~[tomcat-embed-core-10.1.34.jar!/:na]
	at org.apache.coyote.AbstractProtocol$ConnectionHandler.process(AbstractProtocol.java:905) ~[tomcat-embed-core-10.1.34.jar!/:na]
	at org.apache.tomcat.util.net.NioEndpoint$SocketProcessor.doRun(NioEndpoint.java:1741) ~[tomcat-embed-core-10.1.34.jar!/:na]
	at org.apache.tomcat.util.net.SocketProcessorBase.run(SocketProcessorBase.java:52) ~[tomcat-embed-core-10.1.34.jar!/:na]
	at org.apache.tomcat.util.threads.ThreadPoolExecutor.runWorker(ThreadPoolExecutor.java:1190) ~[tomcat-embed-core-10.1.34.jar!/:na]
	at org.apache.tomcat.util.threads.ThreadPoolExecutor$Worker.run(ThreadPoolExecutor.java:659) ~[tomcat-embed-core-10.1.34.jar!/:na]
	at org.apache.tomcat.util.threads.TaskThread$WrappingRunnable.run(TaskThread.java:63) ~[tomcat-embed-core-10.1.34.jar!/:na]
	at java.base/java.lang.Thread.run(Thread.java:842) ~[na:na]
Caused by: org.springframework.web.reactive.function.client.WebClientResponseException$NotFound: 404 Not Found from POST http://localhost:11434/api/generate
	at org.springframework.web.reactive.function.client.WebClientResponseException.create(WebClientResponseException.java:324) ~[spring-webflux-6.2.2.jar!/:6.2.2]
	Suppressed: reactor.core.publisher.FluxOnAssembly$OnAssemblyException: 
Error has been observed at the following site(s):
	*__checkpoint ⇢ 404 NOT_FOUND from POST http://localhost:11434/api/generate [DefaultWebClient]
Original Stack Trace:
		at org.springframework.web.reactive.function.client.WebClientResponseException.create(WebClientResponseException.java:324) ~[spring-webflux-6.2.2.jar!/:6.2.2]
		at org.springframework.web.reactive.function.client.DefaultClientResponse.lambda$createException$1(DefaultClientResponse.java:214) ~[spring-webflux-6.2.2.jar!/:6.2.2]
		at reactor.core.publisher.FluxMap$MapSubscriber.onNext(FluxMap.java:106) ~[reactor-core-3.7.2.jar!/:3.7.2]
		at reactor.core.publisher.FluxOnErrorReturn$ReturnSubscriber.onNext(FluxOnErrorReturn.java:162) ~[reactor-core-3.7.2.jar!/:3.7.2]
		at reactor.core.publisher.FluxDefaultIfEmpty$DefaultIfEmptySubscriber.onNext(FluxDefaultIfEmpty.java:122) ~[reactor-core-3.7.2.jar!/:3.7.2]
		at reactor.core.publisher.FluxMapFuseable$MapFuseableSubscriber.onNext(FluxMapFuseable.java:129) ~[reactor-core-3.7.2.jar!/:3.7.2]
		at reactor.core.publisher.FluxContextWrite$ContextWriteSubscriber.onNext(FluxContextWrite.java:107) ~[reactor-core-3.7.2.jar!/:3.7.2]
		at reactor.core.publisher.FluxMapFuseable$MapFuseableConditionalSubscriber.onNext(FluxMapFuseable.java:299) ~[reactor-core-3.7.2.jar!/:3.7.2]
		at reactor.core.publisher.FluxFilterFuseable$FilterFuseableConditionalSubscriber.onNext(FluxFilterFuseable.java:337) ~[reactor-core-3.7.2.jar!/:3.7.2]
		at reactor.core.publisher.Operators$BaseFluxToMonoOperator.completePossiblyEmpty(Operators.java:2097) ~[reactor-core-3.7.2.jar!/:3.7.2]
		at reactor.core.publisher.MonoCollect$CollectSubscriber.onComplete(MonoCollect.java:145) ~[reactor-core-3.7.2.jar!/:3.7.2]
		at reactor.core.publisher.FluxMap$MapSubscriber.onComplete(FluxMap.java:144) ~[reactor-core-3.7.2.jar!/:3.7.2]
		at reactor.core.publisher.FluxPeek$PeekSubscriber.onComplete(FluxPeek.java:260) ~[reactor-core-3.7.2.jar!/:3.7.2]
		at reactor.core.publisher.FluxMap$MapSubscriber.onComplete(FluxMap.java:144) ~[reactor-core-3.7.2.jar!/:3.7.2]
		at reactor.netty.channel.FluxReceive.onInboundComplete(FluxReceive.java:413) ~[reactor-netty-core-1.2.2.jar!/:1.2.2]
		at reactor.netty.channel.ChannelOperations.onInboundComplete(ChannelOperations.java:455) ~[reactor-netty-core-1.2.2.jar!/:1.2.2]
		at reactor.netty.channel.ChannelOperations.terminate(ChannelOperations.java:509) ~[reactor-netty-core-1.2.2.jar!/:1.2.2]
		at reactor.netty.http.client.HttpClientOperations.onInboundNext(HttpClientOperations.java:819) ~[reactor-netty-http-1.2.2.jar!/:1.2.2]
		at reactor.netty.channel.ChannelOperationsHandler.channelRead(ChannelOperationsHandler.java:115) ~[reactor-netty-core-1.2.2.jar!/:1.2.2]
		at io.netty.channel.AbstractChannelHandlerContext.invokeChannelRead(AbstractChannelHandlerContext.java:444) ~[netty-transport-4.1.117.Final.jar!/:4.1.117.Final]
		at io.netty.channel.AbstractChannelHandlerContext.invokeChannelRead(AbstractChannelHandlerContext.java:420) ~[netty-transport-4.1.117.Final.jar!/:4.1.117.Final]
		at io.netty.channel.AbstractChannelHandlerContext.fireChannelRead(AbstractChannelHandlerContext.java:412) ~[netty-transport-4.1.117.Final.jar!/:4.1.117.Final]
		at io.netty.handler.codec.MessageToMessageDecoder.channelRead(MessageToMessageDecoder.java:107) ~[netty-codec-4.1.117.Final.jar!/:4.1.117.Final]
		at io.netty.channel.AbstractChannelHandlerContext.invokeChannelRead(AbstractChannelHandlerContext.java:444) ~[netty-transport-4.1.117.Final.jar!/:4.1.117.Final]
		at io.netty.channel.AbstractChannelHandlerContext.invokeChannelRead(AbstractChannelHandlerContext.java:420) ~[netty-transport-4.1.117.Final.jar!/:4.1.117.Final]
		at io.netty.channel.AbstractChannelHandlerContext.fireChannelRead(AbstractChannelHandlerContext.java:412) ~[netty-transport-4.1.117.Final.jar!/:4.1.117.Final]
		at io.netty.channel.CombinedChannelDuplexHandler$DelegatingChannelHandlerContext.fireChannelRead(CombinedChannelDuplexHandler.java:436) ~[netty-transport-4.1.117.Final.jar!/:4.1.117.Final]
		at io.netty.handler.codec.ByteToMessageDecoder.fireChannelRead(ByteToMessageDecoder.java:346) ~[netty-codec-4.1.117.Final.jar!/:4.1.117.Final]
		at io.netty.handler.codec.ByteToMessageDecoder.channelRead(ByteToMessageDecoder.java:318) ~[netty-codec-4.1.117.Final.jar!/:4.1.117.Final]
		at io.netty.channel.CombinedChannelDuplexHandler.channelRead(CombinedChannelDuplexHandler.java:251) ~[netty-transport-4.1.117.Final.jar!/:4.1.117.Final]
		at io.netty.channel.AbstractChannelHandlerContext.invokeChannelRead(AbstractChannelHandlerContext.java:442) ~[netty-transport-4.1.117.Final.jar!/:4.1.117.Final]
		at io.netty.channel.AbstractChannelHandlerContext.invokeChannelRead(AbstractChannelHandlerContext.java:420) ~[netty-transport-4.1.117.Final.jar!/:4.1.117.Final]
		at io.netty.channel.AbstractChannelHandlerContext.fireChannelRead(AbstractChannelHandlerContext.java:412) ~[netty-transport-4.1.117.Final.jar!/:4.1.117.Final]
		at io.netty.channel.DefaultChannelPipeline$HeadContext.channelRead(DefaultChannelPipeline.java:1357) ~[netty-transport-4.1.117.Final.jar!/:4.1.117.Final]
		at io.netty.channel.AbstractChannelHandlerContext.invokeChannelRead(AbstractChannelHandlerContext.java:440) ~[netty-transport-4.1.117.Final.jar!/:4.1.117.Final]
		at io.netty.channel.AbstractChannelHandlerContext.invokeChannelRead(AbstractChannelHandlerContext.java:420) ~[netty-transport-4.1.117.Final.jar!/:4.1.117.Final]
		at io.netty.channel.DefaultChannelPipeline.fireChannelRead(DefaultChannelPipeline.java:868) ~[netty-transport-4.1.117.Final.jar!/:4.1.117.Final]
		at io.netty.channel.nio.AbstractNioByteChannel$NioByteUnsafe.read(AbstractNioByteChannel.java:166) ~[netty-transport-4.1.117.Final.jar!/:4.1.117.Final]
		at io.netty.channel.nio.NioEventLoop.processSelectedKey(NioEventLoop.java:788) ~[netty-transport-4.1.117.Final.jar!/:4.1.117.Final]
		at io.netty.channel.nio.NioEventLoop.processSelectedKeysOptimized(NioEventLoop.java:724) ~[netty-transport-4.1.117.Final.jar!/:4.1.117.Final]
		at io.netty.channel.nio.NioEventLoop.processSelectedKeys(NioEventLoop.java:650) ~[netty-transport-4.1.117.Final.jar!/:4.1.117.Final]
		at io.netty.channel.nio.NioEventLoop.run(NioEventLoop.java:562) ~[netty-transport-4.1.117.Final.jar!/:4.1.117.Final]
		at io.netty.util.concurrent.SingleThreadEventExecutor$4.run(SingleThreadEventExecutor.java:997) ~[netty-common-4.1.117.Final.jar!/:4.1.117.Final]
		at io.netty.util.internal.ThreadExecutorMap$2.run(ThreadExecutorMap.java:74) ~[netty-common-4.1.117.Final.jar!/:4.1.117.Final]
		at io.netty.util.concurrent.FastThreadLocalRunnable.run(FastThreadLocalRunnable.java:30) ~[netty-common-4.1.117.Final.jar!/:4.1.117.Final]
		at java.base/java.lang.Thread.run(Thread.java:842) ~[na:na]
	Suppressed: java.lang.Exception: #block terminated with an error
		at reactor.core.publisher.BlockingSingleSubscriber.blockingGet(BlockingSingleSubscriber.java:104) ~[reactor-core-3.7.2.jar!/:3.7.2]
		at reactor.core.publisher.Mono.block(Mono.java:1779) ~[reactor-core-3.7.2.jar!/:3.7.2]
		at com.cranberry.marketplace.ai.AiProviderClient.callOllama(AiProviderClient.java:102) ~[!/:0.0.1-SNAPSHOT]
		at com.cranberry.marketplace.ai.AiProviderClient.generateResponse(AiProviderClient.java:73) ~[!/:0.0.1-SNAPSHOT]
		at com.cranberry.marketplace.ai.OrderInsightsService.generateExecutiveSummary(OrderInsightsService.java:302) ~[!/:0.0.1-SNAPSHOT]
		at com.cranberry.marketplace.ai.OrderInsightsService.generateInsights(OrderInsightsService.java:65) ~[!/:0.0.1-SNAPSHOT]
		at com.cranberry.marketplace.ai.AiController.getOrderInsights(AiController.java:100) ~[!/:0.0.1-SNAPSHOT]
		at java.base/jdk.internal.reflect.NativeMethodAccessorImpl.invoke0(Native Method) ~[na:na]
		at java.base/jdk.internal.reflect.NativeMethodAccessorImpl.invoke(NativeMethodAccessorImpl.java:77) ~[na:na]
		at java.base/jdk.internal.reflect.DelegatingMethodAccessorImpl.invoke(DelegatingMethodAccessorImpl.java:43) ~[na:na]
		at java.base/java.lang.reflect.Method.invoke(Method.java:568) ~[na:na]
		at org.springframework.web.method.support.InvocableHandlerMethod.doInvoke(InvocableHandlerMethod.java:257) ~[spring-web-6.2.2.jar!/:6.2.2]
		at org.springframework.web.method.support.InvocableHandlerMethod.invokeForRequest(InvocableHandlerMethod.java:190) ~[spring-web-6.2.2.jar!/:6.2.2]
		at org.springframework.web.servlet.mvc.method.annotation.ServletInvocableHandlerMethod.invokeAndHandle(ServletInvocableHandlerMethod.java:118) ~[spring-webmvc-6.2.2.jar!/:6.2.2]
		at org.springframework.web.servlet.mvc.method.annotation.RequestMappingHandlerAdapter.invokeHandlerMethod(RequestMappingHandlerAdapter.java:986) ~[spring-webmvc-6.2.2.jar!/:6.2.2]
		at org.springframework.web.servlet.mvc.method.annotation.RequestMappingHandlerAdapter.handleInternal(RequestMappingHandlerAdapter.java:891) ~[spring-webmvc-6.2.2.jar!/:6.2.2]
		at org.springframework.web.servlet.mvc.method.AbstractHandlerMethodAdapter.handle(AbstractHandlerMethodAdapter.java:87) ~[spring-webmvc-6.2.2.jar!/:6.2.2]
		at org.springframework.web.servlet.DispatcherServlet.doDispatch(DispatcherServlet.java:1088) ~[spring-webmvc-6.2.2.jar!/:6.2.2]
		at org.springframework.web.servlet.DispatcherServlet.doService(DispatcherServlet.java:978) ~[spring-webmvc-6.2.2.jar!/:6.2.2]
		at org.springframework.web.servlet.FrameworkServlet.processRequest(FrameworkServlet.java:1014) ~[spring-webmvc-6.2.2.jar!/:6.2.2]
		at org.springframework.web.servlet.FrameworkServlet.doGet(FrameworkServlet.java:903) ~[spring-webmvc-6.2.2.jar!/:6.2.2]
		at jakarta.servlet.http.HttpServlet.service(HttpServlet.java:564) ~[tomcat-embed-core-10.1.34.jar!/:na]
		at org.springframework.web.servlet.FrameworkServlet.service(FrameworkServlet.java:885) ~[spring-webmvc-6.2.2.jar!/:6.2.2]
		at jakarta.servlet.http.HttpServlet.service(HttpServlet.java:658) ~[tomcat-embed-core-10.1.34.jar!/:na]
		at org.apache.catalina.core.ApplicationFilterChain.internalDoFilter(ApplicationFilterChain.java:195) ~[tomcat-embed-core-10.1.34.jar!/:na]
		at org.apache.catalina.core.ApplicationFilterChain.doFilter(ApplicationFilterChain.java:140) ~[tomcat-embed-core-10.1.34.jar!/:na]
		at org.apache.tomcat.websocket.server.WsFilter.doFilter(WsFilter.java:51) ~[tomcat-embed-websocket-10.1.34.jar!/:na]
		at org.apache.catalina.core.ApplicationFilterChain.internalDoFilter(ApplicationFilterChain.java:164) ~[tomcat-embed-core-10.1.34.jar!/:na]
		at org.apache.catalina.core.ApplicationFilterChain.doFilter(ApplicationFilterChain.java:140) ~[tomcat-embed-core-10.1.34.jar!/:na]
		at org.springframework.web.filter.CorsFilter.doFilterInternal(CorsFilter.java:91) ~[spring-web-6.2.2.jar!/:6.2.2]
		at org.springframework.web.filter.OncePerRequestFilter.doFilter(OncePerRequestFilter.java:116) ~[spring-web-6.2.2.jar!/:6.2.2]
		at org.apache.catalina.core.ApplicationFilterChain.internalDoFilter(ApplicationFilterChain.java:164) ~[tomcat-embed-core-10.1.34.jar!/:na]
		at org.apache.catalina.core.ApplicationFilterChain.doFilter(ApplicationFilterChain.java:140) ~[tomcat-embed-core-10.1.34.jar!/:na]
		at org.springframework.web.filter.CompositeFilter$VirtualFilterChain.doFilter(CompositeFilter.java:108) ~[spring-web-6.2.2.jar!/:6.2.2]
		at org.springframework.security.web.FilterChainProxy.lambda$doFilterInternal$3(FilterChainProxy.java:231) ~[spring-security-web-6.4.2.jar!/:6.4.2]
		at org.springframework.security.web.FilterChainProxy$VirtualFilterChain.doFilter(FilterChainProxy.java:365) ~[spring-security-web-6.4.2.jar!/:6.4.2]
		at org.springframework.security.web.access.intercept.AuthorizationFilter.doFilter(AuthorizationFilter.java:101) ~[spring-security-web-6.4.2.jar!/:6.4.2]
		at org.springframework.security.web.FilterChainProxy$VirtualFilterChain.doFilter(FilterChainProxy.java:374) ~[spring-security-web-6.4.2.jar!/:6.4.2]
		at org.springframework.security.web.access.ExceptionTranslationFilter.doFilter(ExceptionTranslationFilter.java:126) ~[spring-security-web-6.4.2.jar!/:6.4.2]
		at org.springframework.security.web.access.ExceptionTranslationFilter.doFilter(ExceptionTranslationFilter.java:120) ~[spring-security-web-6.4.2.jar!/:6.4.2]
		at org.springframework.security.web.FilterChainProxy$VirtualFilterChain.doFilter(FilterChainProxy.java:374) ~[spring-security-web-6.4.2.jar!/:6.4.2]
		at org.springframework.security.web.session.SessionManagementFilter.doFilter(SessionManagementFilter.java:131) ~[spring-security-web-6.4.2.jar!/:6.4.2]
		at org.springframework.security.web.session.SessionManagementFilter.doFilter(SessionManagementFilter.java:85) ~[spring-security-web-6.4.2.jar!/:6.4.2]
		at org.springframework.security.web.FilterChainProxy$VirtualFilterChain.doFilter(FilterChainProxy.java:374) ~[spring-security-web-6.4.2.jar!/:6.4.2]
		at org.springframework.security.web.authentication.AnonymousAuthenticationFilter.doFilter(AnonymousAuthenticationFilter.java:100) ~[spring-security-web-6.4.2.jar!/:6.4.2]
		at org.springframework.security.web.FilterChainProxy$VirtualFilterChain.doFilter(FilterChainProxy.java:374) ~[spring-security-web-6.4.2.jar!/:6.4.2]
		at org.springframework.security.web.servletapi.SecurityContextHolderAwareRequestFilter.doFilter(SecurityContextHolderAwareRequestFilter.java:179) ~[spring-security-web-6.4.2.jar!/:6.4.2]
		at org.springframework.security.web.FilterChainProxy$VirtualFilterChain.doFilter(FilterChainProxy.java:374) ~[spring-security-web-6.4.2.jar!/:6.4.2]
		at org.springframework.security.web.savedrequest.RequestCacheAwareFilter.doFilter(RequestCacheAwareFilter.java:63) ~[spring-security-web-6.4.2.jar!/:6.4.2]
		at org.springframework.security.web.FilterChainProxy$VirtualFilterChain.doFilter(FilterChainProxy.java:374) ~[spring-security-web-6.4.2.jar!/:6.4.2]
		at com.cranberry.marketplace.security.JwtFilter.doFilterInternal(JwtFilter.java:40) ~[!/:0.0.1-SNAPSHOT]
		at org.springframework.web.filter.OncePerRequestFilter.doFilter(OncePerRequestFilter.java:116) ~[spring-web-6.2.2.jar!/:6.2.2]
		at org.springframework.security.web.FilterChainProxy$VirtualFilterChain.doFilter(FilterChainProxy.java:374) ~[spring-security-web-6.4.2.jar!/:6.4.2]
		at org.springframework.security.web.authentication.logout.LogoutFilter.doFilter(LogoutFilter.java:107) ~[spring-security-web-6.4.2.jar!/:6.4.2]
		at org.springframework.security.web.authentication.logout.LogoutFilter.doFilter(LogoutFilter.java:93) ~[spring-security-web-6.4.2.jar!/:6.4.2]
		at org.springframework.security.web.FilterChainProxy$VirtualFilterChain.doFilter(FilterChainProxy.java:374) ~[spring-security-web-6.4.2.jar!/:6.4.2]
		at org.springframework.web.filter.CorsFilter.doFilterInternal(CorsFilter.java:91) ~[spring-web-6.2.2.jar!/:6.2.2]
		at org.springframework.web.filter.OncePerRequestFilter.doFilter(OncePerRequestFilter.java:116) ~[spring-web-6.2.2.jar!/:6.2.2]
		at org.springframework.security.web.FilterChainProxy$VirtualFilterChain.doFilter(FilterChainProxy.java:374) ~[spring-security-web-6.4.2.jar!/:6.4.2]
		at org.springframework.security.web.header.HeaderWriterFilter.doHeadersAfter(HeaderWriterFilter.java:90) ~[spring-security-web-6.4.2.jar!/:6.4.2]
		at org.springframework.security.web.header.HeaderWriterFilter.doFilterInternal(HeaderWriterFilter.java:75) ~[spring-security-web-6.4.2.jar!/:6.4.2]
		at org.springframework.web.filter.OncePerRequestFilter.doFilter(OncePerRequestFilter.java:116) ~[spring-web-6.2.2.jar!/:6.2.2]
		at org.springframework.security.web.FilterChainProxy$VirtualFilterChain.doFilter(FilterChainProxy.java:374) ~[spring-security-web-6.4.2.jar!/:6.4.2]
		at org.springframework.security.web.context.SecurityContextHolderFilter.doFilter(SecurityContextHolderFilter.java:82) ~[spring-security-web-6.4.2.jar!/:6.4.2]
		at org.springframework.security.web.context.SecurityContextHolderFilter.doFilter(SecurityContextHolderFilter.java:69) ~[spring-security-web-6.4.2.jar!/:6.4.2]
		at org.springframework.security.web.FilterChainProxy$VirtualFilterChain.doFilter(FilterChainProxy.java:374) ~[spring-security-web-6.4.2.jar!/:6.4.2]
		at org.springframework.security.web.context.request.async.WebAsyncManagerIntegrationFilter.doFilterInternal(WebAsyncManagerIntegrationFilter.java:62) ~[spring-security-web-6.4.2.jar!/:6.4.2]
		at org.springframework.web.filter.OncePerRequestFilter.doFilter(OncePerRequestFilter.java:116) ~[spring-web-6.2.2.jar!/:6.2.2]
		at org.springframework.security.web.FilterChainProxy$VirtualFilterChain.doFilter(FilterChainProxy.java:374) ~[spring-security-web-6.4.2.jar!/:6.4.2]
		at org.springframework.security.web.session.DisableEncodeUrlFilter.doFilterInternal(DisableEncodeUrlFilter.java:42) ~[spring-security-web-6.4.2.jar!/:6.4.2]
		at org.springframework.web.filter.OncePerRequestFilter.doFilter(OncePerRequestFilter.java:116) ~[spring-web-6.2.2.jar!/:6.2.2]
		at org.springframework.security.web.FilterChainProxy$VirtualFilterChain.doFilter(FilterChainProxy.java:374) ~[spring-security-web-6.4.2.jar!/:6.4.2]
		at org.springframework.security.web.FilterChainProxy.doFilterInternal(FilterChainProxy.java:233) ~[spring-security-web-6.4.2.jar!/:6.4.2]
		at org.springframework.security.web.FilterChainProxy.doFilter(FilterChainProxy.java:191) ~[spring-security-web-6.4.2.jar!/:6.4.2]
		at org.springframework.web.filter.CompositeFilter$VirtualFilterChain.doFilter(CompositeFilter.java:113) ~[spring-web-6.2.2.jar!/:6.2.2]
		at org.springframework.web.servlet.handler.HandlerMappingIntrospector.lambda$createCacheFilter$3(HandlerMappingIntrospector.java:243) ~[spring-webmvc-6.2.2.jar!/:6.2.2]
		at org.springframework.web.filter.CompositeFilter$VirtualFilterChain.doFilter(CompositeFilter.java:113) ~[spring-web-6.2.2.jar!/:6.2.2]
		at org.springframework.web.filter.CompositeFilter.doFilter(CompositeFilter.java:74) ~[spring-web-6.2.2.jar!/:6.2.2]
		at org.springframework.security.config.annotation.web.configuration.WebMvcSecurityConfiguration$CompositeFilterChainProxy.doFilter(WebMvcSecurityConfiguration.java:238) ~[spring-security-config-6.4.2.jar!/:6.4.2]
		at org.springframework.web.filter.DelegatingFilterProxy.invokeDelegate(DelegatingFilterProxy.java:362) ~[spring-web-6.2.2.jar!/:6.2.2]
		at org.springframework.web.filter.DelegatingFilterProxy.doFilter(DelegatingFilterProxy.java:278) ~[spring-web-6.2.2.jar!/:6.2.2]
		at org.apache.catalina.core.ApplicationFilterChain.internalDoFilter(ApplicationFilterChain.java:164) ~[tomcat-embed-core-10.1.34.jar!/:na]
		at org.apache.catalina.core.ApplicationFilterChain.doFilter(ApplicationFilterChain.java:140) ~[tomcat-embed-core-10.1.34.jar!/:na]
		at org.springframework.web.filter.RequestContextFilter.doFilterInternal(RequestContextFilter.java:100) ~[spring-web-6.2.2.jar!/:6.2.2]
		at org.springframework.web.filter.OncePerRequestFilter.doFilter(OncePerRequestFilter.java:116) ~[spring-web-6.2.2.jar!/:6.2.2]
		at org.apache.catalina.core.ApplicationFilterChain.internalDoFilter(ApplicationFilterChain.java:164) ~[tomcat-embed-core-10.1.34.jar!/:na]
		at org.apache.catalina.core.ApplicationFilterChain.doFilter(ApplicationFilterChain.java:140) ~[tomcat-embed-core-10.1.34.jar!/:na]
		at org.springframework.web.filter.FormContentFilter.doFilterInternal(FormContentFilter.java:93) ~[spring-web-6.2.2.jar!/:6.2.2]
		at org.springframework.web.filter.OncePerRequestFilter.doFilter(OncePerRequestFilter.java:116) ~[spring-web-6.2.2.jar!/:6.2.2]
		at org.apache.catalina.core.ApplicationFilterChain.internalDoFilter(ApplicationFilterChain.java:164) ~[tomcat-embed-core-10.1.34.jar!/:na]
		at org.apache.catalina.core.ApplicationFilterChain.doFilter(ApplicationFilterChain.java:140) ~[tomcat-embed-core-10.1.34.jar!/:na]
		at org.springframework.web.filter.CharacterEncodingFilter.doFilterInternal(CharacterEncodingFilter.java:201) ~[spring-web-6.2.2.jar!/:6.2.2]
		at org.springframework.web.filter.OncePerRequestFilter.doFilter(OncePerRequestFilter.java:116) ~[spring-web-6.2.2.jar!/:6.2.2]
		at org.apache.catalina.core.ApplicationFilterChain.internalDoFilter(ApplicationFilterChain.java:164) ~[tomcat-embed-core-10.1.34.jar!/:na]
		at org.apache.catalina.core.ApplicationFilterChain.doFilter(ApplicationFilterChain.java:140) ~[tomcat-embed-core-10.1.34.jar!/:na]
		at org.apache.catalina.core.StandardWrapperValve.invoke(StandardWrapperValve.java:167) ~[tomcat-embed-core-10.1.34.jar!/:na]
		at org.apache.catalina.core.StandardContextValve.invoke(StandardContextValve.java:90) ~[tomcat-embed-core-10.1.34.jar!/:na]
		at org.apache.catalina.authenticator.AuthenticatorBase.invoke(AuthenticatorBase.java:483) ~[tomcat-embed-core-10.1.34.jar!/:na]
		at org.apache.catalina.core.StandardHostValve.invoke(StandardHostValve.java:115) ~[tomcat-embed-core-10.1.34.jar!/:na]
		at org.apache.catalina.valves.ErrorReportValve.invoke(ErrorReportValve.java:93) ~[tomcat-embed-core-10.1.34.jar!/:na]
		at org.apache.catalina.core.StandardEngineValve.invoke(StandardEngineValve.java:74) ~[tomcat-embed-core-10.1.34.jar!/:na]
		at org.apache.catalina.connector.CoyoteAdapter.service(CoyoteAdapter.java:344) ~[tomcat-embed-core-10.1.34.jar!/:na]
		at org.apache.coyote.http11.Http11Processor.service(Http11Processor.java:397) ~[tomcat-embed-core-10.1.34.jar!/:na]
		at org.apache.coyote.AbstractProcessorLight.process(AbstractProcessorLight.java:63) ~[tomcat-embed-core-10.1.34.jar!/:na]
		at org.apache.coyote.AbstractProtocol$ConnectionHandler.process(AbstractProtocol.java:905) ~[tomcat-embed-core-10.1.34.jar!/:na]
		at org.apache.tomcat.util.net.NioEndpoint$SocketProcessor.doRun(NioEndpoint.java:1741) ~[tomcat-embed-core-10.1.34.jar!/:na]
		at org.apache.tomcat.util.net.SocketProcessorBase.run(SocketProcessorBase.java:52) ~[tomcat-embed-core-10.1.34.jar!/:na]
		at org.apache.tomcat.util.threads.ThreadPoolExecutor.runWorker(ThreadPoolExecutor.java:1190) ~[tomcat-embed-core-10.1.34.jar!/:na]
		at org.apache.tomcat.util.threads.ThreadPoolExecutor$Worker.run(ThreadPoolExecutor.java:659) ~[tomcat-embed-core-10.1.34.jar!/:na]
		at org.apache.tomcat.util.threads.TaskThread$WrappingRunnable.run(TaskThread.java:63) ~[tomcat-embed-core-10.1.34.jar!/:na]
		at java.base/java.lang.Thread.run(Thread.java:842) ~[na:na]

2026-01-27T23:52:50.460+05:30  INFO 7183 --- [nio-8080-exec-4] c.c.marketplace.ai.OrderInsightsService  : Summary generated
2026-01-27T23:52:50.460+05:30 ERROR 7183 --- [nio-8080-exec-4] c.c.marketplace.ai.OrderInsightsService  : Error in generateInsights: 

org.hibernate.LazyInitializationException: failed to lazily initialize a collection of role: com.cranberry.marketplace.model.Order.items: could not initialize proxy - no Session
	at org.hibernate.collection.spi.AbstractPersistentCollection.throwLazyInitializationException(AbstractPersistentCollection.java:635) ~[hibernate-core-6.6.5.Final.jar!/:6.6.5.Final]
	at org.hibernate.collection.spi.AbstractPersistentCollection.withTemporarySessionIfNeeded(AbstractPersistentCollection.java:219) ~[hibernate-core-6.6.5.Final.jar!/:6.6.5.Final]
	at org.hibernate.collection.spi.AbstractPersistentCollection.initialize(AbstractPersistentCollection.java:614) ~[hibernate-core-6.6.5.Final.jar!/:6.6.5.Final]
	at org.hibernate.collection.spi.AbstractPersistentCollection.read(AbstractPersistentCollection.java:138) ~[hibernate-core-6.6.5.Final.jar!/:6.6.5.Final]
	at org.hibernate.collection.spi.PersistentBag.iterator(PersistentBag.java:369) ~[hibernate-core-6.6.5.Final.jar!/:6.6.5.Final]
	at com.cranberry.marketplace.ai.OrderInsightsService.getTopProducts(OrderInsightsService.java:325) ~[!/:0.0.1-SNAPSHOT]
	at com.cranberry.marketplace.ai.OrderInsightsService.generateInsights(OrderInsightsService.java:87) ~[!/:0.0.1-SNAPSHOT]
	at com.cranberry.marketplace.ai.AiController.getOrderInsights(AiController.java:100) ~[!/:0.0.1-SNAPSHOT]
	at java.base/jdk.internal.reflect.NativeMethodAccessorImpl.invoke0(Native Method) ~[na:na]
	at java.base/jdk.internal.reflect.NativeMethodAccessorImpl.invoke(NativeMethodAccessorImpl.java:77) ~[na:na]
	at java.base/jdk.internal.reflect.DelegatingMethodAccessorImpl.invoke(DelegatingMethodAccessorImpl.java:43) ~[na:na]
	at java.base/java.lang.reflect.Method.invoke(Method.java:568) ~[na:na]
	at org.springframework.web.method.support.InvocableHandlerMethod.doInvoke(InvocableHandlerMethod.java:257) ~[spring-web-6.2.2.jar!/:6.2.2]
	at org.springframework.web.method.support.InvocableHandlerMethod.invokeForRequest(InvocableHandlerMethod.java:190) ~[spring-web-6.2.2.jar!/:6.2.2]
	at org.springframework.web.servlet.mvc.method.annotation.ServletInvocableHandlerMethod.invokeAndHandle(ServletInvocableHandlerMethod.java:118) ~[spring-webmvc-6.2.2.jar!/:6.2.2]
	at org.springframework.web.servlet.mvc.method.annotation.RequestMappingHandlerAdapter.invokeHandlerMethod(RequestMappingHandlerAdapter.java:986) ~[spring-webmvc-6.2.2.jar!/:6.2.2]
	at org.springframework.web.servlet.mvc.method.annotation.RequestMappingHandlerAdapter.handleInternal(RequestMappingHandlerAdapter.java:891) ~[spring-webmvc-6.2.2.jar!/:6.2.2]
	at org.springframework.web.servlet.mvc.method.AbstractHandlerMethodAdapter.handle(AbstractHandlerMethodAdapter.java:87) ~[spring-webmvc-6.2.2.jar!/:6.2.2]
	at org.springframework.web.servlet.DispatcherServlet.doDispatch(DispatcherServlet.java:1088) ~[spring-webmvc-6.2.2.jar!/:6.2.2]
	at org.springframework.web.servlet.DispatcherServlet.doService(DispatcherServlet.java:978) ~[spring-webmvc-6.2.2.jar!/:6.2.2]
	at org.springframework.web.servlet.FrameworkServlet.processRequest(FrameworkServlet.java:1014) ~[spring-webmvc-6.2.2.jar!/:6.2.2]
	at org.springframework.web.servlet.FrameworkServlet.doGet(FrameworkServlet.java:903) ~[spring-webmvc-6.2.2.jar!/:6.2.2]
	at jakarta.servlet.http.HttpServlet.service(HttpServlet.java:564) ~[tomcat-embed-core-10.1.34.jar!/:na]
	at org.springframework.web.servlet.FrameworkServlet.service(FrameworkServlet.java:885) ~[spring-webmvc-6.2.2.jar!/:6.2.2]
	at jakarta.servlet.http.HttpServlet.service(HttpServlet.java:658) ~[tomcat-embed-core-10.1.34.jar!/:na]
	at org.apache.catalina.core.ApplicationFilterChain.internalDoFilter(ApplicationFilterChain.java:195) ~[tomcat-embed-core-10.1.34.jar!/:na]
	at org.apache.catalina.core.ApplicationFilterChain.doFilter(ApplicationFilterChain.java:140) ~[tomcat-embed-core-10.1.34.jar!/:na]
	at org.apache.tomcat.websocket.server.WsFilter.doFilter(WsFilter.java:51) ~[tomcat-embed-websocket-10.1.34.jar!/:na]
	at org.apache.catalina.core.ApplicationFilterChain.internalDoFilter(ApplicationFilterChain.java:164) ~[tomcat-embed-core-10.1.34.jar!/:na]
	at org.apache.catalina.core.ApplicationFilterChain.doFilter(ApplicationFilterChain.java:140) ~[tomcat-embed-core-10.1.34.jar!/:na]
	at org.springframework.web.filter.CorsFilter.doFilterInternal(CorsFilter.java:91) ~[spring-web-6.2.2.jar!/:6.2.2]
	at org.springframework.web.filter.OncePerRequestFilter.doFilter(OncePerRequestFilter.java:116) ~[spring-web-6.2.2.jar!/:6.2.2]
	at org.apache.catalina.core.ApplicationFilterChain.internalDoFilter(ApplicationFilterChain.java:164) ~[tomcat-embed-core-10.1.34.jar!/:na]
	at org.apache.catalina.core.ApplicationFilterChain.doFilter(ApplicationFilterChain.java:140) ~[tomcat-embed-core-10.1.34.jar!/:na]
	at org.springframework.web.filter.CompositeFilter$VirtualFilterChain.doFilter(CompositeFilter.java:108) ~[spring-web-6.2.2.jar!/:6.2.2]
	at org.springframework.security.web.FilterChainProxy.lambda$doFilterInternal$3(FilterChainProxy.java:231) ~[spring-security-web-6.4.2.jar!/:6.4.2]
	at org.springframework.security.web.FilterChainProxy$VirtualFilterChain.doFilter(FilterChainProxy.java:365) ~[spring-security-web-6.4.2.jar!/:6.4.2]
	at org.springframework.security.web.access.intercept.AuthorizationFilter.doFilter(AuthorizationFilter.java:101) ~[spring-security-web-6.4.2.jar!/:6.4.2]
	at org.springframework.security.web.FilterChainProxy$VirtualFilterChain.doFilter(FilterChainProxy.java:374) ~[spring-security-web-6.4.2.jar!/:6.4.2]
	at org.springframework.security.web.access.ExceptionTranslationFilter.doFilter(ExceptionTranslationFilter.java:126) ~[spring-security-web-6.4.2.jar!/:6.4.2]
	at org.springframework.security.web.access.ExceptionTranslationFilter.doFilter(ExceptionTranslationFilter.java:120) ~[spring-security-web-6.4.2.jar!/:6.4.2]
	at org.springframework.security.web.FilterChainProxy$VirtualFilterChain.doFilter(FilterChainProxy.java:374) ~[spring-security-web-6.4.2.jar!/:6.4.2]
	at org.springframework.security.web.session.SessionManagementFilter.doFilter(SessionManagementFilter.java:131) ~[spring-security-web-6.4.2.jar!/:6.4.2]
	at org.springframework.security.web.session.SessionManagementFilter.doFilter(SessionManagementFilter.java:85) ~[spring-security-web-6.4.2.jar!/:6.4.2]
	at org.springframework.security.web.FilterChainProxy$VirtualFilterChain.doFilter(FilterChainProxy.java:374) ~[spring-security-web-6.4.2.jar!/:6.4.2]
	at org.springframework.security.web.authentication.AnonymousAuthenticationFilter.doFilter(AnonymousAuthenticationFilter.java:100) ~[spring-security-web-6.4.2.jar!/:6.4.2]
	at org.springframework.security.web.FilterChainProxy$VirtualFilterChain.doFilter(FilterChainProxy.java:374) ~[spring-security-web-6.4.2.jar!/:6.4.2]
	at org.springframework.security.web.servletapi.SecurityContextHolderAwareRequestFilter.doFilter(SecurityContextHolderAwareRequestFilter.java:179) ~[spring-security-web-6.4.2.jar!/:6.4.2]
	at org.springframework.security.web.FilterChainProxy$VirtualFilterChain.doFilter(FilterChainProxy.java:374) ~[spring-security-web-6.4.2.jar!/:6.4.2]
	at org.springframework.security.web.savedrequest.RequestCacheAwareFilter.doFilter(RequestCacheAwareFilter.java:63) ~[spring-security-web-6.4.2.jar!/:6.4.2]
	at org.springframework.security.web.FilterChainProxy$VirtualFilterChain.doFilter(FilterChainProxy.java:374) ~[spring-security-web-6.4.2.jar!/:6.4.2]
	at com.cranberry.marketplace.security.JwtFilter.doFilterInternal(JwtFilter.java:40) ~[!/:0.0.1-SNAPSHOT]
	at org.springframework.web.filter.OncePerRequestFilter.doFilter(OncePerRequestFilter.java:116) ~[spring-web-6.2.2.jar!/:6.2.2]
	at org.springframework.security.web.FilterChainProxy$VirtualFilterChain.doFilter(FilterChainProxy.java:374) ~[spring-security-web-6.4.2.jar!/:6.4.2]
	at org.springframework.security.web.authentication.logout.LogoutFilter.doFilter(LogoutFilter.java:107) ~[spring-security-web-6.4.2.jar!/:6.4.2]
	at org.springframework.security.web.authentication.logout.LogoutFilter.doFilter(LogoutFilter.java:93) ~[spring-security-web-6.4.2.jar!/:6.4.2]
	at org.springframework.security.web.FilterChainProxy$VirtualFilterChain.doFilter(FilterChainProxy.java:374) ~[spring-security-web-6.4.2.jar!/:6.4.2]
	at org.springframework.web.filter.CorsFilter.doFilterInternal(CorsFilter.java:91) ~[spring-web-6.2.2.jar!/:6.2.2]
	at org.springframework.web.filter.OncePerRequestFilter.doFilter(OncePerRequestFilter.java:116) ~[spring-web-6.2.2.jar!/:6.2.2]
	at org.springframework.security.web.FilterChainProxy$VirtualFilterChain.doFilter(FilterChainProxy.java:374) ~[spring-security-web-6.4.2.jar!/:6.4.2]
	at org.springframework.security.web.header.HeaderWriterFilter.doHeadersAfter(HeaderWriterFilter.java:90) ~[spring-security-web-6.4.2.jar!/:6.4.2]
	at org.springframework.security.web.header.HeaderWriterFilter.doFilterInternal(HeaderWriterFilter.java:75) ~[spring-security-web-6.4.2.jar!/:6.4.2]
	at org.springframework.web.filter.OncePerRequestFilter.doFilter(OncePerRequestFilter.java:116) ~[spring-web-6.2.2.jar!/:6.2.2]
	at org.springframework.security.web.FilterChainProxy$VirtualFilterChain.doFilter(FilterChainProxy.java:374) ~[spring-security-web-6.4.2.jar!/:6.4.2]
	at org.springframework.security.web.context.SecurityContextHolderFilter.doFilter(SecurityContextHolderFilter.java:82) ~[spring-security-web-6.4.2.jar!/:6.4.2]
	at org.springframework.security.web.context.SecurityContextHolderFilter.doFilter(SecurityContextHolderFilter.java:69) ~[spring-security-web-6.4.2.jar!/:6.4.2]
	at org.springframework.security.web.FilterChainProxy$VirtualFilterChain.doFilter(FilterChainProxy.java:374) ~[spring-security-web-6.4.2.jar!/:6.4.2]
	at org.springframework.security.web.context.request.async.WebAsyncManagerIntegrationFilter.doFilterInternal(WebAsyncManagerIntegrationFilter.java:62) ~[spring-security-web-6.4.2.jar!/:6.4.2]
	at org.springframework.web.filter.OncePerRequestFilter.doFilter(OncePerRequestFilter.java:116) ~[spring-web-6.2.2.jar!/:6.2.2]
	at org.springframework.security.web.FilterChainProxy$VirtualFilterChain.doFilter(FilterChainProxy.java:374) ~[spring-security-web-6.4.2.jar!/:6.4.2]
	at org.springframework.security.web.session.DisableEncodeUrlFilter.doFilterInternal(DisableEncodeUrlFilter.java:42) ~[spring-security-web-6.4.2.jar!/:6.4.2]
	at org.springframework.web.filter.OncePerRequestFilter.doFilter(OncePerRequestFilter.java:116) ~[spring-web-6.2.2.jar!/:6.2.2]
	at org.springframework.security.web.FilterChainProxy$VirtualFilterChain.doFilter(FilterChainProxy.java:374) ~[spring-security-web-6.4.2.jar!/:6.4.2]
	at org.springframework.security.web.FilterChainProxy.doFilterInternal(FilterChainProxy.java:233) ~[spring-security-web-6.4.2.jar!/:6.4.2]
	at org.springframework.security.web.FilterChainProxy.doFilter(FilterChainProxy.java:191) ~[spring-security-web-6.4.2.jar!/:6.4.2]
	at org.springframework.web.filter.CompositeFilter$VirtualFilterChain.doFilter(CompositeFilter.java:113) ~[spring-web-6.2.2.jar!/:6.2.2]
	at org.springframework.web.servlet.handler.HandlerMappingIntrospector.lambda$createCacheFilter$3(HandlerMappingIntrospector.java:243) ~[spring-webmvc-6.2.2.jar!/:6.2.2]
	at org.springframework.web.filter.CompositeFilter$VirtualFilterChain.doFilter(CompositeFilter.java:113) ~[spring-web-6.2.2.jar!/:6.2.2]
	at org.springframework.web.filter.CompositeFilter.doFilter(CompositeFilter.java:74) ~[spring-web-6.2.2.jar!/:6.2.2]
	at org.springframework.security.config.annotation.web.configuration.WebMvcSecurityConfiguration$CompositeFilterChainProxy.doFilter(WebMvcSecurityConfiguration.java:238) ~[spring-security-config-6.4.2.jar!/:6.4.2]
	at org.springframework.web.filter.DelegatingFilterProxy.invokeDelegate(DelegatingFilterProxy.java:362) ~[spring-web-6.2.2.jar!/:6.2.2]
	at org.springframework.web.filter.DelegatingFilterProxy.doFilter(DelegatingFilterProxy.java:278) ~[spring-web-6.2.2.jar!/:6.2.2]
	at org.apache.catalina.core.ApplicationFilterChain.internalDoFilter(ApplicationFilterChain.java:164) ~[tomcat-embed-core-10.1.34.jar!/:na]
	at org.apache.catalina.core.ApplicationFilterChain.doFilter(ApplicationFilterChain.java:140) ~[tomcat-embed-core-10.1.34.jar!/:na]
	at org.springframework.web.filter.RequestContextFilter.doFilterInternal(RequestContextFilter.java:100) ~[spring-web-6.2.2.jar!/:6.2.2]
	at org.springframework.web.filter.OncePerRequestFilter.doFilter(OncePerRequestFilter.java:116) ~[spring-web-6.2.2.jar!/:6.2.2]
	at org.apache.catalina.core.ApplicationFilterChain.internalDoFilter(ApplicationFilterChain.java:164) ~[tomcat-embed-core-10.1.34.jar!/:na]
	at org.apache.catalina.core.ApplicationFilterChain.doFilter(ApplicationFilterChain.java:140) ~[tomcat-embed-core-10.1.34.jar!/:na]
	at org.springframework.web.filter.FormContentFilter.doFilterInternal(FormContentFilter.java:93) ~[spring-web-6.2.2.jar!/:6.2.2]
	at org.springframework.web.filter.OncePerRequestFilter.doFilter(OncePerRequestFilter.java:116) ~[spring-web-6.2.2.jar!/:6.2.2]
	at org.apache.catalina.core.ApplicationFilterChain.internalDoFilter(ApplicationFilterChain.java:164) ~[tomcat-embed-core-10.1.34.jar!/:na]
	at org.apache.catalina.core.ApplicationFilterChain.doFilter(ApplicationFilterChain.java:140) ~[tomcat-embed-core-10.1.34.jar!/:na]
	at org.springframework.web.filter.CharacterEncodingFilter.doFilterInternal(CharacterEncodingFilter.java:201) ~[spring-web-6.2.2.jar!/:6.2.2]
	at org.springframework.web.filter.OncePerRequestFilter.doFilter(OncePerRequestFilter.java:116) ~[spring-web-6.2.2.jar!/:6.2.2]
	at org.apache.catalina.core.ApplicationFilterChain.internalDoFilter(ApplicationFilterChain.java:164) ~[tomcat-embed-core-10.1.34.jar!/:na]
	at org.apache.catalina.core.ApplicationFilterChain.doFilter(ApplicationFilterChain.java:140) ~[tomcat-embed-core-10.1.34.jar!/:na]
	at org.apache.catalina.core.StandardWrapperValve.invoke(StandardWrapperValve.java:167) ~[tomcat-embed-core-10.1.34.jar!/:na]
	at org.apache.catalina.core.StandardContextValve.invoke(StandardContextValve.java:90) ~[tomcat-embed-core-10.1.34.jar!/:na]
	at org.apache.catalina.authenticator.AuthenticatorBase.invoke(AuthenticatorBase.java:483) ~[tomcat-embed-core-10.1.34.jar!/:na]
	at org.apache.catalina.core.StandardHostValve.invoke(StandardHostValve.java:115) ~[tomcat-embed-core-10.1.34.jar!/:na]
	at org.apache.catalina.valves.ErrorReportValve.invoke(ErrorReportValve.java:93) ~[tomcat-embed-core-10.1.34.jar!/:na]
	at org.apache.catalina.core.StandardEngineValve.invoke(StandardEngineValve.java:74) ~[tomcat-embed-core-10.1.34.jar!/:na]
	at org.apache.catalina.connector.CoyoteAdapter.service(CoyoteAdapter.java:344) ~[tomcat-embed-core-10.1.34.jar!/:na]
	at org.apache.coyote.http11.Http11Processor.service(Http11Processor.java:397) ~[tomcat-embed-core-10.1.34.jar!/:na]
	at org.apache.coyote.AbstractProcessorLight.process(AbstractProcessorLight.java:63) ~[tomcat-embed-core-10.1.34.jar!/:na]
	at org.apache.coyote.AbstractProtocol$ConnectionHandler.process(AbstractProtocol.java:905) ~[tomcat-embed-core-10.1.34.jar!/:na]
	at org.apache.tomcat.util.net.NioEndpoint$SocketProcessor.doRun(NioEndpoint.java:1741) ~[tomcat-embed-core-10.1.34.jar!/:na]
	at org.apache.tomcat.util.net.SocketProcessorBase.run(SocketProcessorBase.java:52) ~[tomcat-embed-core-10.1.34.jar!/:na]
	at org.apache.tomcat.util.threads.ThreadPoolExecutor.runWorker(ThreadPoolExecutor.java:1190) ~[tomcat-embed-core-10.1.34.jar!/:na]
	at org.apache.tomcat.util.threads.ThreadPoolExecutor$Worker.run(ThreadPoolExecutor.java:659) ~[tomcat-embed-core-10.1.34.jar!/:na]
	at org.apache.tomcat.util.threads.TaskThread$WrappingRunnable.run(TaskThread.java:63) ~[tomcat-embed-core-10.1.34.jar!/:na]
	at java.base/java.lang.Thread.run(Thread.java:842) ~[na:na]

Hibernate: select p1_0.id,p1_0.category,p1_0.description,p1_0.image_url,p1_0.name,p1_0.price,p1_0.status,p1_0.stock,p1_0.vendor_id from product p1_0
Hibernate: select v1_0.id,v1_0.address,v1_0.contact_email,v1_0.contact_phone,v1_0.created_at,v1_0.logo_url,v1_0.shop_name,v1_0.status,u1_0.id,u1_0.email,u1_0.name,u1_0.password,u1_0.role from vendor v1_0 left join users u1_0 on u1_0.id=v1_0.user_id where v1_0.id=?
Hibernate: select v1_0.id,v1_0.address,v1_0.contact_email,v1_0.contact_phone,v1_0.created_at,v1_0.logo_url,v1_0.shop_name,v1_0.status,u1_0.id,u1_0.email,u1_0.name,u1_0.password,u1_0.role from vendor v1_0 left join users u1_0 on u1_0.id=v1_0.user_id where v1_0.id=?
Hibernate: select v1_0.id,v1_0.address,v1_0.contact_email,v1_0.contact_phone,v1_0.created_at,v1_0.logo_url,v1_0.shop_name,v1_0.status,u1_0.id,u1_0.email,u1_0.name,u1_0.password,u1_0.role from vendor v1_0 left join users u1_0 on u1_0.id=v1_0.user_id where v1_0.id=?
Hibernate: select v1_0.id,v1_0.address,v1_0.contact_email,v1_0.contact_phone,v1_0.created_at,v1_0.logo_url,v1_0.shop_name,v1_0.status,u1_0.id,u1_0.email,u1_0.name,u1_0.password,u1_0.role from vendor v1_0 left join users u1_0 on u1_0.id=v1_0.user_id where v1_0.id=?
Hibernate: select p1_0.id,p1_0.category,p1_0.description,p1_0.image_url,p1_0.name,p1_0.price,p1_0.status,p1_0.stock,p1_0.vendor_id from product p1_0
Hibernate: select v1_0.id,v1_0.address,v1_0.contact_email,v1_0.contact_phone,v1_0.created_at,v1_0.logo_url,v1_0.shop_name,v1_0.status,u1_0.id,u1_0.email,u1_0.name,u1_0.password,u1_0.role from vendor v1_0 left join users u1_0 on u1_0.id=v1_0.user_id where v1_0.id=?
Hibernate: select v1_0.id,v1_0.address,v1_0.contact_email,v1_0.contact_phone,v1_0.created_at,v1_0.logo_url,v1_0.shop_name,v1_0.status,u1_0.id,u1_0.email,u1_0.name,u1_0.password,u1_0.role from vendor v1_0 left join users u1_0 on u1_0.id=v1_0.user_id where v1_0.id=?
Hibernate: select v1_0.id,v1_0.address,v1_0.contact_email,v1_0.contact_phone,v1_0.created_at,v1_0.logo_url,v1_0.shop_name,v1_0.status,u1_0.id,u1_0.email,u1_0.name,u1_0.password,u1_0.role from vendor v1_0 left join users u1_0 on u1_0.id=v1_0.user_id where v1_0.id=?
Hibernate: select v1_0.id,v1_0.address,v1_0.contact_email,v1_0.contact_phone,v1_0.created_at,v1_0.logo_url,v1_0.shop_name,v1_0.status,u1_0.id,u1_0.email,u1_0.name,u1_0.password,u1_0.role from vendor v1_0 left join users u1_0 on u1_0.id=v1_0.user_id where v1_0.id=?
Hibernate: select v1_0.id,v1_0.address,v1_0.contact_email,v1_0.contact_phone,v1_0.created_at,v1_0.logo_url,v1_0.shop_name,v1_0.status,v1_0.user_id from vendor v1_0
Hibernate: select u1_0.id,u1_0.email,u1_0.name,u1_0.password,u1_0.role from users u1_0 where u1_0.id=?
Hibernate: select u1_0.id,u1_0.email,u1_0.name,u1_0.password,u1_0.role from users u1_0 where u1_0.id=?
Hibernate: select u1_0.id,u1_0.email,u1_0.name,u1_0.password,u1_0.role from users u1_0 where u1_0.id=?
Hibernate: select u1_0.id,u1_0.email,u1_0.name,u1_0.password,u1_0.role from users u1_0 where u1_0.id=?
Hibernate: select count(p1_0.id) from product p1_0 left join vendor v1_0 on v1_0.id=p1_0.vendor_id where v1_0.id=?
Hibernate: select count(p1_0.id) from product p1_0 left join vendor v1_0 on v1_0.id=p1_0.vendor_id where v1_0.id=?
Hibernate: select count(p1_0.id) from product p1_0 left join vendor v1_0 on v1_0.id=p1_0.vendor_id where v1_0.id=?
Hibernate: select count(p1_0.id) from product p1_0 left join vendor v1_0 on v1_0.id=p1_0.vendor_id where v1_0.id=?
Hibernate: select v1_0.id,v1_0.address,v1_0.contact_email,v1_0.contact_phone,v1_0.created_at,v1_0.logo_url,v1_0.shop_name,v1_0.status,v1_0.user_id from vendor v1_0
Hibernate: select u1_0.id,u1_0.email,u1_0.name,u1_0.password,u1_0.role from users u1_0 where u1_0.id=?
Hibernate: select u1_0.id,u1_0.email,u1_0.name,u1_0.password,u1_0.role from users u1_0 where u1_0.id=?
Hibernate: select u1_0.id,u1_0.email,u1_0.name,u1_0.password,u1_0.role from users u1_0 where u1_0.id=?
Hibernate: select u1_0.id,u1_0.email,u1_0.name,u1_0.password,u1_0.role from users u1_0 where u1_0.id=?
Hibernate: select count(p1_0.id) from product p1_0 left join vendor v1_0 on v1_0.id=p1_0.vendor_id where v1_0.id=?
Hibernate: select count(p1_0.id) from product p1_0 left join vendor v1_0 on v1_0.id=p1_0.vendor_id where v1_0.id=?
Hibernate: select count(p1_0.id) from product p1_0 left join vendor v1_0 on v1_0.id=p1_0.vendor_id where v1_0.id=?
Hibernate: select count(p1_0.id) from product p1_0 left join vendor v1_0 on v1_0.id=p1_0.vendor_id where v1_0.id=?
Hibernate: select u1_0.id,u1_0.email,u1_0.name,u1_0.password,u1_0.role from users u1_0 where u1_0.email=?
Hibernate: select o1_0.id,o1_0.created_at,o1_0.estimated_delivery_date,o1_0.shipping_address,o1_0.status,o1_0.total_amount,o1_0.tracking_number,o1_0.updated_at,o1_0.user_id from orders o1_0 order by o1_0.created_at desc
Hibernate: select u1_0.id,u1_0.email,u1_0.name,u1_0.password,u1_0.role from users u1_0 where u1_0.id=?
Hibernate: select i1_0.order_id,i1_0.id,i1_0.price,p1_0.id,p1_0.category,p1_0.description,p1_0.image_url,p1_0.name,p1_0.price,p1_0.status,p1_0.stock,v1_0.id,v1_0.address,v1_0.contact_email,v1_0.contact_phone,v1_0.created_at,v1_0.logo_url,v1_0.shop_name,v1_0.status,v1_0.user_id,i1_0.quantity from order_item i1_0 left join product p1_0 on p1_0.id=i1_0.product_id left join vendor v1_0 on v1_0.id=p1_0.vendor_id where i1_0.order_id=?
Hibernate: select u1_0.id,u1_0.email,u1_0.name,u1_0.password,u1_0.role from users u1_0 where u1_0.id=?
Hibernate: select u1_0.id,u1_0.email,u1_0.name,u1_0.password,u1_0.role from users u1_0 where u1_0.id=?
Hibernate: select i1_0.order_id,i1_0.id,i1_0.price,p1_0.id,p1_0.category,p1_0.description,p1_0.image_url,p1_0.name,p1_0.price,p1_0.status,p1_0.stock,v1_0.id,v1_0.address,v1_0.contact_email,v1_0.contact_phone,v1_0.created_at,v1_0.logo_url,v1_0.shop_name,v1_0.status,v1_0.user_id,i1_0.quantity from order_item i1_0 left join product p1_0 on p1_0.id=i1_0.product_id left join vendor v1_0 on v1_0.id=p1_0.vendor_id where i1_0.order_id=?
Hibernate: select i1_0.order_id,i1_0.id,i1_0.price,p1_0.id,p1_0.category,p1_0.description,p1_0.image_url,p1_0.name,p1_0.price,p1_0.status,p1_0.stock,v1_0.id,v1_0.address,v1_0.contact_email,v1_0.contact_phone,v1_0.created_at,v1_0.logo_url,v1_0.shop_name,v1_0.status,v1_0.user_id,i1_0.quantity from order_item i1_0 left join product p1_0 on p1_0.id=i1_0.product_id left join vendor v1_0 on v1_0.id=p1_0.vendor_id where i1_0.order_id=?
Hibernate: select i1_0.order_id,i1_0.id,i1_0.price,p1_0.id,p1_0.category,p1_0.description,p1_0.image_url,p1_0.name,p1_0.price,p1_0.status,p1_0.stock,v1_0.id,v1_0.address,v1_0.contact_email,v1_0.contact_phone,v1_0.created_at,v1_0.logo_url,v1_0.shop_name,v1_0.status,v1_0.user_id,i1_0.quantity from order_item i1_0 left join product p1_0 on p1_0.id=i1_0.product_id left join vendor v1_0 on v1_0.id=p1_0.vendor_id where i1_0.order_id=?
Hibernate: select i1_0.order_id,i1_0.id,i1_0.price,p1_0.id,p1_0.category,p1_0.description,p1_0.image_url,p1_0.name,p1_0.price,p1_0.status,p1_0.stock,v1_0.id,v1_0.address,v1_0.contact_email,v1_0.contact_phone,v1_0.created_at,v1_0.logo_url,v1_0.shop_name,v1_0.status,v1_0.user_id,i1_0.quantity from order_item i1_0 left join product p1_0 on p1_0.id=i1_0.product_id left join vendor v1_0 on v1_0.id=p1_0.vendor_id where i1_0.order_id=?
Hibernate: select i1_0.order_id,i1_0.id,i1_0.price,p1_0.id,p1_0.category,p1_0.description,p1_0.image_url,p1_0.name,p1_0.price,p1_0.status,p1_0.stock,v1_0.id,v1_0.address,v1_0.contact_email,v1_0.contact_phone,v1_0.created_at,v1_0.logo_url,v1_0.shop_name,v1_0.status,v1_0.user_id,i1_0.quantity from order_item i1_0 left join product p1_0 on p1_0.id=i1_0.product_id left join vendor v1_0 on v1_0.id=p1_0.vendor_id where i1_0.order_id=?
Hibernate: select i1_0.order_id,i1_0.id,i1_0.price,p1_0.id,p1_0.category,p1_0.description,p1_0.image_url,p1_0.name,p1_0.price,p1_0.status,p1_0.stock,v1_0.id,v1_0.address,v1_0.contact_email,v1_0.contact_phone,v1_0.created_at,v1_0.logo_url,v1_0.shop_name,v1_0.status,v1_0.user_id,i1_0.quantity from order_item i1_0 left join product p1_0 on p1_0.id=i1_0.product_id left join vendor v1_0 on v1_0.id=p1_0.vendor_id where i1_0.order_id=?
Hibernate: select u1_0.id,u1_0.email,u1_0.name,u1_0.password,u1_0.role from users u1_0 where u1_0.email=?
Hibernate: select u1_0.id,u1_0.email,u1_0.name,u1_0.password,u1_0.role from users u1_0 where u1_0.email=?
Hibernate: select count(*) from orders o1_0
Hibernate: select o1_0.id,o1_0.created_at,o1_0.estimated_delivery_date,o1_0.shipping_address,o1_0.status,o1_0.total_amount,o1_0.tracking_number,o1_0.updated_at,o1_0.user_id from orders o1_0 order by o1_0.created_at desc
Hibernate: select u1_0.id,u1_0.email,u1_0.name,u1_0.password,u1_0.role from users u1_0 where u1_0.id=?
Hibernate: select i1_0.order_id,i1_0.id,i1_0.price,p1_0.id,p1_0.category,p1_0.description,p1_0.image_url,p1_0.name,p1_0.price,p1_0.status,p1_0.stock,v1_0.id,v1_0.address,v1_0.contact_email,v1_0.contact_phone,v1_0.created_at,v1_0.logo_url,v1_0.shop_name,v1_0.status,v1_0.user_id,i1_0.quantity from order_item i1_0 left join product p1_0 on p1_0.id=i1_0.product_id left join vendor v1_0 on v1_0.id=p1_0.vendor_id where i1_0.order_id=?
Hibernate: select u1_0.id,u1_0.email,u1_0.name,u1_0.password,u1_0.role from users u1_0 where u1_0.id=?
Hibernate: select u1_0.id,u1_0.email,u1_0.name,u1_0.password,u1_0.role from users u1_0 where u1_0.id=?
Hibernate: select count(o1_0.id) from orders o1_0 where o1_0.status=?
Hibernate: select i1_0.order_id,i1_0.id,i1_0.price,p1_0.id,p1_0.category,p1_0.description,p1_0.image_url,p1_0.name,p1_0.price,p1_0.status,p1_0.stock,v1_0.id,v1_0.address,v1_0.contact_email,v1_0.contact_phone,v1_0.created_at,v1_0.logo_url,v1_0.shop_name,v1_0.status,v1_0.user_id,i1_0.quantity from order_item i1_0 left join product p1_0 on p1_0.id=i1_0.product_id left join vendor v1_0 on v1_0.id=p1_0.vendor_id where i1_0.order_id=?
Hibernate: select count(o1_0.id) from orders o1_0 where o1_0.status=?
Hibernate: select i1_0.order_id,i1_0.id,i1_0.price,p1_0.id,p1_0.category,p1_0.description,p1_0.image_url,p1_0.name,p1_0.price,p1_0.status,p1_0.stock,v1_0.id,v1_0.address,v1_0.contact_email,v1_0.contact_phone,v1_0.created_at,v1_0.logo_url,v1_0.shop_name,v1_0.status,v1_0.user_id,i1_0.quantity from order_item i1_0 left join product p1_0 on p1_0.id=i1_0.product_id left join vendor v1_0 on v1_0.id=p1_0.vendor_id where i1_0.order_id=?
Hibernate: select count(o1_0.id) from orders o1_0 where o1_0.status=?
Hibernate: select i1_0.order_id,i1_0.id,i1_0.price,p1_0.id,p1_0.category,p1_0.description,p1_0.image_url,p1_0.name,p1_0.price,p1_0.status,p1_0.stock,v1_0.id,v1_0.address,v1_0.contact_email,v1_0.contact_phone,v1_0.created_at,v1_0.logo_url,v1_0.shop_name,v1_0.status,v1_0.user_id,i1_0.quantity from order_item i1_0 left join product p1_0 on p1_0.id=i1_0.product_id left join vendor v1_0 on v1_0.id=p1_0.vendor_id where i1_0.order_id=?
Hibernate: select count(o1_0.id) from orders o1_0 where o1_0.status=?
Hibernate: select i1_0.order_id,i1_0.id,i1_0.price,p1_0.id,p1_0.category,p1_0.description,p1_0.image_url,p1_0.name,p1_0.price,p1_0.status,p1_0.stock,v1_0.id,v1_0.address,v1_0.contact_email,v1_0.contact_phone,v1_0.created_at,v1_0.logo_url,v1_0.shop_name,v1_0.status,v1_0.user_id,i1_0.quantity from order_item i1_0 left join product p1_0 on p1_0.id=i1_0.product_id left join vendor v1_0 on v1_0.id=p1_0.vendor_id where i1_0.order_id=?
Hibernate: select count(o1_0.id) from orders o1_0 where o1_0.status=?
Hibernate: select i1_0.order_id,i1_0.id,i1_0.price,p1_0.id,p1_0.category,p1_0.description,p1_0.image_url,p1_0.name,p1_0.price,p1_0.status,p1_0.stock,v1_0.id,v1_0.address,v1_0.contact_email,v1_0.contact_phone,v1_0.created_at,v1_0.logo_url,v1_0.shop_name,v1_0.status,v1_0.user_id,i1_0.quantity from order_item i1_0 left join product p1_0 on p1_0.id=i1_0.product_id left join vendor v1_0 on v1_0.id=p1_0.vendor_id where i1_0.order_id=?
Hibernate: select count(o1_0.id) from orders o1_0 where o1_0.status=?
Hibernate: select i1_0.order_id,i1_0.id,i1_0.price,p1_0.id,p1_0.category,p1_0.description,p1_0.image_url,p1_0.name,p1_0.price,p1_0.status,p1_0.stock,v1_0.id,v1_0.address,v1_0.contact_email,v1_0.contact_phone,v1_0.created_at,v1_0.logo_url,v1_0.shop_name,v1_0.status,v1_0.user_id,i1_0.quantity from order_item i1_0 left join product p1_0 on p1_0.id=i1_0.product_id left join vendor v1_0 on v1_0.id=p1_0.vendor_id where i1_0.order_id=?
Hibernate: select count(o1_0.id) from orders o1_0 where o1_0.status=?
Hibernate: select sum(o1_0.total_amount) from orders o1_0 where o1_0.status='PAID' or o1_0.status='PROCESSING' or o1_0.status='SHIPPED' or o1_0.status='DELIVERED'
Hibernate: select count(o1_0.id) from orders o1_0 where o1_0.created_at>=?
Hibernate: select sum(o1_0.total_amount) from orders o1_0 where (o1_0.status='PAID' or o1_0.status='PROCESSING' or o1_0.status='SHIPPED' or o1_0.status='DELIVERED') and o1_0.created_at>=?
Hibernate: select u1_0.id,u1_0.email,u1_0.name,u1_0.password,u1_0.role from users u1_0 where u1_0.email=?
Hibernate: select count(*) from orders o1_0
Hibernate: select count(o1_0.id) from orders o1_0 where o1_0.status=?
Hibernate: select count(o1_0.id) from orders o1_0 where o1_0.status=?
Hibernate: select count(o1_0.id) from orders o1_0 where o1_0.status=?
Hibernate: select count(o1_0.id) from orders o1_0 where o1_0.status=?
Hibernate: select count(o1_0.id) from orders o1_0 where o1_0.status=?
Hibernate: select count(o1_0.id) from orders o1_0 where o1_0.status=?
Hibernate: select count(o1_0.id) from orders o1_0 where o1_0.status=?
Hibernate: select sum(o1_0.total_amount) from orders o1_0 where o1_0.status='PAID' or o1_0.status='PROCESSING' or o1_0.status='SHIPPED' or o1_0.status='DELIVERED'
Hibernate: select count(o1_0.id) from orders o1_0 where o1_0.created_at>=?
Hibernate: select sum(o1_0.total_amount) from orders o1_0 where (o1_0.status='PAID' or o1_0.status='PROCESSING' or o1_0.status='SHIPPED' or o1_0.status='DELIVERED') and o1_0.created_at>=?
Hibernate: select count(*) from users u1_0
Hibernate: select v1_0.id,v1_0.address,v1_0.contact_email,v1_0.contact_phone,v1_0.created_at,v1_0.logo_url,v1_0.shop_name,v1_0.status,v1_0.user_id from vendor v1_0
Hibernate: select u1_0.id,u1_0.email,u1_0.name,u1_0.password,u1_0.role from users u1_0 where u1_0.id=?
Hibernate: select count(*) from product p1_0
Hibernate: select u1_0.id,u1_0.email,u1_0.name,u1_0.password,u1_0.role from users u1_0 where u1_0.id=?
Hibernate: select u1_0.id,u1_0.email,u1_0.name,u1_0.password,u1_0.role from users u1_0 where u1_0.id=?
Hibernate: select u1_0.id,u1_0.email,u1_0.name,u1_0.password,u1_0.role from users u1_0 where u1_0.id=?
Hibernate: select o1_0.id,o1_0.created_at,o1_0.estimated_delivery_date,o1_0.shipping_address,o1_0.status,o1_0.total_amount,o1_0.tracking_number,o1_0.updated_at,o1_0.user_id from orders o1_0
Hibernate: select u1_0.id,u1_0.email,u1_0.name,u1_0.password,u1_0.role from users u1_0 where u1_0.id=?
Hibernate: select v1_0.id,v1_0.address,v1_0.contact_email,v1_0.contact_phone,v1_0.created_at,v1_0.logo_url,v1_0.shop_name,v1_0.status,v1_0.user_id from vendor v1_0
Hibernate: select u1_0.id,u1_0.email,u1_0.name,u1_0.password,u1_0.role from users u1_0 where u1_0.id=?
Hibernate: select u1_0.id,u1_0.email,u1_0.name,u1_0.password,u1_0.role from users u1_0 where u1_0.id=?
Hibernate: select u1_0.id,u1_0.email,u1_0.name,u1_0.password,u1_0.role from users u1_0 where u1_0.id=?
Hibernate: select u1_0.id,u1_0.email,u1_0.name,u1_0.password,u1_0.role from users u1_0 where u1_0.id=?
Hibernate: select v1_0.id,v1_0.address,v1_0.contact_email,v1_0.contact_phone,v1_0.created_at,v1_0.logo_url,v1_0.shop_name,v1_0.status,v1_0.user_id from vendor v1_0
Hibernate: select u1_0.id,u1_0.email,u1_0.name,u1_0.password,u1_0.role from users u1_0 where u1_0.id=?
Hibernate: select u1_0.id,u1_0.email,u1_0.name,u1_0.password,u1_0.role from users u1_0 where u1_0.id=?
Hibernate: select u1_0.id,u1_0.email,u1_0.name,u1_0.password,u1_0.role from users u1_0 where u1_0.id=?
Hibernate: select u1_0.id,u1_0.email,u1_0.name,u1_0.password,u1_0.role from users u1_0 where u1_0.id=?
Hibernate: select count(*) from users u1_0
Hibernate: select count(*) from product p1_0
Hibernate: select o1_0.id,o1_0.created_at,o1_0.estimated_delivery_date,o1_0.shipping_address,o1_0.status,o1_0.total_amount,o1_0.tracking_number,o1_0.updated_at,o1_0.user_id from orders o1_0
Hibernate: select u1_0.id,u1_0.email,u1_0.name,u1_0.password,u1_0.role from users u1_0 where u1_0.id=?
Hibernate: select v1_0.id,v1_0.address,v1_0.contact_email,v1_0.contact_phone,v1_0.created_at,v1_0.logo_url,v1_0.shop_name,v1_0.status,v1_0.user_id from vendor v1_0
Hibernate: select u1_0.id,u1_0.email,u1_0.name,u1_0.password,u1_0.role from users u1_0 where u1_0.id=?
Hibernate: select u1_0.id,u1_0.email,u1_0.name,u1_0.password,u1_0.role from users u1_0 where u1_0.id=?
Hibernate: select u1_0.id,u1_0.email,u1_0.name,u1_0.password,u1_0.role from users u1_0 where u1_0.id=?
Hibernate: select u1_0.id,u1_0.email,u1_0.name,u1_0.password,u1_0.role from users u1_0 where u1_0.id=?
Hibernate: select u1_0.id,u1_0.email,u1_0.name,u1_0.password,u1_0.role from users u1_0 where u1_0.email=?
Hibernate: select o1_0.id,o1_0.created_at,o1_0.estimated_delivery_date,o1_0.shipping_address,o1_0.status,o1_0.total_amount,o1_0.tracking_number,o1_0.updated_at,o1_0.user_id from orders o1_0 order by o1_0.created_at desc
Hibernate: select u1_0.id,u1_0.email,u1_0.name,u1_0.password,u1_0.role from users u1_0 where u1_0.id=?
Hibernate: select i1_0.order_id,i1_0.id,i1_0.price,p1_0.id,p1_0.category,p1_0.description,p1_0.image_url,p1_0.name,p1_0.price,p1_0.status,p1_0.stock,v1_0.id,v1_0.address,v1_0.contact_email,v1_0.contact_phone,v1_0.created_at,v1_0.logo_url,v1_0.shop_name,v1_0.status,v1_0.user_id,i1_0.quantity from order_item i1_0 left join product p1_0 on p1_0.id=i1_0.product_id left join vendor v1_0 on v1_0.id=p1_0.vendor_id where i1_0.order_id=?
Hibernate: select u1_0.id,u1_0.email,u1_0.name,u1_0.password,u1_0.role from users u1_0 where u1_0.id=?
Hibernate: select u1_0.id,u1_0.email,u1_0.name,u1_0.password,u1_0.role from users u1_0 where u1_0.id=?
Hibernate: select i1_0.order_id,i1_0.id,i1_0.price,p1_0.id,p1_0.category,p1_0.description,p1_0.image_url,p1_0.name,p1_0.price,p1_0.status,p1_0.stock,v1_0.id,v1_0.address,v1_0.contact_email,v1_0.contact_phone,v1_0.created_at,v1_0.logo_url,v1_0.shop_name,v1_0.status,v1_0.user_id,i1_0.quantity from order_item i1_0 left join product p1_0 on p1_0.id=i1_0.product_id left join vendor v1_0 on v1_0.id=p1_0.vendor_id where i1_0.order_id=?
Hibernate: select i1_0.order_id,i1_0.id,i1_0.price,p1_0.id,p1_0.category,p1_0.description,p1_0.image_url,p1_0.name,p1_0.price,p1_0.status,p1_0.stock,v1_0.id,v1_0.address,v1_0.contact_email,v1_0.contact_phone,v1_0.created_at,v1_0.logo_url,v1_0.shop_name,v1_0.status,v1_0.user_id,i1_0.quantity from order_item i1_0 left join product p1_0 on p1_0.id=i1_0.product_id left join vendor v1_0 on v1_0.id=p1_0.vendor_id where i1_0.order_id=?
Hibernate: select i1_0.order_id,i1_0.id,i1_0.price,p1_0.id,p1_0.category,p1_0.description,p1_0.image_url,p1_0.name,p1_0.price,p1_0.status,p1_0.stock,v1_0.id,v1_0.address,v1_0.contact_email,v1_0.contact_phone,v1_0.created_at,v1_0.logo_url,v1_0.shop_name,v1_0.status,v1_0.user_id,i1_0.quantity from order_item i1_0 left join product p1_0 on p1_0.id=i1_0.product_id left join vendor v1_0 on v1_0.id=p1_0.vendor_id where i1_0.order_id=?
Hibernate: select i1_0.order_id,i1_0.id,i1_0.price,p1_0.id,p1_0.category,p1_0.description,p1_0.image_url,p1_0.name,p1_0.price,p1_0.status,p1_0.stock,v1_0.id,v1_0.address,v1_0.contact_email,v1_0.contact_phone,v1_0.created_at,v1_0.logo_url,v1_0.shop_name,v1_0.status,v1_0.user_id,i1_0.quantity from order_item i1_0 left join product p1_0 on p1_0.id=i1_0.product_id left join vendor v1_0 on v1_0.id=p1_0.vendor_id where i1_0.order_id=?
Hibernate: select i1_0.order_id,i1_0.id,i1_0.price,p1_0.id,p1_0.category,p1_0.description,p1_0.image_url,p1_0.name,p1_0.price,p1_0.status,p1_0.stock,v1_0.id,v1_0.address,v1_0.contact_email,v1_0.contact_phone,v1_0.created_at,v1_0.logo_url,v1_0.shop_name,v1_0.status,v1_0.user_id,i1_0.quantity from order_item i1_0 left join product p1_0 on p1_0.id=i1_0.product_id left join vendor v1_0 on v1_0.id=p1_0.vendor_id where i1_0.order_id=?
Hibernate: select i1_0.order_id,i1_0.id,i1_0.price,p1_0.id,p1_0.category,p1_0.description,p1_0.image_url,p1_0.name,p1_0.price,p1_0.status,p1_0.stock,v1_0.id,v1_0.address,v1_0.contact_email,v1_0.contact_phone,v1_0.created_at,v1_0.logo_url,v1_0.shop_name,v1_0.status,v1_0.user_id,i1_0.quantity from order_item i1_0 left join product p1_0 on p1_0.id=i1_0.product_id left join vendor v1_0 on v1_0.id=p1_0.vendor_id where i1_0.order_id=?
Hibernate: select u1_0.id,u1_0.email,u1_0.name,u1_0.password,u1_0.role from users u1_0 where u1_0.email=?
Hibernate: select u1_0.id,u1_0.email,u1_0.name,u1_0.password,u1_0.role from users u1_0 where u1_0.email=?
Hibernate: select count(*) from orders o1_0
Hibernate: select o1_0.id,o1_0.created_at,o1_0.estimated_delivery_date,o1_0.shipping_address,o1_0.status,o1_0.total_amount,o1_0.tracking_number,o1_0.updated_at,o1_0.user_id from orders o1_0 order by o1_0.created_at desc
Hibernate: select u1_0.id,u1_0.email,u1_0.name,u1_0.password,u1_0.role from users u1_0 where u1_0.id=?
Hibernate: select count(o1_0.id) from orders o1_0 where o1_0.status=?
Hibernate: select count(o1_0.id) from orders o1_0 where o1_0.status=?
Hibernate: select i1_0.order_id,i1_0.id,i1_0.price,p1_0.id,p1_0.category,p1_0.description,p1_0.image_url,p1_0.name,p1_0.price,p1_0.status,p1_0.stock,v1_0.id,v1_0.address,v1_0.contact_email,v1_0.contact_phone,v1_0.created_at,v1_0.logo_url,v1_0.shop_name,v1_0.status,v1_0.user_id,i1_0.quantity from order_item i1_0 left join product p1_0 on p1_0.id=i1_0.product_id left join vendor v1_0 on v1_0.id=p1_0.vendor_id where i1_0.order_id=?
Hibernate: select count(o1_0.id) from orders o1_0 where o1_0.status=?
Hibernate: select u1_0.id,u1_0.email,u1_0.name,u1_0.password,u1_0.role from users u1_0 where u1_0.id=?
Hibernate: select count(o1_0.id) from orders o1_0 where o1_0.status=?
Hibernate: select u1_0.id,u1_0.email,u1_0.name,u1_0.password,u1_0.role from users u1_0 where u1_0.id=?
Hibernate: select count(o1_0.id) from orders o1_0 where o1_0.status=?
Hibernate: select i1_0.order_id,i1_0.id,i1_0.price,p1_0.id,p1_0.category,p1_0.description,p1_0.image_url,p1_0.name,p1_0.price,p1_0.status,p1_0.stock,v1_0.id,v1_0.address,v1_0.contact_email,v1_0.contact_phone,v1_0.created_at,v1_0.logo_url,v1_0.shop_name,v1_0.status,v1_0.user_id,i1_0.quantity from order_item i1_0 left join product p1_0 on p1_0.id=i1_0.product_id left join vendor v1_0 on v1_0.id=p1_0.vendor_id where i1_0.order_id=?
Hibernate: select count(o1_0.id) from orders o1_0 where o1_0.status=?
Hibernate: select i1_0.order_id,i1_0.id,i1_0.price,p1_0.id,p1_0.category,p1_0.description,p1_0.image_url,p1_0.name,p1_0.price,p1_0.status,p1_0.stock,v1_0.id,v1_0.address,v1_0.contact_email,v1_0.contact_phone,v1_0.created_at,v1_0.logo_url,v1_0.shop_name,v1_0.status,v1_0.user_id,i1_0.quantity from order_item i1_0 left join product p1_0 on p1_0.id=i1_0.product_id left join vendor v1_0 on v1_0.id=p1_0.vendor_id where i1_0.order_id=?
Hibernate: select count(o1_0.id) from orders o1_0 where o1_0.status=?
Hibernate: select sum(o1_0.total_amount) from orders o1_0 where o1_0.status='PAID' or o1_0.status='PROCESSING' or o1_0.status='SHIPPED' or o1_0.status='DELIVERED'
Hibernate: select i1_0.order_id,i1_0.id,i1_0.price,p1_0.id,p1_0.category,p1_0.description,p1_0.image_url,p1_0.name,p1_0.price,p1_0.status,p1_0.stock,v1_0.id,v1_0.address,v1_0.contact_email,v1_0.contact_phone,v1_0.created_at,v1_0.logo_url,v1_0.shop_name,v1_0.status,v1_0.user_id,i1_0.quantity from order_item i1_0 left join product p1_0 on p1_0.id=i1_0.product_id left join vendor v1_0 on v1_0.id=p1_0.vendor_id where i1_0.order_id=?
Hibernate: select count(o1_0.id) from orders o1_0 where o1_0.created_at>=?
Hibernate: select i1_0.order_id,i1_0.id,i1_0.price,p1_0.id,p1_0.category,p1_0.description,p1_0.image_url,p1_0.name,p1_0.price,p1_0.status,p1_0.stock,v1_0.id,v1_0.address,v1_0.contact_email,v1_0.contact_phone,v1_0.created_at,v1_0.logo_url,v1_0.shop_name,v1_0.status,v1_0.user_id,i1_0.quantity from order_item i1_0 left join product p1_0 on p1_0.id=i1_0.product_id left join vendor v1_0 on v1_0.id=p1_0.vendor_id where i1_0.order_id=?
Hibernate: select sum(o1_0.total_amount) from orders o1_0 where (o1_0.status='PAID' or o1_0.status='PROCESSING' or o1_0.status='SHIPPED' or o1_0.status='DELIVERED') and o1_0.created_at>=?
Hibernate: select i1_0.order_id,i1_0.id,i1_0.price,p1_0.id,p1_0.category,p1_0.description,p1_0.image_url,p1_0.name,p1_0.price,p1_0.status,p1_0.stock,v1_0.id,v1_0.address,v1_0.contact_email,v1_0.contact_phone,v1_0.created_at,v1_0.logo_url,v1_0.shop_name,v1_0.status,v1_0.user_id,i1_0.quantity from order_item i1_0 left join product p1_0 on p1_0.id=i1_0.product_id left join vendor v1_0 on v1_0.id=p1_0.vendor_id where i1_0.order_id=?
Hibernate: select i1_0.order_id,i1_0.id,i1_0.price,p1_0.id,p1_0.category,p1_0.description,p1_0.image_url,p1_0.name,p1_0.price,p1_0.status,p1_0.stock,v1_0.id,v1_0.address,v1_0.contact_email,v1_0.contact_phone,v1_0.created_at,v1_0.logo_url,v1_0.shop_name,v1_0.status,v1_0.user_id,i1_0.quantity from order_item i1_0 left join product p1_0 on p1_0.id=i1_0.product_id left join vendor v1_0 on v1_0.id=p1_0.vendor_id where i1_0.order_id=?
Hibernate: select u1_0.id,u1_0.email,u1_0.name,u1_0.password,u1_0.role from users u1_0 where u1_0.email=?
Hibernate: select count(*) from orders o1_0
Hibernate: select count(o1_0.id) from orders o1_0 where o1_0.status=?
Hibernate: select count(o1_0.id) from orders o1_0 where o1_0.status=?
Hibernate: select count(o1_0.id) from orders o1_0 where o1_0.status=?
Hibernate: select count(o1_0.id) from orders o1_0 where o1_0.status=?
Hibernate: select count(o1_0.id) from orders o1_0 where o1_0.status=?
Hibernate: select count(o1_0.id) from orders o1_0 where o1_0.status=?
Hibernate: select count(o1_0.id) from orders o1_0 where o1_0.status=?
Hibernate: select sum(o1_0.total_amount) from orders o1_0 where o1_0.status='PAID' or o1_0.status='PROCESSING' or o1_0.status='SHIPPED' or o1_0.status='DELIVERED'
Hibernate: select count(o1_0.id) from orders o1_0 where o1_0.created_at>=?
Hibernate: select sum(o1_0.total_amount) from orders o1_0 where (o1_0.status='PAID' or o1_0.status='PROCESSING' or o1_0.status='SHIPPED' or o1_0.status='DELIVERED') and o1_0.created_at>=?
Hibernate: select p1_0.id,p1_0.category,p1_0.description,p1_0.image_url,p1_0.name,p1_0.price,p1_0.status,p1_0.stock,p1_0.vendor_id from product p1_0
Hibernate: select v1_0.id,v1_0.address,v1_0.contact_email,v1_0.contact_phone,v1_0.created_at,v1_0.logo_url,v1_0.shop_name,v1_0.status,u1_0.id,u1_0.email,u1_0.name,u1_0.password,u1_0.role from vendor v1_0 left join users u1_0 on u1_0.id=v1_0.user_id where v1_0.id=?
Hibernate: select v1_0.id,v1_0.address,v1_0.contact_email,v1_0.contact_phone,v1_0.created_at,v1_0.logo_url,v1_0.shop_name,v1_0.status,u1_0.id,u1_0.email,u1_0.name,u1_0.password,u1_0.role from vendor v1_0 left join users u1_0 on u1_0.id=v1_0.user_id where v1_0.id=?
Hibernate: select v1_0.id,v1_0.address,v1_0.contact_email,v1_0.contact_phone,v1_0.created_at,v1_0.logo_url,v1_0.shop_name,v1_0.status,u1_0.id,u1_0.email,u1_0.name,u1_0.password,u1_0.role from vendor v1_0 left join users u1_0 on u1_0.id=v1_0.user_id where v1_0.id=?
Hibernate: select v1_0.id,v1_0.address,v1_0.contact_email,v1_0.contact_phone,v1_0.created_at,v1_0.logo_url,v1_0.shop_name,v1_0.status,u1_0.id,u1_0.email,u1_0.name,u1_0.password,u1_0.role from vendor v1_0 left join users u1_0 on u1_0.id=v1_0.user_id where v1_0.id=?
Hibernate: select p1_0.id,p1_0.category,p1_0.description,p1_0.image_url,p1_0.name,p1_0.price,p1_0.status,p1_0.stock,p1_0.vendor_id from product p1_0
Hibernate: select v1_0.id,v1_0.address,v1_0.contact_email,v1_0.contact_phone,v1_0.created_at,v1_0.logo_url,v1_0.shop_name,v1_0.status,u1_0.id,u1_0.email,u1_0.name,u1_0.password,u1_0.role from vendor v1_0 left join users u1_0 on u1_0.id=v1_0.user_id where v1_0.id=?
Hibernate: select v1_0.id,v1_0.address,v1_0.contact_email,v1_0.contact_phone,v1_0.created_at,v1_0.logo_url,v1_0.shop_name,v1_0.status,u1_0.id,u1_0.email,u1_0.name,u1_0.password,u1_0.role from vendor v1_0 left join users u1_0 on u1_0.id=v1_0.user_id where v1_0.id=?
Hibernate: select v1_0.id,v1_0.address,v1_0.contact_email,v1_0.contact_phone,v1_0.created_at,v1_0.logo_url,v1_0.shop_name,v1_0.status,u1_0.id,u1_0.email,u1_0.name,u1_0.password,u1_0.role from vendor v1_0 left join users u1_0 on u1_0.id=v1_0.user_id where v1_0.id=?
Hibernate: select v1_0.id,v1_0.address,v1_0.contact_email,v1_0.contact_phone,v1_0.created_at,v1_0.logo_url,v1_0.shop_name,v1_0.status,u1_0.id,u1_0.email,u1_0.name,u1_0.password,u1_0.role from vendor v1_0 left join users u1_0 on u1_0.id=v1_0.user_id where v1_0.id=?
Hibernate: select v1_0.id,v1_0.address,v1_0.contact_email,v1_0.contact_phone,v1_0.created_at,v1_0.logo_url,v1_0.shop_name,v1_0.status,v1_0.user_id from vendor v1_0
Hibernate: select u1_0.id,u1_0.email,u1_0.name,u1_0.password,u1_0.role from users u1_0 where u1_0.id=?
Hibernate: select u1_0.id,u1_0.email,u1_0.name,u1_0.password,u1_0.role from users u1_0 where u1_0.id=?
Hibernate: select u1_0.id,u1_0.email,u1_0.name,u1_0.password,u1_0.role from users u1_0 where u1_0.id=?
Hibernate: select u1_0.id,u1_0.email,u1_0.name,u1_0.password,u1_0.role from users u1_0 where u1_0.id=?
Hibernate: select count(p1_0.id) from product p1_0 left join vendor v1_0 on v1_0.id=p1_0.vendor_id where v1_0.id=?
Hibernate: select count(p1_0.id) from product p1_0 left join vendor v1_0 on v1_0.id=p1_0.vendor_id where v1_0.id=?
Hibernate: select count(p1_0.id) from product p1_0 left join vendor v1_0 on v1_0.id=p1_0.vendor_id where v1_0.id=?
Hibernate: select count(p1_0.id) from product p1_0 left join vendor v1_0 on v1_0.id=p1_0.vendor_id where v1_0.id=?
Hibernate: select v1_0.id,v1_0.address,v1_0.contact_email,v1_0.contact_phone,v1_0.created_at,v1_0.logo_url,v1_0.shop_name,v1_0.status,v1_0.user_id from vendor v1_0
Hibernate: select u1_0.id,u1_0.email,u1_0.name,u1_0.password,u1_0.role from users u1_0 where u1_0.id=?
Hibernate: select u1_0.id,u1_0.email,u1_0.name,u1_0.password,u1_0.role from users u1_0 where u1_0.id=?
Hibernate: select u1_0.id,u1_0.email,u1_0.name,u1_0.password,u1_0.role from users u1_0 where u1_0.id=?
Hibernate: select u1_0.id,u1_0.email,u1_0.name,u1_0.password,u1_0.role from users u1_0 where u1_0.id=?
Hibernate: select count(p1_0.id) from product p1_0 left join vendor v1_0 on v1_0.id=p1_0.vendor_id where v1_0.id=?
Hibernate: select count(p1_0.id) from product p1_0 left join vendor v1_0 on v1_0.id=p1_0.vendor_id where v1_0.id=?
Hibernate: select count(p1_0.id) from product p1_0 left join vendor v1_0 on v1_0.id=p1_0.vendor_id where v1_0.id=?
Hibernate: select count(p1_0.id) from product p1_0 left join vendor v1_0 on v1_0.id=p1_0.vendor_id where v1_0.id=?
Hibernate: select p1_0.id,p1_0.category,p1_0.description,p1_0.image_url,p1_0.name,p1_0.price,p1_0.status,p1_0.stock,p1_0.vendor_id from product p1_0
Hibernate: select v1_0.id,v1_0.address,v1_0.contact_email,v1_0.contact_phone,v1_0.created_at,v1_0.logo_url,v1_0.shop_name,v1_0.status,u1_0.id,u1_0.email,u1_0.name,u1_0.password,u1_0.role from vendor v1_0 left join users u1_0 on u1_0.id=v1_0.user_id where v1_0.id=?
Hibernate: select v1_0.id,v1_0.address,v1_0.contact_email,v1_0.contact_phone,v1_0.created_at,v1_0.logo_url,v1_0.shop_name,v1_0.status,u1_0.id,u1_0.email,u1_0.name,u1_0.password,u1_0.role from vendor v1_0 left join users u1_0 on u1_0.id=v1_0.user_id where v1_0.id=?
Hibernate: select v1_0.id,v1_0.address,v1_0.contact_email,v1_0.contact_phone,v1_0.created_at,v1_0.logo_url,v1_0.shop_name,v1_0.status,u1_0.id,u1_0.email,u1_0.name,u1_0.password,u1_0.role from vendor v1_0 left join users u1_0 on u1_0.id=v1_0.user_id where v1_0.id=?
Hibernate: select v1_0.id,v1_0.address,v1_0.contact_email,v1_0.contact_phone,v1_0.created_at,v1_0.logo_url,v1_0.shop_name,v1_0.status,u1_0.id,u1_0.email,u1_0.name,u1_0.password,u1_0.role from vendor v1_0 left join users u1_0 on u1_0.id=v1_0.user_id where v1_0.id=?
Hibernate: select p1_0.id,p1_0.category,p1_0.description,p1_0.image_url,p1_0.name,p1_0.price,p1_0.status,p1_0.stock,p1_0.vendor_id from product p1_0
Hibernate: select v1_0.id,v1_0.address,v1_0.contact_email,v1_0.contact_phone,v1_0.created_at,v1_0.logo_url,v1_0.shop_name,v1_0.status,u1_0.id,u1_0.email,u1_0.name,u1_0.password,u1_0.role from vendor v1_0 left join users u1_0 on u1_0.id=v1_0.user_id where v1_0.id=?
Hibernate: select v1_0.id,v1_0.address,v1_0.contact_email,v1_0.contact_phone,v1_0.created_at,v1_0.logo_url,v1_0.shop_name,v1_0.status,u1_0.id,u1_0.email,u1_0.name,u1_0.password,u1_0.role from vendor v1_0 left join users u1_0 on u1_0.id=v1_0.user_id where v1_0.id=?
Hibernate: select v1_0.id,v1_0.address,v1_0.contact_email,v1_0.contact_phone,v1_0.created_at,v1_0.logo_url,v1_0.shop_name,v1_0.status,u1_0.id,u1_0.email,u1_0.name,u1_0.password,u1_0.role from vendor v1_0 left join users u1_0 on u1_0.id=v1_0.user_id where v1_0.id=?
Hibernate: select v1_0.id,v1_0.address,v1_0.contact_email,v1_0.contact_phone,v1_0.created_at,v1_0.logo_url,v1_0.shop_name,v1_0.status,u1_0.id,u1_0.email,u1_0.name,u1_0.password,u1_0.role from vendor v1_0 left join users u1_0 on u1_0.id=v1_0.user_id where v1_0.id=?
Hibernate: select v1_0.id,v1_0.address,v1_0.contact_email,v1_0.contact_phone,v1_0.created_at,v1_0.logo_url,v1_0.shop_name,v1_0.status,v1_0.user_id from vendor v1_0
Hibernate: select u1_0.id,u1_0.email,u1_0.name,u1_0.password,u1_0.role from users u1_0 where u1_0.id=?
Hibernate: select u1_0.id,u1_0.email,u1_0.name,u1_0.password,u1_0.role from users u1_0 where u1_0.id=?
Hibernate: select u1_0.id,u1_0.email,u1_0.name,u1_0.password,u1_0.role from users u1_0 where u1_0.id=?
Hibernate: select u1_0.id,u1_0.email,u1_0.name,u1_0.password,u1_0.role from users u1_0 where u1_0.id=?
Hibernate: select count(p1_0.id) from product p1_0 left join vendor v1_0 on v1_0.id=p1_0.vendor_id where v1_0.id=?
Hibernate: select count(p1_0.id) from product p1_0 left join vendor v1_0 on v1_0.id=p1_0.vendor_id where v1_0.id=?
Hibernate: select count(p1_0.id) from product p1_0 left join vendor v1_0 on v1_0.id=p1_0.vendor_id where v1_0.id=?
Hibernate: select count(p1_0.id) from product p1_0 left join vendor v1_0 on v1_0.id=p1_0.vendor_id where v1_0.id=?
Hibernate: select v1_0.id,v1_0.address,v1_0.contact_email,v1_0.contact_phone,v1_0.created_at,v1_0.logo_url,v1_0.shop_name,v1_0.status,v1_0.user_id from vendor v1_0
Hibernate: select u1_0.id,u1_0.email,u1_0.name,u1_0.password,u1_0.role from users u1_0 where u1_0.id=?
Hibernate: select u1_0.id,u1_0.email,u1_0.name,u1_0.password,u1_0.role from users u1_0 where u1_0.id=?
Hibernate: select u1_0.id,u1_0.email,u1_0.name,u1_0.password,u1_0.role from users u1_0 where u1_0.id=?
Hibernate: select u1_0.id,u1_0.email,u1_0.name,u1_0.password,u1_0.role from users u1_0 where u1_0.id=?
Hibernate: select count(p1_0.id) from product p1_0 left join vendor v1_0 on v1_0.id=p1_0.vendor_id where v1_0.id=?
Hibernate: select count(p1_0.id) from product p1_0 left join vendor v1_0 on v1_0.id=p1_0.vendor_id where v1_0.id=?
Hibernate: select count(p1_0.id) from product p1_0 left join vendor v1_0 on v1_0.id=p1_0.vendor_id where v1_0.id=?
Hibernate: select count(p1_0.id) from product p1_0 left join vendor v1_0 on v1_0.id=p1_0.vendor_id where v1_0.id=?
Hibernate: select p1_0.id,p1_0.category,p1_0.description,p1_0.image_url,p1_0.name,p1_0.price,p1_0.status,p1_0.stock,p1_0.vendor_id from product p1_0
Hibernate: select v1_0.id,v1_0.address,v1_0.contact_email,v1_0.contact_phone,v1_0.created_at,v1_0.logo_url,v1_0.shop_name,v1_0.status,u1_0.id,u1_0.email,u1_0.name,u1_0.password,u1_0.role from vendor v1_0 left join users u1_0 on u1_0.id=v1_0.user_id where v1_0.id=?
Hibernate: select v1_0.id,v1_0.address,v1_0.contact_email,v1_0.contact_phone,v1_0.created_at,v1_0.logo_url,v1_0.shop_name,v1_0.status,u1_0.id,u1_0.email,u1_0.name,u1_0.password,u1_0.role from vendor v1_0 left join users u1_0 on u1_0.id=v1_0.user_id where v1_0.id=?
Hibernate: select v1_0.id,v1_0.address,v1_0.contact_email,v1_0.contact_phone,v1_0.created_at,v1_0.logo_url,v1_0.shop_name,v1_0.status,u1_0.id,u1_0.email,u1_0.name,u1_0.password,u1_0.role from vendor v1_0 left join users u1_0 on u1_0.id=v1_0.user_id where v1_0.id=?
Hibernate: select v1_0.id,v1_0.address,v1_0.contact_email,v1_0.contact_phone,v1_0.created_at,v1_0.logo_url,v1_0.shop_name,v1_0.status,u1_0.id,u1_0.email,u1_0.name,u1_0.password,u1_0.role from vendor v1_0 left join users u1_0 on u1_0.id=v1_0.user_id where v1_0.id=?
Hibernate: select p1_0.id,p1_0.category,p1_0.description,p1_0.image_url,p1_0.name,p1_0.price,p1_0.status,p1_0.stock,p1_0.vendor_id from product p1_0
Hibernate: select v1_0.id,v1_0.address,v1_0.contact_email,v1_0.contact_phone,v1_0.created_at,v1_0.logo_url,v1_0.shop_name,v1_0.status,u1_0.id,u1_0.email,u1_0.name,u1_0.password,u1_0.role from vendor v1_0 left join users u1_0 on u1_0.id=v1_0.user_id where v1_0.id=?
Hibernate: select v1_0.id,v1_0.address,v1_0.contact_email,v1_0.contact_phone,v1_0.created_at,v1_0.logo_url,v1_0.shop_name,v1_0.status,u1_0.id,u1_0.email,u1_0.name,u1_0.password,u1_0.role from vendor v1_0 left join users u1_0 on u1_0.id=v1_0.user_id where v1_0.id=?
Hibernate: select v1_0.id,v1_0.address,v1_0.contact_email,v1_0.contact_phone,v1_0.created_at,v1_0.logo_url,v1_0.shop_name,v1_0.status,u1_0.id,u1_0.email,u1_0.name,u1_0.password,u1_0.role from vendor v1_0 left join users u1_0 on u1_0.id=v1_0.user_id where v1_0.id=?
Hibernate: select v1_0.id,v1_0.address,v1_0.contact_email,v1_0.contact_phone,v1_0.created_at,v1_0.logo_url,v1_0.shop_name,v1_0.status,u1_0.id,u1_0.email,u1_0.name,u1_0.password,u1_0.role from vendor v1_0 left join users u1_0 on u1_0.id=v1_0.user_id where v1_0.id=?
Hibernate: select p1_0.id,p1_0.category,p1_0.description,p1_0.image_url,p1_0.name,p1_0.price,p1_0.status,p1_0.stock,p1_0.vendor_id from product p1_0
Hibernate: select v1_0.id,v1_0.address,v1_0.contact_email,v1_0.contact_phone,v1_0.created_at,v1_0.logo_url,v1_0.shop_name,v1_0.status,u1_0.id,u1_0.email,u1_0.name,u1_0.password,u1_0.role from vendor v1_0 left join users u1_0 on u1_0.id=v1_0.user_id where v1_0.id=?
Hibernate: select v1_0.id,v1_0.address,v1_0.contact_email,v1_0.contact_phone,v1_0.created_at,v1_0.logo_url,v1_0.shop_name,v1_0.status,u1_0.id,u1_0.email,u1_0.name,u1_0.password,u1_0.role from vendor v1_0 left join users u1_0 on u1_0.id=v1_0.user_id where v1_0.id=?
Hibernate: select v1_0.id,v1_0.address,v1_0.contact_email,v1_0.contact_phone,v1_0.created_at,v1_0.logo_url,v1_0.shop_name,v1_0.status,u1_0.id,u1_0.email,u1_0.name,u1_0.password,u1_0.role from vendor v1_0 left join users u1_0 on u1_0.id=v1_0.user_id where v1_0.id=?
Hibernate: select v1_0.id,v1_0.address,v1_0.contact_email,v1_0.contact_phone,v1_0.created_at,v1_0.logo_url,v1_0.shop_name,v1_0.status,u1_0.id,u1_0.email,u1_0.name,u1_0.password,u1_0.role from vendor v1_0 left join users u1_0 on u1_0.id=v1_0.user_id where v1_0.id=?
Hibernate: select p1_0.id,p1_0.category,p1_0.description,p1_0.image_url,p1_0.name,p1_0.price,p1_0.status,p1_0.stock,p1_0.vendor_id from product p1_0
Hibernate: select v1_0.id,v1_0.address,v1_0.contact_email,v1_0.contact_phone,v1_0.created_at,v1_0.logo_url,v1_0.shop_name,v1_0.status,u1_0.id,u1_0.email,u1_0.name,u1_0.password,u1_0.role from vendor v1_0 left join users u1_0 on u1_0.id=v1_0.user_id where v1_0.id=?
Hibernate: select v1_0.id,v1_0.address,v1_0.contact_email,v1_0.contact_phone,v1_0.created_at,v1_0.logo_url,v1_0.shop_name,v1_0.status,u1_0.id,u1_0.email,u1_0.name,u1_0.password,u1_0.role from vendor v1_0 left join users u1_0 on u1_0.id=v1_0.user_id where v1_0.id=?
Hibernate: select v1_0.id,v1_0.address,v1_0.contact_email,v1_0.contact_phone,v1_0.created_at,v1_0.logo_url,v1_0.shop_name,v1_0.status,u1_0.id,u1_0.email,u1_0.name,u1_0.password,u1_0.role from vendor v1_0 left join users u1_0 on u1_0.id=v1_0.user_id where v1_0.id=?
Hibernate: select v1_0.id,v1_0.address,v1_0.contact_email,v1_0.contact_phone,v1_0.created_at,v1_0.logo_url,v1_0.shop_name,v1_0.status,u1_0.id,u1_0.email,u1_0.name,u1_0.password,u1_0.role from vendor v1_0 left join users u1_0 on u1_0.id=v1_0.user_id where v1_0.id=?
Hibernate: select p1_0.id,p1_0.category,p1_0.description,p1_0.image_url,p1_0.name,p1_0.price,p1_0.status,p1_0.stock,p1_0.vendor_id from product p1_0
Hibernate: select p1_0.id,p1_0.category,p1_0.description,p1_0.image_url,p1_0.name,p1_0.price,p1_0.status,p1_0.stock,p1_0.vendor_id from product p1_0
Hibernate: select v1_0.id,v1_0.address,v1_0.contact_email,v1_0.contact_phone,v1_0.created_at,v1_0.logo_url,v1_0.shop_name,v1_0.status,u1_0.id,u1_0.email,u1_0.name,u1_0.password,u1_0.role from vendor v1_0 left join users u1_0 on u1_0.id=v1_0.user_id where v1_0.id=?
Hibernate: select v1_0.id,v1_0.address,v1_0.contact_email,v1_0.contact_phone,v1_0.created_at,v1_0.logo_url,v1_0.shop_name,v1_0.status,u1_0.id,u1_0.email,u1_0.name,u1_0.password,u1_0.role from vendor v1_0 left join users u1_0 on u1_0.id=v1_0.user_id where v1_0.id=?
Hibernate: select v1_0.id,v1_0.address,v1_0.contact_email,v1_0.contact_phone,v1_0.created_at,v1_0.logo_url,v1_0.shop_name,v1_0.status,u1_0.id,u1_0.email,u1_0.name,u1_0.password,u1_0.role from vendor v1_0 left join users u1_0 on u1_0.id=v1_0.user_id where v1_0.id=?
Hibernate: select v1_0.id,v1_0.address,v1_0.contact_email,v1_0.contact_phone,v1_0.created_at,v1_0.logo_url,v1_0.shop_name,v1_0.status,u1_0.id,u1_0.email,u1_0.name,u1_0.password,u1_0.role from vendor v1_0 left join users u1_0 on u1_0.id=v1_0.user_id where v1_0.id=?
Hibernate: select v1_0.id,v1_0.address,v1_0.contact_email,v1_0.contact_phone,v1_0.created_at,v1_0.logo_url,v1_0.shop_name,v1_0.status,u1_0.id,u1_0.email,u1_0.name,u1_0.password,u1_0.role from vendor v1_0 left join users u1_0 on u1_0.id=v1_0.user_id where v1_0.id=?
Hibernate: select v1_0.id,v1_0.address,v1_0.contact_email,v1_0.contact_phone,v1_0.created_at,v1_0.logo_url,v1_0.shop_name,v1_0.status,u1_0.id,u1_0.email,u1_0.name,u1_0.password,u1_0.role from vendor v1_0 left join users u1_0 on u1_0.id=v1_0.user_id where v1_0.id=?
Hibernate: select v1_0.id,v1_0.address,v1_0.contact_email,v1_0.contact_phone,v1_0.created_at,v1_0.logo_url,v1_0.shop_name,v1_0.status,u1_0.id,u1_0.email,u1_0.name,u1_0.password,u1_0.role from vendor v1_0 left join users u1_0 on u1_0.id=v1_0.user_id where v1_0.id=?
Hibernate: select v1_0.id,v1_0.address,v1_0.contact_email,v1_0.contact_phone,v1_0.created_at,v1_0.logo_url,v1_0.shop_name,v1_0.status,u1_0.id,u1_0.email,u1_0.name,u1_0.password,u1_0.role from vendor v1_0 left join users u1_0 on u1_0.id=v1_0.user_id where v1_0.id=?
Hibernate: select u1_0.id from users u1_0 where u1_0.email=? limit ?
Hibernate: insert into users (email,name,password,role) values (?,?,?,?)
Hibernate: select u1_0.id,u1_0.email,u1_0.name,u1_0.password,u1_0.role from users u1_0 where u1_0.email=?
Hibernate: select u1_0.id,u1_0.email,u1_0.name,u1_0.password,u1_0.role from users u1_0 where u1_0.email=?
Hibernate: select u1_0.id,u1_0.email,u1_0.name,u1_0.password,u1_0.role from users u1_0 where u1_0.email=?
Hibernate: select v1_0.id,v1_0.address,v1_0.contact_email,v1_0.contact_phone,v1_0.created_at,v1_0.logo_url,v1_0.shop_name,v1_0.status,v1_0.user_id from vendor v1_0 left join users u1_0 on u1_0.id=v1_0.user_id where u1_0.id=?
Hibernate: select v1_0.id,v1_0.address,v1_0.contact_email,v1_0.contact_phone,v1_0.created_at,v1_0.logo_url,v1_0.shop_name,v1_0.status,v1_0.user_id from vendor v1_0 left join users u1_0 on u1_0.id=v1_0.user_id where u1_0.id=?
Hibernate: select u1_0.id,u1_0.email,u1_0.name,u1_0.password,u1_0.role from users u1_0 where u1_0.email=?
Hibernate: select u1_0.id,u1_0.email,u1_0.name,u1_0.password,u1_0.role from users u1_0 where u1_0.email=?
Hibernate: select w1_0.id,w1_0.user_id from wishlists w1_0 left join users u1_0 on u1_0.id=w1_0.user_id where u1_0.id=?
Hibernate: select c1_0.id,c1_0.user_id from carts c1_0 left join users u1_0 on u1_0.id=c1_0.user_id where u1_0.id=?
Hibernate: select u1_0.id,u1_0.email,u1_0.name,u1_0.password,u1_0.role from users u1_0 where u1_0.id=?
Hibernate: select u1_0.id,u1_0.email,u1_0.name,u1_0.password,u1_0.role from users u1_0 where u1_0.id=?
Hibernate: insert into wishlists (user_id) values (?)
Hibernate: insert into carts (user_id) values (?)
Hibernate: select u1_0.id,u1_0.email,u1_0.name,u1_0.password,u1_0.role from users u1_0 where u1_0.email=?
Hibernate: select v1_0.id,v1_0.address,v1_0.contact_email,v1_0.contact_phone,v1_0.created_at,v1_0.logo_url,v1_0.shop_name,v1_0.status,v1_0.user_id from vendor v1_0 left join users u1_0 on u1_0.id=v1_0.user_id where u1_0.id=?
Hibernate: select u1_0.id,u1_0.email,u1_0.name,u1_0.password,u1_0.role from users u1_0 where u1_0.email=?
Hibernate: select u1_0.id,u1_0.email,u1_0.name,u1_0.password,u1_0.role from users u1_0 where u1_0.email=?
Hibernate: select u1_0.id,u1_0.email,u1_0.name,u1_0.password,u1_0.role from users u1_0 where u1_0.email=?
Hibernate: select c1_0.id,c1_0.user_id from carts c1_0 left join users u1_0 on u1_0.id=c1_0.user_id where u1_0.id=?
Hibernate: select v1_0.id,v1_0.address,v1_0.contact_email,v1_0.contact_phone,v1_0.created_at,v1_0.logo_url,v1_0.shop_name,v1_0.status,v1_0.user_id from vendor v1_0 left join users u1_0 on u1_0.id=v1_0.user_id where u1_0.id=?
Hibernate: select w1_0.id,w1_0.user_id from wishlists w1_0 left join users u1_0 on u1_0.id=w1_0.user_id where u1_0.id=?
Hibernate: select u1_0.id,u1_0.email,u1_0.name,u1_0.password,u1_0.role from users u1_0 where u1_0.id=?
Hibernate: select u1_0.id,u1_0.email,u1_0.name,u1_0.password,u1_0.role from users u1_0 where u1_0.id=?
Hibernate: select i1_0.cart_id,i1_0.id,p1_0.id,p1_0.category,p1_0.description,p1_0.image_url,p1_0.name,p1_0.price,p1_0.status,p1_0.stock,v1_0.id,v1_0.address,v1_0.contact_email,v1_0.contact_phone,v1_0.created_at,v1_0.logo_url,v1_0.shop_name,v1_0.status,v1_0.user_id,i1_0.quantity from cart_items i1_0 left join product p1_0 on p1_0.id=i1_0.product_id left join vendor v1_0 on v1_0.id=p1_0.vendor_id where i1_0.cart_id=?
Hibernate: select i1_0.wishlist_id,i1_0.id,p1_0.id,p1_0.category,p1_0.description,p1_0.image_url,p1_0.name,p1_0.price,p1_0.status,p1_0.stock,v1_0.id,v1_0.address,v1_0.contact_email,v1_0.contact_phone,v1_0.created_at,v1_0.logo_url,v1_0.shop_name,v1_0.status,v1_0.user_id from wishlist_items i1_0 left join product p1_0 on p1_0.id=i1_0.product_id left join vendor v1_0 on v1_0.id=p1_0.vendor_id where i1_0.wishlist_id=?
Hibernate: select u1_0.id,u1_0.email,u1_0.name,u1_0.password,u1_0.role from users u1_0 where u1_0.email=?
Hibernate: select v1_0.id,v1_0.address,v1_0.contact_email,v1_0.contact_phone,v1_0.created_at,v1_0.logo_url,v1_0.shop_name,v1_0.status,v1_0.user_id from vendor v1_0 left join users u1_0 on u1_0.id=v1_0.user_id where u1_0.id=?
Hibernate: select u1_0.id,u1_0.email,u1_0.name,u1_0.password,u1_0.role from users u1_0 where u1_0.email=?
Hibernate: select v1_0.id,v1_0.address,v1_0.contact_email,v1_0.contact_phone,v1_0.created_at,v1_0.logo_url,v1_0.shop_name,v1_0.status,v1_0.user_id from vendor v1_0 left join users u1_0 on u1_0.id=v1_0.user_id where u1_0.id=?
Hibernate: select u1_0.id,u1_0.email,u1_0.name,u1_0.password,u1_0.role from users u1_0 where u1_0.email=?
Hibernate: select v1_0.id,v1_0.address,v1_0.contact_email,v1_0.contact_phone,v1_0.created_at,v1_0.logo_url,v1_0.shop_name,v1_0.status,v1_0.user_id from vendor v1_0 left join users u1_0 on u1_0.id=v1_0.user_id where u1_0.id=?
Hibernate: select u1_0.id,u1_0.email,u1_0.name,u1_0.password,u1_0.role from users u1_0 where u1_0.email=?
Hibernate: select v1_0.id,v1_0.address,v1_0.contact_email,v1_0.contact_phone,v1_0.created_at,v1_0.logo_url,v1_0.shop_name,v1_0.status,v1_0.user_id from vendor v1_0 left join users u1_0 on u1_0.id=v1_0.user_id where u1_0.id=?
Hibernate: select u1_0.id,u1_0.email,u1_0.name,u1_0.password,u1_0.role from users u1_0 where u1_0.email=?
Hibernate: select v1_0.id,v1_0.address,v1_0.contact_email,v1_0.contact_phone,v1_0.created_at,v1_0.logo_url,v1_0.shop_name,v1_0.status,v1_0.user_id from vendor v1_0 left join users u1_0 on u1_0.id=v1_0.user_id where u1_0.id=?
Hibernate: select u1_0.id,u1_0.email,u1_0.name,u1_0.password,u1_0.role from users u1_0 where u1_0.email=?
Hibernate: select v1_0.id,v1_0.address,v1_0.contact_email,v1_0.contact_phone,v1_0.created_at,v1_0.logo_url,v1_0.shop_name,v1_0.status,v1_0.user_id from vendor v1_0 left join users u1_0 on u1_0.id=v1_0.user_id where u1_0.id=?
Hibernate: select u1_0.id,u1_0.email,u1_0.name,u1_0.password,u1_0.role from users u1_0 where u1_0.email=?
Hibernate: select v1_0.id,v1_0.address,v1_0.contact_email,v1_0.contact_phone,v1_0.created_at,v1_0.logo_url,v1_0.shop_name,v1_0.status,v1_0.user_id from vendor v1_0 left join users u1_0 on u1_0.id=v1_0.user_id where u1_0.id=?
Hibernate: select u1_0.id,u1_0.email,u1_0.name,u1_0.password,u1_0.role from users u1_0 where u1_0.email=?
Hibernate: select v1_0.id,v1_0.address,v1_0.contact_email,v1_0.contact_phone,v1_0.created_at,v1_0.logo_url,v1_0.shop_name,v1_0.status,v1_0.user_id from vendor v1_0 left join users u1_0 on u1_0.id=v1_0.user_id where u1_0.id=?
Hibernate: select p1_0.id,p1_0.category,p1_0.description,p1_0.image_url,p1_0.name,p1_0.price,p1_0.status,p1_0.stock,p1_0.vendor_id from product p1_0
Hibernate: select p1_0.id,p1_0.category,p1_0.description,p1_0.image_url,p1_0.name,p1_0.price,p1_0.status,p1_0.stock,p1_0.vendor_id from product p1_0
Hibernate: select p1_0.id,p1_0.category,p1_0.description,p1_0.image_url,p1_0.name,p1_0.price,p1_0.status,p1_0.stock,p1_0.vendor_id from product p1_0
Hibernate: select v1_0.id,v1_0.address,v1_0.contact_email,v1_0.contact_phone,v1_0.created_at,v1_0.logo_url,v1_0.shop_name,v1_0.status,u1_0.id,u1_0.email,u1_0.name,u1_0.password,u1_0.role from vendor v1_0 left join users u1_0 on u1_0.id=v1_0.user_id where v1_0.id=?
Hibernate: select v1_0.id,v1_0.address,v1_0.contact_email,v1_0.contact_phone,v1_0.created_at,v1_0.logo_url,v1_0.shop_name,v1_0.status,u1_0.id,u1_0.email,u1_0.name,u1_0.password,u1_0.role from vendor v1_0 left join users u1_0 on u1_0.id=v1_0.user_id where v1_0.id=?
Hibernate: select v1_0.id,v1_0.address,v1_0.contact_email,v1_0.contact_phone,v1_0.created_at,v1_0.logo_url,v1_0.shop_name,v1_0.status,u1_0.id,u1_0.email,u1_0.name,u1_0.password,u1_0.role from vendor v1_0 left join users u1_0 on u1_0.id=v1_0.user_id where v1_0.id=?
Hibernate: select v1_0.id,v1_0.address,v1_0.contact_email,v1_0.contact_phone,v1_0.created_at,v1_0.logo_url,v1_0.shop_name,v1_0.status,u1_0.id,u1_0.email,u1_0.name,u1_0.password,u1_0.role from vendor v1_0 left join users u1_0 on u1_0.id=v1_0.user_id where v1_0.id=?
Hibernate: select v1_0.id,v1_0.address,v1_0.contact_email,v1_0.contact_phone,v1_0.created_at,v1_0.logo_url,v1_0.shop_name,v1_0.status,u1_0.id,u1_0.email,u1_0.name,u1_0.password,u1_0.role from vendor v1_0 left join users u1_0 on u1_0.id=v1_0.user_id where v1_0.id=?
Hibernate: select v1_0.id,v1_0.address,v1_0.contact_email,v1_0.contact_phone,v1_0.created_at,v1_0.logo_url,v1_0.shop_name,v1_0.status,u1_0.id,u1_0.email,u1_0.name,u1_0.password,u1_0.role from vendor v1_0 left join users u1_0 on u1_0.id=v1_0.user_id where v1_0.id=?
Hibernate: select v1_0.id,v1_0.address,v1_0.contact_email,v1_0.contact_phone,v1_0.created_at,v1_0.logo_url,v1_0.shop_name,v1_0.status,u1_0.id,u1_0.email,u1_0.name,u1_0.password,u1_0.role from vendor v1_0 left join users u1_0 on u1_0.id=v1_0.user_id where v1_0.id=?
Hibernate: select v1_0.id,v1_0.address,v1_0.contact_email,v1_0.contact_phone,v1_0.created_at,v1_0.logo_url,v1_0.shop_name,v1_0.status,u1_0.id,u1_0.email,u1_0.name,u1_0.password,u1_0.role from vendor v1_0 left join users u1_0 on u1_0.id=v1_0.user_id where v1_0.id=?
Hibernate: select v1_0.id,v1_0.address,v1_0.contact_email,v1_0.contact_phone,v1_0.created_at,v1_0.logo_url,v1_0.shop_name,v1_0.status,u1_0.id,u1_0.email,u1_0.name,u1_0.password,u1_0.role from vendor v1_0 left join users u1_0 on u1_0.id=v1_0.user_id where v1_0.id=?
Hibernate: select v1_0.id,v1_0.address,v1_0.contact_email,v1_0.contact_phone,v1_0.created_at,v1_0.logo_url,v1_0.shop_name,v1_0.status,u1_0.id,u1_0.email,u1_0.name,u1_0.password,u1_0.role from vendor v1_0 left join users u1_0 on u1_0.id=v1_0.user_id where v1_0.id=?
Hibernate: select v1_0.id,v1_0.address,v1_0.contact_email,v1_0.contact_phone,v1_0.created_at,v1_0.logo_url,v1_0.shop_name,v1_0.status,u1_0.id,u1_0.email,u1_0.name,u1_0.password,u1_0.role from vendor v1_0 left join users u1_0 on u1_0.id=v1_0.user_id where v1_0.id=?
Hibernate: select v1_0.id,v1_0.address,v1_0.contact_email,v1_0.contact_phone,v1_0.created_at,v1_0.logo_url,v1_0.shop_name,v1_0.status,u1_0.id,u1_0.email,u1_0.name,u1_0.password,u1_0.role from vendor v1_0 left join users u1_0 on u1_0.id=v1_0.user_id where v1_0.id=?
Hibernate: select p1_0.id,p1_0.category,p1_0.description,p1_0.image_url,p1_0.name,p1_0.price,p1_0.status,p1_0.stock,p1_0.vendor_id from product p1_0
Hibernate: select v1_0.id,v1_0.address,v1_0.contact_email,v1_0.contact_phone,v1_0.created_at,v1_0.logo_url,v1_0.shop_name,v1_0.status,u1_0.id,u1_0.email,u1_0.name,u1_0.password,u1_0.role from vendor v1_0 left join users u1_0 on u1_0.id=v1_0.user_id where v1_0.id=?
Hibernate: select v1_0.id,v1_0.address,v1_0.contact_email,v1_0.contact_phone,v1_0.created_at,v1_0.logo_url,v1_0.shop_name,v1_0.status,u1_0.id,u1_0.email,u1_0.name,u1_0.password,u1_0.role from vendor v1_0 left join users u1_0 on u1_0.id=v1_0.user_id where v1_0.id=?
Hibernate: select v1_0.id,v1_0.address,v1_0.contact_email,v1_0.contact_phone,v1_0.created_at,v1_0.logo_url,v1_0.shop_name,v1_0.status,u1_0.id,u1_0.email,u1_0.name,u1_0.password,u1_0.role from vendor v1_0 left join users u1_0 on u1_0.id=v1_0.user_id where v1_0.id=?
Hibernate: select v1_0.id,v1_0.address,v1_0.contact_email,v1_0.contact_phone,v1_0.created_at,v1_0.logo_url,v1_0.shop_name,v1_0.status,u1_0.id,u1_0.email,u1_0.name,u1_0.password,u1_0.role from vendor v1_0 left join users u1_0 on u1_0.id=v1_0.user_id where v1_0.id=?
Hibernate: select u1_0.id,u1_0.email,u1_0.name,u1_0.password,u1_0.role from users u1_0 where u1_0.email=?
Hibernate: select count(*) from users u1_0
Hibernate: select v1_0.id,v1_0.address,v1_0.contact_email,v1_0.contact_phone,v1_0.created_at,v1_0.logo_url,v1_0.shop_name,v1_0.status,v1_0.user_id from vendor v1_0
Hibernate: select u1_0.id,u1_0.email,u1_0.name,u1_0.password,u1_0.role from users u1_0 where u1_0.id=?
Hibernate: select count(*) from product p1_0
Hibernate: select u1_0.id,u1_0.email,u1_0.name,u1_0.password,u1_0.role from users u1_0 where u1_0.id=?
Hibernate: select u1_0.id,u1_0.email,u1_0.name,u1_0.password,u1_0.role from users u1_0 where u1_0.id=?
Hibernate: select u1_0.id,u1_0.email,u1_0.name,u1_0.password,u1_0.role from users u1_0 where u1_0.id=?
Hibernate: select o1_0.id,o1_0.created_at,o1_0.estimated_delivery_date,o1_0.shipping_address,o1_0.status,o1_0.total_amount,o1_0.tracking_number,o1_0.updated_at,o1_0.user_id from orders o1_0
Hibernate: select u1_0.id,u1_0.email,u1_0.name,u1_0.password,u1_0.role from users u1_0 where u1_0.id=?
Hibernate: select count(*) from users u1_0
Hibernate: select count(*) from product p1_0
Hibernate: select v1_0.id,v1_0.address,v1_0.contact_email,v1_0.contact_phone,v1_0.created_at,v1_0.logo_url,v1_0.shop_name,v1_0.status,v1_0.user_id from vendor v1_0
Hibernate: select u1_0.id,u1_0.email,u1_0.name,u1_0.password,u1_0.role from users u1_0 where u1_0.id=?
Hibernate: select u1_0.id,u1_0.email,u1_0.name,u1_0.password,u1_0.role from users u1_0 where u1_0.id=?
Hibernate: select o1_0.id,o1_0.created_at,o1_0.estimated_delivery_date,o1_0.shipping_address,o1_0.status,o1_0.total_amount,o1_0.tracking_number,o1_0.updated_at,o1_0.user_id from orders o1_0
Hibernate: select u1_0.id,u1_0.email,u1_0.name,u1_0.password,u1_0.role from users u1_0 where u1_0.id=?
Hibernate: select u1_0.id,u1_0.email,u1_0.name,u1_0.password,u1_0.role from users u1_0 where u1_0.id=?
Hibernate: select u1_0.id,u1_0.email,u1_0.name,u1_0.password,u1_0.role from users u1_0 where u1_0.id=?
Hibernate: select v1_0.id,v1_0.address,v1_0.contact_email,v1_0.contact_phone,v1_0.created_at,v1_0.logo_url,v1_0.shop_name,v1_0.status,v1_0.user_id from vendor v1_0
Hibernate: select u1_0.id,u1_0.email,u1_0.name,u1_0.password,u1_0.role from users u1_0 where u1_0.id=?
Hibernate: select u1_0.id,u1_0.email,u1_0.name,u1_0.password,u1_0.role from users u1_0 where u1_0.id=?
Hibernate: select u1_0.id,u1_0.email,u1_0.name,u1_0.password,u1_0.role from users u1_0 where u1_0.id=?
Hibernate: select u1_0.id,u1_0.email,u1_0.name,u1_0.password,u1_0.role from users u1_0 where u1_0.id=?
Hibernate: select u1_0.id,u1_0.email,u1_0.name,u1_0.password,u1_0.role from users u1_0 where u1_0.email=?
Hibernate: select u1_0.id,u1_0.email,u1_0.name,u1_0.password,u1_0.role from users u1_0 where u1_0.email=?
Hibernate: select w1_0.id,w1_0.user_id from wishlists w1_0 left join users u1_0 on u1_0.id=w1_0.user_id where u1_0.id=?
Hibernate: select c1_0.id,c1_0.user_id from carts c1_0 left join users u1_0 on u1_0.id=c1_0.user_id where u1_0.id=?
Hibernate: select u1_0.id,u1_0.email,u1_0.name,u1_0.password,u1_0.role from users u1_0 where u1_0.id=?
Hibernate: select u1_0.id,u1_0.email,u1_0.name,u1_0.password,u1_0.role from users u1_0 where u1_0.id=?
Hibernate: select i1_0.wishlist_id,i1_0.id,p1_0.id,p1_0.category,p1_0.description,p1_0.image_url,p1_0.name,p1_0.price,p1_0.status,p1_0.stock,v1_0.id,v1_0.address,v1_0.contact_email,v1_0.contact_phone,v1_0.created_at,v1_0.logo_url,v1_0.shop_name,v1_0.status,v1_0.user_id from wishlist_items i1_0 left join product p1_0 on p1_0.id=i1_0.product_id left join vendor v1_0 on v1_0.id=p1_0.vendor_id where i1_0.wishlist_id=?
Hibernate: select i1_0.cart_id,i1_0.id,p1_0.id,p1_0.category,p1_0.description,p1_0.image_url,p1_0.name,p1_0.price,p1_0.status,p1_0.stock,v1_0.id,v1_0.address,v1_0.contact_email,v1_0.contact_phone,v1_0.created_at,v1_0.logo_url,v1_0.shop_name,v1_0.status,v1_0.user_id,i1_0.quantity from cart_items i1_0 left join product p1_0 on p1_0.id=i1_0.product_id left join vendor v1_0 on v1_0.id=p1_0.vendor_id where i1_0.cart_id=?
Hibernate: select count(*) from users u1_0
Hibernate: select v1_0.id,v1_0.address,v1_0.contact_email,v1_0.contact_phone,v1_0.created_at,v1_0.logo_url,v1_0.shop_name,v1_0.status,v1_0.user_id from vendor v1_0
Hibernate: select u1_0.id,u1_0.email,u1_0.name,u1_0.password,u1_0.role from users u1_0 where u1_0.id=?
Hibernate: select u1_0.id,u1_0.email,u1_0.name,u1_0.password,u1_0.role from users u1_0 where u1_0.email=?
Hibernate: select u1_0.id,u1_0.email,u1_0.name,u1_0.password,u1_0.role from users u1_0 where u1_0.email=?
Hibernate: select count(*) from product p1_0
Hibernate: select u1_0.id,u1_0.email,u1_0.name,u1_0.password,u1_0.role from users u1_0 where u1_0.id=?
Hibernate: select u1_0.id,u1_0.email,u1_0.name,u1_0.password,u1_0.role from users u1_0 where u1_0.id=?
Hibernate: select u1_0.id,u1_0.email,u1_0.name,u1_0.password,u1_0.role from users u1_0 where u1_0.id=?
Hibernate: select c1_0.id,c1_0.user_id from carts c1_0 left join users u1_0 on u1_0.id=c1_0.user_id where u1_0.id=?
Hibernate: select w1_0.id,w1_0.user_id from wishlists w1_0 left join users u1_0 on u1_0.id=w1_0.user_id where u1_0.id=?
Hibernate: select o1_0.id,o1_0.created_at,o1_0.estimated_delivery_date,o1_0.shipping_address,o1_0.status,o1_0.total_amount,o1_0.tracking_number,o1_0.updated_at,o1_0.user_id from orders o1_0
Hibernate: select u1_0.id,u1_0.email,u1_0.name,u1_0.password,u1_0.role from users u1_0 where u1_0.id=?
Hibernate: select u1_0.id,u1_0.email,u1_0.name,u1_0.password,u1_0.role from users u1_0 where u1_0.id=?
Hibernate: select u1_0.id,u1_0.email,u1_0.name,u1_0.password,u1_0.role from users u1_0 where u1_0.id=?
Hibernate: select i1_0.cart_id,i1_0.id,p1_0.id,p1_0.category,p1_0.description,p1_0.image_url,p1_0.name,p1_0.price,p1_0.status,p1_0.stock,v1_0.id,v1_0.address,v1_0.contact_email,v1_0.contact_phone,v1_0.created_at,v1_0.logo_url,v1_0.shop_name,v1_0.status,v1_0.user_id,i1_0.quantity from cart_items i1_0 left join product p1_0 on p1_0.id=i1_0.product_id left join vendor v1_0 on v1_0.id=p1_0.vendor_id where i1_0.cart_id=?
Hibernate: select i1_0.wishlist_id,i1_0.id,p1_0.id,p1_0.category,p1_0.description,p1_0.image_url,p1_0.name,p1_0.price,p1_0.status,p1_0.stock,v1_0.id,v1_0.address,v1_0.contact_email,v1_0.contact_phone,v1_0.created_at,v1_0.logo_url,v1_0.shop_name,v1_0.status,v1_0.user_id from wishlist_items i1_0 left join product p1_0 on p1_0.id=i1_0.product_id left join vendor v1_0 on v1_0.id=p1_0.vendor_id where i1_0.wishlist_id=?
Hibernate: select v1_0.id,v1_0.address,v1_0.contact_email,v1_0.contact_phone,v1_0.created_at,v1_0.logo_url,v1_0.shop_name,v1_0.status,v1_0.user_id from vendor v1_0
Hibernate: select u1_0.id,u1_0.email,u1_0.name,u1_0.password,u1_0.role from users u1_0 where u1_0.id=?
Hibernate: select u1_0.id,u1_0.email,u1_0.name,u1_0.password,u1_0.role from users u1_0 where u1_0.id=?
Hibernate: select u1_0.id,u1_0.email,u1_0.name,u1_0.password,u1_0.role from users u1_0 where u1_0.id=?
Hibernate: select u1_0.id,u1_0.email,u1_0.name,u1_0.password,u1_0.role from users u1_0 where u1_0.id=?
Hibernate: select v1_0.id,v1_0.address,v1_0.contact_email,v1_0.contact_phone,v1_0.created_at,v1_0.logo_url,v1_0.shop_name,v1_0.status,v1_0.user_id from vendor v1_0
Hibernate: select u1_0.id,u1_0.email,u1_0.name,u1_0.password,u1_0.role from users u1_0 where u1_0.id=?
Hibernate: select u1_0.id,u1_0.email,u1_0.name,u1_0.password,u1_0.role from users u1_0 where u1_0.id=?
Hibernate: select u1_0.id,u1_0.email,u1_0.name,u1_0.password,u1_0.role from users u1_0 where u1_0.id=?
Hibernate: select u1_0.id,u1_0.email,u1_0.name,u1_0.password,u1_0.role from users u1_0 where u1_0.id=?
Hibernate: select count(*) from users u1_0
Hibernate: select count(*) from product p1_0
Hibernate: select o1_0.id,o1_0.created_at,o1_0.estimated_delivery_date,o1_0.shipping_address,o1_0.status,o1_0.total_amount,o1_0.tracking_number,o1_0.updated_at,o1_0.user_id from orders o1_0
Hibernate: select u1_0.id,u1_0.email,u1_0.name,u1_0.password,u1_0.role from users u1_0 where u1_0.id=?
Hibernate: select v1_0.id,v1_0.address,v1_0.contact_email,v1_0.contact_phone,v1_0.created_at,v1_0.logo_url,v1_0.shop_name,v1_0.status,v1_0.user_id from vendor v1_0
Hibernate: select u1_0.id,u1_0.email,u1_0.name,u1_0.password,u1_0.role from users u1_0 where u1_0.id=?
Hibernate: select u1_0.id,u1_0.email,u1_0.name,u1_0.password,u1_0.role from users u1_0 where u1_0.id=?
Hibernate: select u1_0.id,u1_0.email,u1_0.name,u1_0.password,u1_0.role from users u1_0 where u1_0.id=?
Hibernate: select u1_0.id,u1_0.email,u1_0.name,u1_0.password,u1_0.role from users u1_0 where u1_0.id=?
Hibernate: select p1_0.id,p1_0.category,p1_0.description,p1_0.image_url,p1_0.name,p1_0.price,p1_0.status,p1_0.stock,p1_0.vendor_id from product p1_0
Hibernate: select v1_0.id,v1_0.address,v1_0.contact_email,v1_0.contact_phone,v1_0.created_at,v1_0.logo_url,v1_0.shop_name,v1_0.status,u1_0.id,u1_0.email,u1_0.name,u1_0.password,u1_0.role from vendor v1_0 left join users u1_0 on u1_0.id=v1_0.user_id where v1_0.id=?
Hibernate: select v1_0.id,v1_0.address,v1_0.contact_email,v1_0.contact_phone,v1_0.created_at,v1_0.logo_url,v1_0.shop_name,v1_0.status,u1_0.id,u1_0.email,u1_0.name,u1_0.password,u1_0.role from vendor v1_0 left join users u1_0 on u1_0.id=v1_0.user_id where v1_0.id=?
Hibernate: select v1_0.id,v1_0.address,v1_0.contact_email,v1_0.contact_phone,v1_0.created_at,v1_0.logo_url,v1_0.shop_name,v1_0.status,u1_0.id,u1_0.email,u1_0.name,u1_0.password,u1_0.role from vendor v1_0 left join users u1_0 on u1_0.id=v1_0.user_id where v1_0.id=?
Hibernate: select v1_0.id,v1_0.address,v1_0.contact_email,v1_0.contact_phone,v1_0.created_at,v1_0.logo_url,v1_0.shop_name,v1_0.status,u1_0.id,u1_0.email,u1_0.name,u1_0.password,u1_0.role from vendor v1_0 left join users u1_0 on u1_0.id=v1_0.user_id where v1_0.id=?
Hibernate: select p1_0.id,p1_0.category,p1_0.description,p1_0.image_url,p1_0.name,p1_0.price,p1_0.status,p1_0.stock,p1_0.vendor_id from product p1_0
Hibernate: select v1_0.id,v1_0.address,v1_0.contact_email,v1_0.contact_phone,v1_0.created_at,v1_0.logo_url,v1_0.shop_name,v1_0.status,u1_0.id,u1_0.email,u1_0.name,u1_0.password,u1_0.role from vendor v1_0 left join users u1_0 on u1_0.id=v1_0.user_id where v1_0.id=?
Hibernate: select v1_0.id,v1_0.address,v1_0.contact_email,v1_0.contact_phone,v1_0.created_at,v1_0.logo_url,v1_0.shop_name,v1_0.status,u1_0.id,u1_0.email,u1_0.name,u1_0.password,u1_0.role from vendor v1_0 left join users u1_0 on u1_0.id=v1_0.user_id where v1_0.id=?
Hibernate: select v1_0.id,v1_0.address,v1_0.contact_email,v1_0.contact_phone,v1_0.created_at,v1_0.logo_url,v1_0.shop_name,v1_0.status,u1_0.id,u1_0.email,u1_0.name,u1_0.password,u1_0.role from vendor v1_0 left join users u1_0 on u1_0.id=v1_0.user_id where v1_0.id=?
Hibernate: select v1_0.id,v1_0.address,v1_0.contact_email,v1_0.contact_phone,v1_0.created_at,v1_0.logo_url,v1_0.shop_name,v1_0.status,u1_0.id,u1_0.email,u1_0.name,u1_0.password,u1_0.role from vendor v1_0 left join users u1_0 on u1_0.id=v1_0.user_id where v1_0.id=?
Hibernate: select v1_0.id,v1_0.address,v1_0.contact_email,v1_0.contact_phone,v1_0.created_at,v1_0.logo_url,v1_0.shop_name,v1_0.status,v1_0.user_id from vendor v1_0
Hibernate: select u1_0.id,u1_0.email,u1_0.name,u1_0.password,u1_0.role from users u1_0 where u1_0.id=?
Hibernate: select u1_0.id,u1_0.email,u1_0.name,u1_0.password,u1_0.role from users u1_0 where u1_0.id=?
Hibernate: select u1_0.id,u1_0.email,u1_0.name,u1_0.password,u1_0.role from users u1_0 where u1_0.id=?
Hibernate: select u1_0.id,u1_0.email,u1_0.name,u1_0.password,u1_0.role from users u1_0 where u1_0.id=?
Hibernate: select count(p1_0.id) from product p1_0 left join vendor v1_0 on v1_0.id=p1_0.vendor_id where v1_0.id=?
Hibernate: select count(p1_0.id) from product p1_0 left join vendor v1_0 on v1_0.id=p1_0.vendor_id where v1_0.id=?
Hibernate: select count(p1_0.id) from product p1_0 left join vendor v1_0 on v1_0.id=p1_0.vendor_id where v1_0.id=?
Hibernate: select count(p1_0.id) from product p1_0 left join vendor v1_0 on v1_0.id=p1_0.vendor_id where v1_0.id=?
Hibernate: select v1_0.id,v1_0.address,v1_0.contact_email,v1_0.contact_phone,v1_0.created_at,v1_0.logo_url,v1_0.shop_name,v1_0.status,v1_0.user_id from vendor v1_0
Hibernate: select u1_0.id,u1_0.email,u1_0.name,u1_0.password,u1_0.role from users u1_0 where u1_0.id=?
Hibernate: select u1_0.id,u1_0.email,u1_0.name,u1_0.password,u1_0.role from users u1_0 where u1_0.id=?
Hibernate: select u1_0.id,u1_0.email,u1_0.name,u1_0.password,u1_0.role from users u1_0 where u1_0.id=?
Hibernate: select u1_0.id,u1_0.email,u1_0.name,u1_0.password,u1_0.role from users u1_0 where u1_0.id=?
Hibernate: select count(p1_0.id) from product p1_0 left join vendor v1_0 on v1_0.id=p1_0.vendor_id where v1_0.id=?
Hibernate: select count(p1_0.id) from product p1_0 left join vendor v1_0 on v1_0.id=p1_0.vendor_id where v1_0.id=?
Hibernate: select count(p1_0.id) from product p1_0 left join vendor v1_0 on v1_0.id=p1_0.vendor_id where v1_0.id=?
Hibernate: select count(p1_0.id) from product p1_0 left join vendor v1_0 on v1_0.id=p1_0.vendor_id where v1_0.id=?
Hibernate: select u1_0.id,u1_0.email,u1_0.name,u1_0.password,u1_0.role from users u1_0 where u1_0.email=?
Hibernate: select v1_0.id,v1_0.address,v1_0.contact_email,v1_0.contact_phone,v1_0.created_at,v1_0.logo_url,v1_0.shop_name,v1_0.status,v1_0.user_id from vendor v1_0
Hibernate: select u1_0.id,u1_0.email,u1_0.name,u1_0.password,u1_0.role from users u1_0 where u1_0.email=?
Hibernate: select u1_0.id,u1_0.email,u1_0.name,u1_0.password,u1_0.role from users u1_0 where u1_0.id=?
Hibernate: select u1_0.id,u1_0.email,u1_0.name,u1_0.password,u1_0.role from users u1_0 where u1_0.id=?
Hibernate: select u1_0.id,u1_0.email,u1_0.name,u1_0.password,u1_0.role from users u1_0 where u1_0.id=?
Hibernate: select c1_0.id,c1_0.user_id from carts c1_0 left join users u1_0 on u1_0.id=c1_0.user_id where u1_0.id=?
Hibernate: select w1_0.id,w1_0.user_id from wishlists w1_0 left join users u1_0 on u1_0.id=w1_0.user_id where u1_0.id=?
Hibernate: select u1_0.id,u1_0.email,u1_0.name,u1_0.password,u1_0.role from users u1_0 where u1_0.id=?
Hibernate: select u1_0.id,u1_0.email,u1_0.name,u1_0.password,u1_0.role from users u1_0 where u1_0.id=?
Hibernate: select u1_0.id,u1_0.email,u1_0.name,u1_0.password,u1_0.role from users u1_0 where u1_0.id=?
Hibernate: select i1_0.cart_id,i1_0.id,p1_0.id,p1_0.category,p1_0.description,p1_0.image_url,p1_0.name,p1_0.price,p1_0.status,p1_0.stock,v1_0.id,v1_0.address,v1_0.contact_email,v1_0.contact_phone,v1_0.created_at,v1_0.logo_url,v1_0.shop_name,v1_0.status,v1_0.user_id,i1_0.quantity from cart_items i1_0 left join product p1_0 on p1_0.id=i1_0.product_id left join vendor v1_0 on v1_0.id=p1_0.vendor_id where i1_0.cart_id=?
Hibernate: select i1_0.wishlist_id,i1_0.id,p1_0.id,p1_0.category,p1_0.description,p1_0.image_url,p1_0.name,p1_0.price,p1_0.status,p1_0.stock,v1_0.id,v1_0.address,v1_0.contact_email,v1_0.contact_phone,v1_0.created_at,v1_0.logo_url,v1_0.shop_name,v1_0.status,v1_0.user_id from wishlist_items i1_0 left join product p1_0 on p1_0.id=i1_0.product_id left join vendor v1_0 on v1_0.id=p1_0.vendor_id where i1_0.wishlist_id=?
Hibernate: select count(p1_0.id) from product p1_0 left join vendor v1_0 on v1_0.id=p1_0.vendor_id where v1_0.id=?
Hibernate: select count(p1_0.id) from product p1_0 left join vendor v1_0 on v1_0.id=p1_0.vendor_id where v1_0.id=?
Hibernate: select count(p1_0.id) from product p1_0 left join vendor v1_0 on v1_0.id=p1_0.vendor_id where v1_0.id=?
Hibernate: select count(p1_0.id) from product p1_0 left join vendor v1_0 on v1_0.id=p1_0.vendor_id where v1_0.id=?
Hibernate: select u1_0.id,u1_0.email,u1_0.name,u1_0.password,u1_0.role from users u1_0 where u1_0.email=?
Hibernate: select u1_0.id,u1_0.email,u1_0.name,u1_0.password,u1_0.role from users u1_0 where u1_0.email=?
Hibernate: select c1_0.id,c1_0.user_id from carts c1_0 left join users u1_0 on u1_0.id=c1_0.user_id where u1_0.id=?
Hibernate: select w1_0.id,w1_0.user_id from wishlists w1_0 left join users u1_0 on u1_0.id=w1_0.user_id where u1_0.id=?
Hibernate: select u1_0.id,u1_0.email,u1_0.name,u1_0.password,u1_0.role from users u1_0 where u1_0.id=?
Hibernate: select u1_0.id,u1_0.email,u1_0.name,u1_0.password,u1_0.role from users u1_0 where u1_0.id=?
Hibernate: select i1_0.wishlist_id,i1_0.id,p1_0.id,p1_0.category,p1_0.description,p1_0.image_url,p1_0.name,p1_0.price,p1_0.status,p1_0.stock,v1_0.id,v1_0.address,v1_0.contact_email,v1_0.contact_phone,v1_0.created_at,v1_0.logo_url,v1_0.shop_name,v1_0.status,v1_0.user_id from wishlist_items i1_0 left join product p1_0 on p1_0.id=i1_0.product_id left join vendor v1_0 on v1_0.id=p1_0.vendor_id where i1_0.wishlist_id=?
Hibernate: select i1_0.cart_id,i1_0.id,p1_0.id,p1_0.category,p1_0.description,p1_0.image_url,p1_0.name,p1_0.price,p1_0.status,p1_0.stock,v1_0.id,v1_0.address,v1_0.contact_email,v1_0.contact_phone,v1_0.created_at,v1_0.logo_url,v1_0.shop_name,v1_0.status,v1_0.user_id,i1_0.quantity from cart_items i1_0 left join product p1_0 on p1_0.id=i1_0.product_id left join vendor v1_0 on v1_0.id=p1_0.vendor_id where i1_0.cart_id=?
Hibernate: select v1_0.id,v1_0.address,v1_0.contact_email,v1_0.contact_phone,v1_0.created_at,v1_0.logo_url,v1_0.shop_name,v1_0.status,v1_0.user_id from vendor v1_0
Hibernate: select u1_0.id,u1_0.email,u1_0.name,u1_0.password,u1_0.role from users u1_0 where u1_0.id=?
Hibernate: select u1_0.id,u1_0.email,u1_0.name,u1_0.password,u1_0.role from users u1_0 where u1_0.id=?
Hibernate: select u1_0.id,u1_0.email,u1_0.name,u1_0.password,u1_0.role from users u1_0 where u1_0.id=?
Hibernate: select u1_0.id,u1_0.email,u1_0.name,u1_0.password,u1_0.role from users u1_0 where u1_0.id=?
Hibernate: select count(p1_0.id) from product p1_0 left join vendor v1_0 on v1_0.id=p1_0.vendor_id where v1_0.id=?
Hibernate: select count(p1_0.id) from product p1_0 left join vendor v1_0 on v1_0.id=p1_0.vendor_id where v1_0.id=?
Hibernate: select count(p1_0.id) from product p1_0 left join vendor v1_0 on v1_0.id=p1_0.vendor_id where v1_0.id=?
Hibernate: select count(p1_0.id) from product p1_0 left join vendor v1_0 on v1_0.id=p1_0.vendor_id where v1_0.id=?
Hibernate: select v1_0.id,v1_0.address,v1_0.contact_email,v1_0.contact_phone,v1_0.created_at,v1_0.logo_url,v1_0.shop_name,v1_0.status,v1_0.user_id from vendor v1_0
Hibernate: select u1_0.id,u1_0.email,u1_0.name,u1_0.password,u1_0.role from users u1_0 where u1_0.email=?
Hibernate: select u1_0.id,u1_0.email,u1_0.name,u1_0.password,u1_0.role from users u1_0 where u1_0.email=?
Hibernate: select u1_0.id,u1_0.email,u1_0.name,u1_0.password,u1_0.role from users u1_0 where u1_0.id=?
Hibernate: select u1_0.id,u1_0.email,u1_0.name,u1_0.password,u1_0.role from users u1_0 where u1_0.id=?
Hibernate: select w1_0.id,w1_0.user_id from wishlists w1_0 left join users u1_0 on u1_0.id=w1_0.user_id where u1_0.id=?
Hibernate: select c1_0.id,c1_0.user_id from carts c1_0 left join users u1_0 on u1_0.id=c1_0.user_id where u1_0.id=?
Hibernate: select u1_0.id,u1_0.email,u1_0.name,u1_0.password,u1_0.role from users u1_0 where u1_0.id=?
Hibernate: select u1_0.id,u1_0.email,u1_0.name,u1_0.password,u1_0.role from users u1_0 where u1_0.id=?
Hibernate: select u1_0.id,u1_0.email,u1_0.name,u1_0.password,u1_0.role from users u1_0 where u1_0.id=?
Hibernate: select u1_0.id,u1_0.email,u1_0.name,u1_0.password,u1_0.role from users u1_0 where u1_0.id=?
Hibernate: select i1_0.wishlist_id,i1_0.id,p1_0.id,p1_0.category,p1_0.description,p1_0.image_url,p1_0.name,p1_0.price,p1_0.status,p1_0.stock,v1_0.id,v1_0.address,v1_0.contact_email,v1_0.contact_phone,v1_0.created_at,v1_0.logo_url,v1_0.shop_name,v1_0.status,v1_0.user_id from wishlist_items i1_0 left join product p1_0 on p1_0.id=i1_0.product_id left join vendor v1_0 on v1_0.id=p1_0.vendor_id where i1_0.wishlist_id=?
Hibernate: select i1_0.cart_id,i1_0.id,p1_0.id,p1_0.category,p1_0.description,p1_0.image_url,p1_0.name,p1_0.price,p1_0.status,p1_0.stock,v1_0.id,v1_0.address,v1_0.contact_email,v1_0.contact_phone,v1_0.created_at,v1_0.logo_url,v1_0.shop_name,v1_0.status,v1_0.user_id,i1_0.quantity from cart_items i1_0 left join product p1_0 on p1_0.id=i1_0.product_id left join vendor v1_0 on v1_0.id=p1_0.vendor_id where i1_0.cart_id=?
Hibernate: select count(p1_0.id) from product p1_0 left join vendor v1_0 on v1_0.id=p1_0.vendor_id where v1_0.id=?
Hibernate: select count(p1_0.id) from product p1_0 left join vendor v1_0 on v1_0.id=p1_0.vendor_id where v1_0.id=?
Hibernate: select count(p1_0.id) from product p1_0 left join vendor v1_0 on v1_0.id=p1_0.vendor_id where v1_0.id=?
Hibernate: select count(p1_0.id) from product p1_0 left join vendor v1_0 on v1_0.id=p1_0.vendor_id where v1_0.id=?
Hibernate: select u1_0.id,u1_0.email,u1_0.name,u1_0.password,u1_0.role from users u1_0 where u1_0.email=?
Hibernate: select u1_0.id,u1_0.email,u1_0.name,u1_0.password,u1_0.role from users u1_0 where u1_0.email=?
Hibernate: select c1_0.id,c1_0.user_id from carts c1_0 left join users u1_0 on u1_0.id=c1_0.user_id where u1_0.id=?
Hibernate: select w1_0.id,w1_0.user_id from wishlists w1_0 left join users u1_0 on u1_0.id=w1_0.user_id where u1_0.id=?
Hibernate: select u1_0.id,u1_0.email,u1_0.name,u1_0.password,u1_0.role from users u1_0 where u1_0.id=?
Hibernate: select u1_0.id,u1_0.email,u1_0.name,u1_0.password,u1_0.role from users u1_0 where u1_0.id=?
Hibernate: select i1_0.cart_id,i1_0.id,p1_0.id,p1_0.category,p1_0.description,p1_0.image_url,p1_0.name,p1_0.price,p1_0.status,p1_0.stock,v1_0.id,v1_0.address,v1_0.contact_email,v1_0.contact_phone,v1_0.created_at,v1_0.logo_url,v1_0.shop_name,v1_0.status,v1_0.user_id,i1_0.quantity from cart_items i1_0 left join product p1_0 on p1_0.id=i1_0.product_id left join vendor v1_0 on v1_0.id=p1_0.vendor_id where i1_0.cart_id=?
Hibernate: select i1_0.wishlist_id,i1_0.id,p1_0.id,p1_0.category,p1_0.description,p1_0.image_url,p1_0.name,p1_0.price,p1_0.status,p1_0.stock,v1_0.id,v1_0.address,v1_0.contact_email,v1_0.contact_phone,v1_0.created_at,v1_0.logo_url,v1_0.shop_name,v1_0.status,v1_0.user_id from wishlist_items i1_0 left join product p1_0 on p1_0.id=i1_0.product_id left join vendor v1_0 on v1_0.id=p1_0.vendor_id where i1_0.wishlist_id=?
Hibernate: select v1_0.id,v1_0.address,v1_0.contact_email,v1_0.contact_phone,v1_0.created_at,v1_0.logo_url,v1_0.shop_name,v1_0.status,v1_0.user_id from vendor v1_0
Hibernate: select u1_0.id,u1_0.email,u1_0.name,u1_0.password,u1_0.role from users u1_0 where u1_0.id=?
Hibernate: select u1_0.id,u1_0.email,u1_0.name,u1_0.password,u1_0.role from users u1_0 where u1_0.id=?
Hibernate: select u1_0.id,u1_0.email,u1_0.name,u1_0.password,u1_0.role from users u1_0 where u1_0.id=?
Hibernate: select u1_0.id,u1_0.email,u1_0.name,u1_0.password,u1_0.role from users u1_0 where u1_0.id=?
Hibernate: select count(p1_0.id) from product p1_0 left join vendor v1_0 on v1_0.id=p1_0.vendor_id where v1_0.id=?
Hibernate: select count(p1_0.id) from product p1_0 left join vendor v1_0 on v1_0.id=p1_0.vendor_id where v1_0.id=?
Hibernate: select count(p1_0.id) from product p1_0 left join vendor v1_0 on v1_0.id=p1_0.vendor_id where v1_0.id=?
Hibernate: select count(p1_0.id) from product p1_0 left join vendor v1_0 on v1_0.id=p1_0.vendor_id where v1_0.id=?
Hibernate: select v1_0.id,v1_0.address,v1_0.contact_email,v1_0.contact_phone,v1_0.created_at,v1_0.logo_url,v1_0.shop_name,v1_0.status,v1_0.user_id from vendor v1_0
Hibernate: select u1_0.id,u1_0.email,u1_0.name,u1_0.password,u1_0.role from users u1_0 where u1_0.email=?
Hibernate: select u1_0.id,u1_0.email,u1_0.name,u1_0.password,u1_0.role from users u1_0 where u1_0.email=?
Hibernate: select u1_0.id,u1_0.email,u1_0.name,u1_0.password,u1_0.role from users u1_0 where u1_0.id=?
Hibernate: select u1_0.id,u1_0.email,u1_0.name,u1_0.password,u1_0.role from users u1_0 where u1_0.id=?
Hibernate: select c1_0.id,c1_0.user_id from carts c1_0 left join users u1_0 on u1_0.id=c1_0.user_id where u1_0.id=?
Hibernate: select u1_0.id,u1_0.email,u1_0.name,u1_0.password,u1_0.role from users u1_0 where u1_0.id=?
Hibernate: select w1_0.id,w1_0.user_id from wishlists w1_0 left join users u1_0 on u1_0.id=w1_0.user_id where u1_0.id=?
Hibernate: select u1_0.id,u1_0.email,u1_0.name,u1_0.password,u1_0.role from users u1_0 where u1_0.id=?
Hibernate: select u1_0.id,u1_0.email,u1_0.name,u1_0.password,u1_0.role from users u1_0 where u1_0.id=?
Hibernate: select u1_0.id,u1_0.email,u1_0.name,u1_0.password,u1_0.role from users u1_0 where u1_0.id=?
Hibernate: select i1_0.cart_id,i1_0.id,p1_0.id,p1_0.category,p1_0.description,p1_0.image_url,p1_0.name,p1_0.price,p1_0.status,p1_0.stock,v1_0.id,v1_0.address,v1_0.contact_email,v1_0.contact_phone,v1_0.created_at,v1_0.logo_url,v1_0.shop_name,v1_0.status,v1_0.user_id,i1_0.quantity from cart_items i1_0 left join product p1_0 on p1_0.id=i1_0.product_id left join vendor v1_0 on v1_0.id=p1_0.vendor_id where i1_0.cart_id=?
Hibernate: select i1_0.wishlist_id,i1_0.id,p1_0.id,p1_0.category,p1_0.description,p1_0.image_url,p1_0.name,p1_0.price,p1_0.status,p1_0.stock,v1_0.id,v1_0.address,v1_0.contact_email,v1_0.contact_phone,v1_0.created_at,v1_0.logo_url,v1_0.shop_name,v1_0.status,v1_0.user_id from wishlist_items i1_0 left join product p1_0 on p1_0.id=i1_0.product_id left join vendor v1_0 on v1_0.id=p1_0.vendor_id where i1_0.wishlist_id=?
Hibernate: select count(p1_0.id) from product p1_0 left join vendor v1_0 on v1_0.id=p1_0.vendor_id where v1_0.id=?
Hibernate: select count(p1_0.id) from product p1_0 left join vendor v1_0 on v1_0.id=p1_0.vendor_id where v1_0.id=?
Hibernate: select count(p1_0.id) from product p1_0 left join vendor v1_0 on v1_0.id=p1_0.vendor_id where v1_0.id=?
Hibernate: select count(p1_0.id) from product p1_0 left join vendor v1_0 on v1_0.id=p1_0.vendor_id where v1_0.id=?
Hibernate: select u1_0.id,u1_0.email,u1_0.name,u1_0.password,u1_0.role from users u1_0 where u1_0.email=?
Hibernate: select u1_0.id,u1_0.email,u1_0.name,u1_0.password,u1_0.role from users u1_0 where u1_0.email=?
Hibernate: select c1_0.id,c1_0.user_id from carts c1_0 left join users u1_0 on u1_0.id=c1_0.user_id where u1_0.id=?
Hibernate: select w1_0.id,w1_0.user_id from wishlists w1_0 left join users u1_0 on u1_0.id=w1_0.user_id where u1_0.id=?
Hibernate: select u1_0.id,u1_0.email,u1_0.name,u1_0.password,u1_0.role from users u1_0 where u1_0.id=?
Hibernate: select u1_0.id,u1_0.email,u1_0.name,u1_0.password,u1_0.role from users u1_0 where u1_0.id=?
Hibernate: select i1_0.cart_id,i1_0.id,p1_0.id,p1_0.category,p1_0.description,p1_0.image_url,p1_0.name,p1_0.price,p1_0.status,p1_0.stock,v1_0.id,v1_0.address,v1_0.contact_email,v1_0.contact_phone,v1_0.created_at,v1_0.logo_url,v1_0.shop_name,v1_0.status,v1_0.user_id,i1_0.quantity from cart_items i1_0 left join product p1_0 on p1_0.id=i1_0.product_id left join vendor v1_0 on v1_0.id=p1_0.vendor_id where i1_0.cart_id=?
Hibernate: select i1_0.wishlist_id,i1_0.id,p1_0.id,p1_0.category,p1_0.description,p1_0.image_url,p1_0.name,p1_0.price,p1_0.status,p1_0.stock,v1_0.id,v1_0.address,v1_0.contact_email,v1_0.contact_phone,v1_0.created_at,v1_0.logo_url,v1_0.shop_name,v1_0.status,v1_0.user_id from wishlist_items i1_0 left join product p1_0 on p1_0.id=i1_0.product_id left join vendor v1_0 on v1_0.id=p1_0.vendor_id where i1_0.wishlist_id=?
Hibernate: select v1_0.id,v1_0.address,v1_0.contact_email,v1_0.contact_phone,v1_0.created_at,v1_0.logo_url,v1_0.shop_name,v1_0.status,v1_0.user_id from vendor v1_0
Hibernate: select u1_0.id,u1_0.email,u1_0.name,u1_0.password,u1_0.role from users u1_0 where u1_0.id=?
Hibernate: select u1_0.id,u1_0.email,u1_0.name,u1_0.password,u1_0.role from users u1_0 where u1_0.id=?
Hibernate: select u1_0.id,u1_0.email,u1_0.name,u1_0.password,u1_0.role from users u1_0 where u1_0.id=?
Hibernate: select u1_0.id,u1_0.email,u1_0.name,u1_0.password,u1_0.role from users u1_0 where u1_0.id=?
Hibernate: select count(p1_0.id) from product p1_0 left join vendor v1_0 on v1_0.id=p1_0.vendor_id where v1_0.id=?
Hibernate: select count(p1_0.id) from product p1_0 left join vendor v1_0 on v1_0.id=p1_0.vendor_id where v1_0.id=?
Hibernate: select count(p1_0.id) from product p1_0 left join vendor v1_0 on v1_0.id=p1_0.vendor_id where v1_0.id=?
Hibernate: select count(p1_0.id) from product p1_0 left join vendor v1_0 on v1_0.id=p1_0.vendor_id where v1_0.id=?
Hibernate: select u1_0.id,u1_0.email,u1_0.name,u1_0.password,u1_0.role from users u1_0 where u1_0.email=?
Hibernate: select u1_0.id,u1_0.email,u1_0.name,u1_0.password,u1_0.role from users u1_0 where u1_0.email=?
Hibernate: select v1_0.id,v1_0.address,v1_0.contact_email,v1_0.contact_phone,v1_0.created_at,v1_0.logo_url,v1_0.shop_name,v1_0.status,v1_0.user_id from vendor v1_0
Hibernate: select u1_0.id,u1_0.email,u1_0.name,u1_0.password,u1_0.role from users u1_0 where u1_0.id=?
Hibernate: select u1_0.id,u1_0.email,u1_0.name,u1_0.password,u1_0.role from users u1_0 where u1_0.id=?
Hibernate: select c1_0.id,c1_0.user_id from carts c1_0 left join users u1_0 on u1_0.id=c1_0.user_id where u1_0.id=?
Hibernate: select w1_0.id,w1_0.user_id from wishlists w1_0 left join users u1_0 on u1_0.id=w1_0.user_id where u1_0.id=?
Hibernate: select u1_0.id,u1_0.email,u1_0.name,u1_0.password,u1_0.role from users u1_0 where u1_0.id=?
Hibernate: select u1_0.id,u1_0.email,u1_0.name,u1_0.password,u1_0.role from users u1_0 where u1_0.id=?
Hibernate: select u1_0.id,u1_0.email,u1_0.name,u1_0.password,u1_0.role from users u1_0 where u1_0.id=?
Hibernate: select u1_0.id,u1_0.email,u1_0.name,u1_0.password,u1_0.role from users u1_0 where u1_0.id=?
Hibernate: select i1_0.cart_id,i1_0.id,p1_0.id,p1_0.category,p1_0.description,p1_0.image_url,p1_0.name,p1_0.price,p1_0.status,p1_0.stock,v1_0.id,v1_0.address,v1_0.contact_email,v1_0.contact_phone,v1_0.created_at,v1_0.logo_url,v1_0.shop_name,v1_0.status,v1_0.user_id,i1_0.quantity from cart_items i1_0 left join product p1_0 on p1_0.id=i1_0.product_id left join vendor v1_0 on v1_0.id=p1_0.vendor_id where i1_0.cart_id=?
Hibernate: select i1_0.wishlist_id,i1_0.id,p1_0.id,p1_0.category,p1_0.description,p1_0.image_url,p1_0.name,p1_0.price,p1_0.status,p1_0.stock,v1_0.id,v1_0.address,v1_0.contact_email,v1_0.contact_phone,v1_0.created_at,v1_0.logo_url,v1_0.shop_name,v1_0.status,v1_0.user_id from wishlist_items i1_0 left join product p1_0 on p1_0.id=i1_0.product_id left join vendor v1_0 on v1_0.id=p1_0.vendor_id where i1_0.wishlist_id=?
Hibernate: select count(p1_0.id) from product p1_0 left join vendor v1_0 on v1_0.id=p1_0.vendor_id where v1_0.id=?
Hibernate: select count(p1_0.id) from product p1_0 left join vendor v1_0 on v1_0.id=p1_0.vendor_id where v1_0.id=?
Hibernate: select count(p1_0.id) from product p1_0 left join vendor v1_0 on v1_0.id=p1_0.vendor_id where v1_0.id=?
Hibernate: select count(p1_0.id) from product p1_0 left join vendor v1_0 on v1_0.id=p1_0.vendor_id where v1_0.id=?
Hibernate: select u1_0.id,u1_0.email,u1_0.name,u1_0.password,u1_0.role from users u1_0 where u1_0.email=?
Hibernate: select u1_0.id,u1_0.email,u1_0.name,u1_0.password,u1_0.role from users u1_0 where u1_0.email=?
Hibernate: select w1_0.id,w1_0.user_id from wishlists w1_0 left join users u1_0 on u1_0.id=w1_0.user_id where u1_0.id=?
Hibernate: select c1_0.id,c1_0.user_id from carts c1_0 left join users u1_0 on u1_0.id=c1_0.user_id where u1_0.id=?
Hibernate: select u1_0.id,u1_0.email,u1_0.name,u1_0.password,u1_0.role from users u1_0 where u1_0.id=?
Hibernate: select u1_0.id,u1_0.email,u1_0.name,u1_0.password,u1_0.role from users u1_0 where u1_0.id=?
Hibernate: select i1_0.cart_id,i1_0.id,p1_0.id,p1_0.category,p1_0.description,p1_0.image_url,p1_0.name,p1_0.price,p1_0.status,p1_0.stock,v1_0.id,v1_0.address,v1_0.contact_email,v1_0.contact_phone,v1_0.created_at,v1_0.logo_url,v1_0.shop_name,v1_0.status,v1_0.user_id,i1_0.quantity from cart_items i1_0 left join product p1_0 on p1_0.id=i1_0.product_id left join vendor v1_0 on v1_0.id=p1_0.vendor_id where i1_0.cart_id=?
Hibernate: select i1_0.wishlist_id,i1_0.id,p1_0.id,p1_0.category,p1_0.description,p1_0.image_url,p1_0.name,p1_0.price,p1_0.status,p1_0.stock,v1_0.id,v1_0.address,v1_0.contact_email,v1_0.contact_phone,v1_0.created_at,v1_0.logo_url,v1_0.shop_name,v1_0.status,v1_0.user_id from wishlist_items i1_0 left join product p1_0 on p1_0.id=i1_0.product_id left join vendor v1_0 on v1_0.id=p1_0.vendor_id where i1_0.wishlist_id=?
Hibernate: select v1_0.id,v1_0.address,v1_0.contact_email,v1_0.contact_phone,v1_0.created_at,v1_0.logo_url,v1_0.shop_name,v1_0.status,v1_0.user_id from vendor v1_0
Hibernate: select u1_0.id,u1_0.email,u1_0.name,u1_0.password,u1_0.role from users u1_0 where u1_0.id=?
Hibernate: select u1_0.id,u1_0.email,u1_0.name,u1_0.password,u1_0.role from users u1_0 where u1_0.id=?
Hibernate: select u1_0.id,u1_0.email,u1_0.name,u1_0.password,u1_0.role from users u1_0 where u1_0.id=?
Hibernate: select u1_0.id,u1_0.email,u1_0.name,u1_0.password,u1_0.role from users u1_0 where u1_0.id=?
Hibernate: select count(p1_0.id) from product p1_0 left join vendor v1_0 on v1_0.id=p1_0.vendor_id where v1_0.id=?
Hibernate: select count(p1_0.id) from product p1_0 left join vendor v1_0 on v1_0.id=p1_0.vendor_id where v1_0.id=?
Hibernate: select count(p1_0.id) from product p1_0 left join vendor v1_0 on v1_0.id=p1_0.vendor_id where v1_0.id=?
Hibernate: select count(p1_0.id) from product p1_0 left join vendor v1_0 on v1_0.id=p1_0.vendor_id where v1_0.id=?
Hibernate: select p1_0.id,p1_0.category,p1_0.description,p1_0.image_url,p1_0.name,p1_0.price,p1_0.status,p1_0.stock,p1_0.vendor_id from product p1_0
Hibernate: select v1_0.id,v1_0.address,v1_0.contact_email,v1_0.contact_phone,v1_0.created_at,v1_0.logo_url,v1_0.shop_name,v1_0.status,u1_0.id,u1_0.email,u1_0.name,u1_0.password,u1_0.role from vendor v1_0 left join users u1_0 on u1_0.id=v1_0.user_id where v1_0.id=?
Hibernate: select v1_0.id,v1_0.address,v1_0.contact_email,v1_0.contact_phone,v1_0.created_at,v1_0.logo_url,v1_0.shop_name,v1_0.status,u1_0.id,u1_0.email,u1_0.name,u1_0.password,u1_0.role from vendor v1_0 left join users u1_0 on u1_0.id=v1_0.user_id where v1_0.id=?
Hibernate: select v1_0.id,v1_0.address,v1_0.contact_email,v1_0.contact_phone,v1_0.created_at,v1_0.logo_url,v1_0.shop_name,v1_0.status,u1_0.id,u1_0.email,u1_0.name,u1_0.password,u1_0.role from vendor v1_0 left join users u1_0 on u1_0.id=v1_0.user_id where v1_0.id=?
Hibernate: select v1_0.id,v1_0.address,v1_0.contact_email,v1_0.contact_phone,v1_0.created_at,v1_0.logo_url,v1_0.shop_name,v1_0.status,u1_0.id,u1_0.email,u1_0.name,u1_0.password,u1_0.role from vendor v1_0 left join users u1_0 on u1_0.id=v1_0.user_id where v1_0.id=?
Hibernate: select p1_0.id,p1_0.category,p1_0.description,p1_0.image_url,p1_0.name,p1_0.price,p1_0.status,p1_0.stock,p1_0.vendor_id from product p1_0
Hibernate: select v1_0.id,v1_0.address,v1_0.contact_email,v1_0.contact_phone,v1_0.created_at,v1_0.logo_url,v1_0.shop_name,v1_0.status,u1_0.id,u1_0.email,u1_0.name,u1_0.password,u1_0.role from vendor v1_0 left join users u1_0 on u1_0.id=v1_0.user_id where v1_0.id=?
Hibernate: select v1_0.id,v1_0.address,v1_0.contact_email,v1_0.contact_phone,v1_0.created_at,v1_0.logo_url,v1_0.shop_name,v1_0.status,u1_0.id,u1_0.email,u1_0.name,u1_0.password,u1_0.role from vendor v1_0 left join users u1_0 on u1_0.id=v1_0.user_id where v1_0.id=?
Hibernate: select v1_0.id,v1_0.address,v1_0.contact_email,v1_0.contact_phone,v1_0.created_at,v1_0.logo_url,v1_0.shop_name,v1_0.status,u1_0.id,u1_0.email,u1_0.name,u1_0.password,u1_0.role from vendor v1_0 left join users u1_0 on u1_0.id=v1_0.user_id where v1_0.id=?
Hibernate: select v1_0.id,v1_0.address,v1_0.contact_email,v1_0.contact_phone,v1_0.created_at,v1_0.logo_url,v1_0.shop_name,v1_0.status,u1_0.id,u1_0.email,u1_0.name,u1_0.password,u1_0.role from vendor v1_0 left join users u1_0 on u1_0.id=v1_0.user_id where v1_0.id=?
Hibernate: select v1_0.id,v1_0.address,v1_0.contact_email,v1_0.contact_phone,v1_0.created_at,v1_0.logo_url,v1_0.shop_name,v1_0.status,v1_0.user_id from vendor v1_0
Hibernate: select u1_0.id,u1_0.email,u1_0.name,u1_0.password,u1_0.role from users u1_0 where u1_0.id=?
Hibernate: select u1_0.id,u1_0.email,u1_0.name,u1_0.password,u1_0.role from users u1_0 where u1_0.id=?
Hibernate: select u1_0.id,u1_0.email,u1_0.name,u1_0.password,u1_0.role from users u1_0 where u1_0.id=?
Hibernate: select u1_0.id,u1_0.email,u1_0.name,u1_0.password,u1_0.role from users u1_0 where u1_0.id=?
Hibernate: select count(p1_0.id) from product p1_0 left join vendor v1_0 on v1_0.id=p1_0.vendor_id where v1_0.id=?
Hibernate: select count(p1_0.id) from product p1_0 left join vendor v1_0 on v1_0.id=p1_0.vendor_id where v1_0.id=?
Hibernate: select count(p1_0.id) from product p1_0 left join vendor v1_0 on v1_0.id=p1_0.vendor_id where v1_0.id=?
Hibernate: select count(p1_0.id) from product p1_0 left join vendor v1_0 on v1_0.id=p1_0.vendor_id where v1_0.id=?
Hibernate: select v1_0.id,v1_0.address,v1_0.contact_email,v1_0.contact_phone,v1_0.created_at,v1_0.logo_url,v1_0.shop_name,v1_0.status,v1_0.user_id from vendor v1_0
Hibernate: select u1_0.id,u1_0.email,u1_0.name,u1_0.password,u1_0.role from users u1_0 where u1_0.id=?
Hibernate: select u1_0.id,u1_0.email,u1_0.name,u1_0.password,u1_0.role from users u1_0 where u1_0.id=?
Hibernate: select u1_0.id,u1_0.email,u1_0.name,u1_0.password,u1_0.role from users u1_0 where u1_0.id=?
Hibernate: select u1_0.id,u1_0.email,u1_0.name,u1_0.password,u1_0.role from users u1_0 where u1_0.id=?
Hibernate: select count(p1_0.id) from product p1_0 left join vendor v1_0 on v1_0.id=p1_0.vendor_id where v1_0.id=?
Hibernate: select count(p1_0.id) from product p1_0 left join vendor v1_0 on v1_0.id=p1_0.vendor_id where v1_0.id=?
Hibernate: select count(p1_0.id) from product p1_0 left join vendor v1_0 on v1_0.id=p1_0.vendor_id where v1_0.id=?
Hibernate: select count(p1_0.id) from product p1_0 left join vendor v1_0 on v1_0.id=p1_0.vendor_id where v1_0.id=?
Hibernate: select v1_0.id,v1_0.address,v1_0.contact_email,v1_0.contact_phone,v1_0.created_at,v1_0.logo_url,v1_0.shop_name,v1_0.status,v1_0.user_id from vendor v1_0
Hibernate: select u1_0.id,u1_0.email,u1_0.name,u1_0.password,u1_0.role from users u1_0 where u1_0.email=?
Hibernate: select u1_0.id,u1_0.email,u1_0.name,u1_0.password,u1_0.role from users u1_0 where u1_0.email=?
Hibernate: select u1_0.id,u1_0.email,u1_0.name,u1_0.password,u1_0.role from users u1_0 where u1_0.id=?
Hibernate: select u1_0.id,u1_0.email,u1_0.name,u1_0.password,u1_0.role from users u1_0 where u1_0.id=?
Hibernate: select u1_0.id,u1_0.email,u1_0.name,u1_0.password,u1_0.role from users u1_0 where u1_0.id=?
Hibernate: select w1_0.id,w1_0.user_id from wishlists w1_0 left join users u1_0 on u1_0.id=w1_0.user_id where u1_0.id=?
Hibernate: select c1_0.id,c1_0.user_id from carts c1_0 left join users u1_0 on u1_0.id=c1_0.user_id where u1_0.id=?
Hibernate: select u1_0.id,u1_0.email,u1_0.name,u1_0.password,u1_0.role from users u1_0 where u1_0.id=?
Hibernate: select u1_0.id,u1_0.email,u1_0.name,u1_0.password,u1_0.role from users u1_0 where u1_0.id=?
Hibernate: select u1_0.id,u1_0.email,u1_0.name,u1_0.password,u1_0.role from users u1_0 where u1_0.id=?
Hibernate: select i1_0.cart_id,i1_0.id,p1_0.id,p1_0.category,p1_0.description,p1_0.image_url,p1_0.name,p1_0.price,p1_0.status,p1_0.stock,v1_0.id,v1_0.address,v1_0.contact_email,v1_0.contact_phone,v1_0.created_at,v1_0.logo_url,v1_0.shop_name,v1_0.status,v1_0.user_id,i1_0.quantity from cart_items i1_0 left join product p1_0 on p1_0.id=i1_0.product_id left join vendor v1_0 on v1_0.id=p1_0.vendor_id where i1_0.cart_id=?
Hibernate: select i1_0.wishlist_id,i1_0.id,p1_0.id,p1_0.category,p1_0.description,p1_0.image_url,p1_0.name,p1_0.price,p1_0.status,p1_0.stock,v1_0.id,v1_0.address,v1_0.contact_email,v1_0.contact_phone,v1_0.created_at,v1_0.logo_url,v1_0.shop_name,v1_0.status,v1_0.user_id from wishlist_items i1_0 left join product p1_0 on p1_0.id=i1_0.product_id left join vendor v1_0 on v1_0.id=p1_0.vendor_id where i1_0.wishlist_id=?
Hibernate: select count(p1_0.id) from product p1_0 left join vendor v1_0 on v1_0.id=p1_0.vendor_id where v1_0.id=?
Hibernate: select count(p1_0.id) from product p1_0 left join vendor v1_0 on v1_0.id=p1_0.vendor_id where v1_0.id=?
Hibernate: select count(p1_0.id) from product p1_0 left join vendor v1_0 on v1_0.id=p1_0.vendor_id where v1_0.id=?
Hibernate: select count(p1_0.id) from product p1_0 left join vendor v1_0 on v1_0.id=p1_0.vendor_id where v1_0.id=?
Hibernate: select u1_0.id,u1_0.email,u1_0.name,u1_0.password,u1_0.role from users u1_0 where u1_0.email=?
Hibernate: select u1_0.id,u1_0.email,u1_0.name,u1_0.password,u1_0.role from users u1_0 where u1_0.email=?
Hibernate: select v1_0.id,v1_0.address,v1_0.contact_email,v1_0.contact_phone,v1_0.created_at,v1_0.logo_url,v1_0.shop_name,v1_0.status,v1_0.user_id from vendor v1_0
Hibernate: select w1_0.id,w1_0.user_id from wishlists w1_0 left join users u1_0 on u1_0.id=w1_0.user_id where u1_0.id=?
Hibernate: select u1_0.id,u1_0.email,u1_0.name,u1_0.password,u1_0.role from users u1_0 where u1_0.id=?
Hibernate: select u1_0.id,u1_0.email,u1_0.name,u1_0.password,u1_0.role from users u1_0 where u1_0.id=?
Hibernate: select c1_0.id,c1_0.user_id from carts c1_0 left join users u1_0 on u1_0.id=c1_0.user_id where u1_0.id=?
Hibernate: select u1_0.id,u1_0.email,u1_0.name,u1_0.password,u1_0.role from users u1_0 where u1_0.id=?
Hibernate: select u1_0.id,u1_0.email,u1_0.name,u1_0.password,u1_0.role from users u1_0 where u1_0.id=?
Hibernate: select i1_0.wishlist_id,i1_0.id,p1_0.id,p1_0.category,p1_0.description,p1_0.image_url,p1_0.name,p1_0.price,p1_0.status,p1_0.stock,v1_0.id,v1_0.address,v1_0.contact_email,v1_0.contact_phone,v1_0.created_at,v1_0.logo_url,v1_0.shop_name,v1_0.status,v1_0.user_id from wishlist_items i1_0 left join product p1_0 on p1_0.id=i1_0.product_id left join vendor v1_0 on v1_0.id=p1_0.vendor_id where i1_0.wishlist_id=?
Hibernate: select u1_0.id,u1_0.email,u1_0.name,u1_0.password,u1_0.role from users u1_0 where u1_0.id=?
Hibernate: select i1_0.cart_id,i1_0.id,p1_0.id,p1_0.category,p1_0.description,p1_0.image_url,p1_0.name,p1_0.price,p1_0.status,p1_0.stock,v1_0.id,v1_0.address,v1_0.contact_email,v1_0.contact_phone,v1_0.created_at,v1_0.logo_url,v1_0.shop_name,v1_0.status,v1_0.user_id,i1_0.quantity from cart_items i1_0 left join product p1_0 on p1_0.id=i1_0.product_id left join vendor v1_0 on v1_0.id=p1_0.vendor_id where i1_0.cart_id=?
Hibernate: select u1_0.id,u1_0.email,u1_0.name,u1_0.password,u1_0.role from users u1_0 where u1_0.id=?
Hibernate: select count(p1_0.id) from product p1_0 left join vendor v1_0 on v1_0.id=p1_0.vendor_id where v1_0.id=?
Hibernate: select count(p1_0.id) from product p1_0 left join vendor v1_0 on v1_0.id=p1_0.vendor_id where v1_0.id=?
Hibernate: select count(p1_0.id) from product p1_0 left join vendor v1_0 on v1_0.id=p1_0.vendor_id where v1_0.id=?
Hibernate: select count(p1_0.id) from product p1_0 left join vendor v1_0 on v1_0.id=p1_0.vendor_id where v1_0.id=?
Hibernate: select u1_0.id,u1_0.email,u1_0.name,u1_0.password,u1_0.role from users u1_0 where u1_0.email=?
Hibernate: select u1_0.id,u1_0.email,u1_0.name,u1_0.password,u1_0.role from users u1_0 where u1_0.email=?
Hibernate: select v1_0.id,v1_0.address,v1_0.contact_email,v1_0.contact_phone,v1_0.created_at,v1_0.logo_url,v1_0.shop_name,v1_0.status,v1_0.user_id from vendor v1_0
Hibernate: select u1_0.id,u1_0.email,u1_0.name,u1_0.password,u1_0.role from users u1_0 where u1_0.id=?
Hibernate: select u1_0.id,u1_0.email,u1_0.name,u1_0.password,u1_0.role from users u1_0 where u1_0.id=?
Hibernate: select u1_0.id,u1_0.email,u1_0.name,u1_0.password,u1_0.role from users u1_0 where u1_0.id=?
Hibernate: select u1_0.id,u1_0.email,u1_0.name,u1_0.password,u1_0.role from users u1_0 where u1_0.id=?
Hibernate: select w1_0.id,w1_0.user_id from wishlists w1_0 left join users u1_0 on u1_0.id=w1_0.user_id where u1_0.id=?
Hibernate: select c1_0.id,c1_0.user_id from carts c1_0 left join users u1_0 on u1_0.id=c1_0.user_id where u1_0.id=?
Hibernate: select u1_0.id,u1_0.email,u1_0.name,u1_0.password,u1_0.role from users u1_0 where u1_0.id=?
Hibernate: select u1_0.id,u1_0.email,u1_0.name,u1_0.password,u1_0.role from users u1_0 where u1_0.id=?
Hibernate: select i1_0.wishlist_id,i1_0.id,p1_0.id,p1_0.category,p1_0.description,p1_0.image_url,p1_0.name,p1_0.price,p1_0.status,p1_0.stock,v1_0.id,v1_0.address,v1_0.contact_email,v1_0.contact_phone,v1_0.created_at,v1_0.logo_url,v1_0.shop_name,v1_0.status,v1_0.user_id from wishlist_items i1_0 left join product p1_0 on p1_0.id=i1_0.product_id left join vendor v1_0 on v1_0.id=p1_0.vendor_id where i1_0.wishlist_id=?
Hibernate: select i1_0.cart_id,i1_0.id,p1_0.id,p1_0.category,p1_0.description,p1_0.image_url,p1_0.name,p1_0.price,p1_0.status,p1_0.stock,v1_0.id,v1_0.address,v1_0.contact_email,v1_0.contact_phone,v1_0.created_at,v1_0.logo_url,v1_0.shop_name,v1_0.status,v1_0.user_id,i1_0.quantity from cart_items i1_0 left join product p1_0 on p1_0.id=i1_0.product_id left join vendor v1_0 on v1_0.id=p1_0.vendor_id where i1_0.cart_id=?
Hibernate: select count(p1_0.id) from product p1_0 left join vendor v1_0 on v1_0.id=p1_0.vendor_id where v1_0.id=?
Hibernate: select count(p1_0.id) from product p1_0 left join vendor v1_0 on v1_0.id=p1_0.vendor_id where v1_0.id=?
Hibernate: select count(p1_0.id) from product p1_0 left join vendor v1_0 on v1_0.id=p1_0.vendor_id where v1_0.id=?
Hibernate: select count(p1_0.id) from product p1_0 left join vendor v1_0 on v1_0.id=p1_0.vendor_id where v1_0.id=?
Hibernate: select u1_0.id,u1_0.email,u1_0.name,u1_0.password,u1_0.role from users u1_0 where u1_0.email=?
Hibernate: select u1_0.id,u1_0.email,u1_0.name,u1_0.password,u1_0.role from users u1_0 where u1_0.email=?
Hibernate: select v1_0.id,v1_0.address,v1_0.contact_email,v1_0.contact_phone,v1_0.created_at,v1_0.logo_url,v1_0.shop_name,v1_0.status,v1_0.user_id from vendor v1_0
Hibernate: select u1_0.id,u1_0.email,u1_0.name,u1_0.password,u1_0.role from users u1_0 where u1_0.id=?
Hibernate: select c1_0.id,c1_0.user_id from carts c1_0 left join users u1_0 on u1_0.id=c1_0.user_id where u1_0.id=?
Hibernate: select w1_0.id,w1_0.user_id from wishlists w1_0 left join users u1_0 on u1_0.id=w1_0.user_id where u1_0.id=?
Hibernate: select u1_0.id,u1_0.email,u1_0.name,u1_0.password,u1_0.role from users u1_0 where u1_0.id=?
Hibernate: select u1_0.id,u1_0.email,u1_0.name,u1_0.password,u1_0.role from users u1_0 where u1_0.id=?
Hibernate: select u1_0.id,u1_0.email,u1_0.name,u1_0.password,u1_0.role from users u1_0 where u1_0.id=?
Hibernate: select u1_0.id,u1_0.email,u1_0.name,u1_0.password,u1_0.role from users u1_0 where u1_0.id=?
Hibernate: select i1_0.cart_id,i1_0.id,p1_0.id,p1_0.category,p1_0.description,p1_0.image_url,p1_0.name,p1_0.price,p1_0.status,p1_0.stock,v1_0.id,v1_0.address,v1_0.contact_email,v1_0.contact_phone,v1_0.created_at,v1_0.logo_url,v1_0.shop_name,v1_0.status,v1_0.user_id,i1_0.quantity from cart_items i1_0 left join product p1_0 on p1_0.id=i1_0.product_id left join vendor v1_0 on v1_0.id=p1_0.vendor_id where i1_0.cart_id=?
Hibernate: select i1_0.wishlist_id,i1_0.id,p1_0.id,p1_0.category,p1_0.description,p1_0.image_url,p1_0.name,p1_0.price,p1_0.status,p1_0.stock,v1_0.id,v1_0.address,v1_0.contact_email,v1_0.contact_phone,v1_0.created_at,v1_0.logo_url,v1_0.shop_name,v1_0.status,v1_0.user_id from wishlist_items i1_0 left join product p1_0 on p1_0.id=i1_0.product_id left join vendor v1_0 on v1_0.id=p1_0.vendor_id where i1_0.wishlist_id=?
Hibernate: select u1_0.id,u1_0.email,u1_0.name,u1_0.password,u1_0.role from users u1_0 where u1_0.id=?
Hibernate: select count(p1_0.id) from product p1_0 left join vendor v1_0 on v1_0.id=p1_0.vendor_id where v1_0.id=?
Hibernate: select count(p1_0.id) from product p1_0 left join vendor v1_0 on v1_0.id=p1_0.vendor_id where v1_0.id=?
Hibernate: select count(p1_0.id) from product p1_0 left join vendor v1_0 on v1_0.id=p1_0.vendor_id where v1_0.id=?
Hibernate: select count(p1_0.id) from product p1_0 left join vendor v1_0 on v1_0.id=p1_0.vendor_id where v1_0.id=?
Hibernate: select v1_0.id,v1_0.address,v1_0.contact_email,v1_0.contact_phone,v1_0.created_at,v1_0.logo_url,v1_0.shop_name,v1_0.status,v1_0.user_id from vendor v1_0
Hibernate: select u1_0.id,u1_0.email,u1_0.name,u1_0.password,u1_0.role from users u1_0 where u1_0.email=?
Hibernate: select u1_0.id,u1_0.email,u1_0.name,u1_0.password,u1_0.role from users u1_0 where u1_0.email=?
Hibernate: select u1_0.id,u1_0.email,u1_0.name,u1_0.password,u1_0.role from users u1_0 where u1_0.id=?
Hibernate: select u1_0.id,u1_0.email,u1_0.name,u1_0.password,u1_0.role from users u1_0 where u1_0.id=?
Hibernate: select w1_0.id,w1_0.user_id from wishlists w1_0 left join users u1_0 on u1_0.id=w1_0.user_id where u1_0.id=?
Hibernate: select c1_0.id,c1_0.user_id from carts c1_0 left join users u1_0 on u1_0.id=c1_0.user_id where u1_0.id=?
Hibernate: select u1_0.id,u1_0.email,u1_0.name,u1_0.password,u1_0.role from users u1_0 where u1_0.id=?
Hibernate: select u1_0.id,u1_0.email,u1_0.name,u1_0.password,u1_0.role from users u1_0 where u1_0.id=?
Hibernate: select u1_0.id,u1_0.email,u1_0.name,u1_0.password,u1_0.role from users u1_0 where u1_0.id=?
Hibernate: select u1_0.id,u1_0.email,u1_0.name,u1_0.password,u1_0.role from users u1_0 where u1_0.id=?
Hibernate: select i1_0.wishlist_id,i1_0.id,p1_0.id,p1_0.category,p1_0.description,p1_0.image_url,p1_0.name,p1_0.price,p1_0.status,p1_0.stock,v1_0.id,v1_0.address,v1_0.contact_email,v1_0.contact_phone,v1_0.created_at,v1_0.logo_url,v1_0.shop_name,v1_0.status,v1_0.user_id from wishlist_items i1_0 left join product p1_0 on p1_0.id=i1_0.product_id left join vendor v1_0 on v1_0.id=p1_0.vendor_id where i1_0.wishlist_id=?
Hibernate: select i1_0.cart_id,i1_0.id,p1_0.id,p1_0.category,p1_0.description,p1_0.image_url,p1_0.name,p1_0.price,p1_0.status,p1_0.stock,v1_0.id,v1_0.address,v1_0.contact_email,v1_0.contact_phone,v1_0.created_at,v1_0.logo_url,v1_0.shop_name,v1_0.status,v1_0.user_id,i1_0.quantity from cart_items i1_0 left join product p1_0 on p1_0.id=i1_0.product_id left join vendor v1_0 on v1_0.id=p1_0.vendor_id where i1_0.cart_id=?
Hibernate: select count(p1_0.id) from product p1_0 left join vendor v1_0 on v1_0.id=p1_0.vendor_id where v1_0.id=?
Hibernate: select count(p1_0.id) from product p1_0 left join vendor v1_0 on v1_0.id=p1_0.vendor_id where v1_0.id=?
Hibernate: select count(p1_0.id) from product p1_0 left join vendor v1_0 on v1_0.id=p1_0.vendor_id where v1_0.id=?
Hibernate: select count(p1_0.id) from product p1_0 left join vendor v1_0 on v1_0.id=p1_0.vendor_id where v1_0.id=?
Hibernate: select u1_0.id,u1_0.email,u1_0.name,u1_0.password,u1_0.role from users u1_0 where u1_0.email=?
Hibernate: select u1_0.id,u1_0.email,u1_0.name,u1_0.password,u1_0.role from users u1_0 where u1_0.email=?
Hibernate: select w1_0.id,w1_0.user_id from wishlists w1_0 left join users u1_0 on u1_0.id=w1_0.user_id where u1_0.id=?
Hibernate: select c1_0.id,c1_0.user_id from carts c1_0 left join users u1_0 on u1_0.id=c1_0.user_id where u1_0.id=?
Hibernate: select v1_0.id,v1_0.address,v1_0.contact_email,v1_0.contact_phone,v1_0.created_at,v1_0.logo_url,v1_0.shop_name,v1_0.status,v1_0.user_id from vendor v1_0
Hibernate: select u1_0.id,u1_0.email,u1_0.name,u1_0.password,u1_0.role from users u1_0 where u1_0.id=?
Hibernate: select u1_0.id,u1_0.email,u1_0.name,u1_0.password,u1_0.role from users u1_0 where u1_0.id=?
Hibernate: select u1_0.id,u1_0.email,u1_0.name,u1_0.password,u1_0.role from users u1_0 where u1_0.id=?
Hibernate: select i1_0.wishlist_id,i1_0.id,p1_0.id,p1_0.category,p1_0.description,p1_0.image_url,p1_0.name,p1_0.price,p1_0.status,p1_0.stock,v1_0.id,v1_0.address,v1_0.contact_email,v1_0.contact_phone,v1_0.created_at,v1_0.logo_url,v1_0.shop_name,v1_0.status,v1_0.user_id from wishlist_items i1_0 left join product p1_0 on p1_0.id=i1_0.product_id left join vendor v1_0 on v1_0.id=p1_0.vendor_id where i1_0.wishlist_id=?
Hibernate: select u1_0.id,u1_0.email,u1_0.name,u1_0.password,u1_0.role from users u1_0 where u1_0.id=?
Hibernate: select i1_0.cart_id,i1_0.id,p1_0.id,p1_0.category,p1_0.description,p1_0.image_url,p1_0.name,p1_0.price,p1_0.status,p1_0.stock,v1_0.id,v1_0.address,v1_0.contact_email,v1_0.contact_phone,v1_0.created_at,v1_0.logo_url,v1_0.shop_name,v1_0.status,v1_0.user_id,i1_0.quantity from cart_items i1_0 left join product p1_0 on p1_0.id=i1_0.product_id left join vendor v1_0 on v1_0.id=p1_0.vendor_id where i1_0.cart_id=?
Hibernate: select u1_0.id,u1_0.email,u1_0.name,u1_0.password,u1_0.role from users u1_0 where u1_0.id=?
Hibernate: select u1_0.id,u1_0.email,u1_0.name,u1_0.password,u1_0.role from users u1_0 where u1_0.id=?
Hibernate: select count(p1_0.id) from product p1_0 left join vendor v1_0 on v1_0.id=p1_0.vendor_id where v1_0.id=?
Hibernate: select count(p1_0.id) from product p1_0 left join vendor v1_0 on v1_0.id=p1_0.vendor_id where v1_0.id=?
Hibernate: select count(p1_0.id) from product p1_0 left join vendor v1_0 on v1_0.id=p1_0.vendor_id where v1_0.id=?
Hibernate: select count(p1_0.id) from product p1_0 left join vendor v1_0 on v1_0.id=p1_0.vendor_id where v1_0.id=?
Hibernate: select v1_0.id,v1_0.address,v1_0.contact_email,v1_0.contact_phone,v1_0.created_at,v1_0.logo_url,v1_0.shop_name,v1_0.status,v1_0.user_id from vendor v1_0
Hibernate: select u1_0.id,u1_0.email,u1_0.name,u1_0.password,u1_0.role from users u1_0 where u1_0.email=?
Hibernate: select u1_0.id,u1_0.email,u1_0.name,u1_0.password,u1_0.role from users u1_0 where u1_0.email=?
Hibernate: select u1_0.id,u1_0.email,u1_0.name,u1_0.password,u1_0.role from users u1_0 where u1_0.id=?
Hibernate: select u1_0.id,u1_0.email,u1_0.name,u1_0.password,u1_0.role from users u1_0 where u1_0.id=?
Hibernate: select u1_0.id,u1_0.email,u1_0.name,u1_0.password,u1_0.role from users u1_0 where u1_0.id=?
Hibernate: select u1_0.id,u1_0.email,u1_0.name,u1_0.password,u1_0.role from users u1_0 where u1_0.id=?
Hibernate: select w1_0.id,w1_0.user_id from wishlists w1_0 left join users u1_0 on u1_0.id=w1_0.user_id where u1_0.id=?
Hibernate: select c1_0.id,c1_0.user_id from carts c1_0 left join users u1_0 on u1_0.id=c1_0.user_id where u1_0.id=?
Hibernate: select u1_0.id,u1_0.email,u1_0.name,u1_0.password,u1_0.role from users u1_0 where u1_0.id=?
Hibernate: select u1_0.id,u1_0.email,u1_0.name,u1_0.password,u1_0.role from users u1_0 where u1_0.id=?
Hibernate: select i1_0.wishlist_id,i1_0.id,p1_0.id,p1_0.category,p1_0.description,p1_0.image_url,p1_0.name,p1_0.price,p1_0.status,p1_0.stock,v1_0.id,v1_0.address,v1_0.contact_email,v1_0.contact_phone,v1_0.created_at,v1_0.logo_url,v1_0.shop_name,v1_0.status,v1_0.user_id from wishlist_items i1_0 left join product p1_0 on p1_0.id=i1_0.product_id left join vendor v1_0 on v1_0.id=p1_0.vendor_id where i1_0.wishlist_id=?
Hibernate: select i1_0.cart_id,i1_0.id,p1_0.id,p1_0.category,p1_0.description,p1_0.image_url,p1_0.name,p1_0.price,p1_0.status,p1_0.stock,v1_0.id,v1_0.address,v1_0.contact_email,v1_0.contact_phone,v1_0.created_at,v1_0.logo_url,v1_0.shop_name,v1_0.status,v1_0.user_id,i1_0.quantity from cart_items i1_0 left join product p1_0 on p1_0.id=i1_0.product_id left join vendor v1_0 on v1_0.id=p1_0.vendor_id where i1_0.cart_id=?
Hibernate: select count(p1_0.id) from product p1_0 left join vendor v1_0 on v1_0.id=p1_0.vendor_id where v1_0.id=?
Hibernate: select count(p1_0.id) from product p1_0 left join vendor v1_0 on v1_0.id=p1_0.vendor_id where v1_0.id=?
Hibernate: select count(p1_0.id) from product p1_0 left join vendor v1_0 on v1_0.id=p1_0.vendor_id where v1_0.id=?
Hibernate: select count(p1_0.id) from product p1_0 left join vendor v1_0 on v1_0.id=p1_0.vendor_id where v1_0.id=?
Hibernate: select u1_0.id,u1_0.email,u1_0.name,u1_0.password,u1_0.role from users u1_0 where u1_0.email=?
Hibernate: select u1_0.id,u1_0.email,u1_0.name,u1_0.password,u1_0.role from users u1_0 where u1_0.email=?
Hibernate: select c1_0.id,c1_0.user_id from carts c1_0 left join users u1_0 on u1_0.id=c1_0.user_id where u1_0.id=?
Hibernate: select w1_0.id,w1_0.user_id from wishlists w1_0 left join users u1_0 on u1_0.id=w1_0.user_id where u1_0.id=?
Hibernate: select v1_0.id,v1_0.address,v1_0.contact_email,v1_0.contact_phone,v1_0.created_at,v1_0.logo_url,v1_0.shop_name,v1_0.status,v1_0.user_id from vendor v1_0
Hibernate: select u1_0.id,u1_0.email,u1_0.name,u1_0.password,u1_0.role from users u1_0 where u1_0.id=?
Hibernate: select u1_0.id,u1_0.email,u1_0.name,u1_0.password,u1_0.role from users u1_0 where u1_0.id=?
Hibernate: select u1_0.id,u1_0.email,u1_0.name,u1_0.password,u1_0.role from users u1_0 where u1_0.id=?
Hibernate: select i1_0.cart_id,i1_0.id,p1_0.id,p1_0.category,p1_0.description,p1_0.image_url,p1_0.name,p1_0.price,p1_0.status,p1_0.stock,v1_0.id,v1_0.address,v1_0.contact_email,v1_0.contact_phone,v1_0.created_at,v1_0.logo_url,v1_0.shop_name,v1_0.status,v1_0.user_id,i1_0.quantity from cart_items i1_0 left join product p1_0 on p1_0.id=i1_0.product_id left join vendor v1_0 on v1_0.id=p1_0.vendor_id where i1_0.cart_id=?
Hibernate: select i1_0.wishlist_id,i1_0.id,p1_0.id,p1_0.category,p1_0.description,p1_0.image_url,p1_0.name,p1_0.price,p1_0.status,p1_0.stock,v1_0.id,v1_0.address,v1_0.contact_email,v1_0.contact_phone,v1_0.created_at,v1_0.logo_url,v1_0.shop_name,v1_0.status,v1_0.user_id from wishlist_items i1_0 left join product p1_0 on p1_0.id=i1_0.product_id left join vendor v1_0 on v1_0.id=p1_0.vendor_id where i1_0.wishlist_id=?
Hibernate: select u1_0.id,u1_0.email,u1_0.name,u1_0.password,u1_0.role from users u1_0 where u1_0.id=?
Hibernate: select u1_0.id,u1_0.email,u1_0.name,u1_0.password,u1_0.role from users u1_0 where u1_0.id=?
Hibernate: select u1_0.id,u1_0.email,u1_0.name,u1_0.password,u1_0.role from users u1_0 where u1_0.id=?
Hibernate: select count(p1_0.id) from product p1_0 left join vendor v1_0 on v1_0.id=p1_0.vendor_id where v1_0.id=?
Hibernate: select count(p1_0.id) from product p1_0 left join vendor v1_0 on v1_0.id=p1_0.vendor_id where v1_0.id=?
Hibernate: select count(p1_0.id) from product p1_0 left join vendor v1_0 on v1_0.id=p1_0.vendor_id where v1_0.id=?
Hibernate: select count(p1_0.id) from product p1_0 left join vendor v1_0 on v1_0.id=p1_0.vendor_id where v1_0.id=?
Hibernate: select v1_0.id,v1_0.address,v1_0.contact_email,v1_0.contact_phone,v1_0.created_at,v1_0.logo_url,v1_0.shop_name,v1_0.status,v1_0.user_id from vendor v1_0
Hibernate: select u1_0.id,u1_0.email,u1_0.name,u1_0.password,u1_0.role from users u1_0 where u1_0.email=?
Hibernate: select u1_0.id,u1_0.email,u1_0.name,u1_0.password,u1_0.role from users u1_0 where u1_0.email=?
Hibernate: select u1_0.id,u1_0.email,u1_0.name,u1_0.password,u1_0.role from users u1_0 where u1_0.id=?
Hibernate: select u1_0.id,u1_0.email,u1_0.name,u1_0.password,u1_0.role from users u1_0 where u1_0.id=?
Hibernate: select u1_0.id,u1_0.email,u1_0.name,u1_0.password,u1_0.role from users u1_0 where u1_0.id=?
Hibernate: select c1_0.id,c1_0.user_id from carts c1_0 left join users u1_0 on u1_0.id=c1_0.user_id where u1_0.id=?
Hibernate: select w1_0.id,w1_0.user_id from wishlists w1_0 left join users u1_0 on u1_0.id=w1_0.user_id where u1_0.id=?
Hibernate: select u1_0.id,u1_0.email,u1_0.name,u1_0.password,u1_0.role from users u1_0 where u1_0.id=?
Hibernate: select u1_0.id,u1_0.email,u1_0.name,u1_0.password,u1_0.role from users u1_0 where u1_0.id=?
Hibernate: select u1_0.id,u1_0.email,u1_0.name,u1_0.password,u1_0.role from users u1_0 where u1_0.id=?
Hibernate: select i1_0.cart_id,i1_0.id,p1_0.id,p1_0.category,p1_0.description,p1_0.image_url,p1_0.name,p1_0.price,p1_0.status,p1_0.stock,v1_0.id,v1_0.address,v1_0.contact_email,v1_0.contact_phone,v1_0.created_at,v1_0.logo_url,v1_0.shop_name,v1_0.status,v1_0.user_id,i1_0.quantity from cart_items i1_0 left join product p1_0 on p1_0.id=i1_0.product_id left join vendor v1_0 on v1_0.id=p1_0.vendor_id where i1_0.cart_id=?
Hibernate: select i1_0.wishlist_id,i1_0.id,p1_0.id,p1_0.category,p1_0.description,p1_0.image_url,p1_0.name,p1_0.price,p1_0.status,p1_0.stock,v1_0.id,v1_0.address,v1_0.contact_email,v1_0.contact_phone,v1_0.created_at,v1_0.logo_url,v1_0.shop_name,v1_0.status,v1_0.user_id from wishlist_items i1_0 left join product p1_0 on p1_0.id=i1_0.product_id left join vendor v1_0 on v1_0.id=p1_0.vendor_id where i1_0.wishlist_id=?
Hibernate: select count(p1_0.id) from product p1_0 left join vendor v1_0 on v1_0.id=p1_0.vendor_id where v1_0.id=?
Hibernate: select count(p1_0.id) from product p1_0 left join vendor v1_0 on v1_0.id=p1_0.vendor_id where v1_0.id=?
Hibernate: select count(p1_0.id) from product p1_0 left join vendor v1_0 on v1_0.id=p1_0.vendor_id where v1_0.id=?
Hibernate: select count(p1_0.id) from product p1_0 left join vendor v1_0 on v1_0.id=p1_0.vendor_id where v1_0.id=?
Hibernate: select u1_0.id,u1_0.email,u1_0.name,u1_0.password,u1_0.role from users u1_0 where u1_0.email=?
Hibernate: select u1_0.id,u1_0.email,u1_0.name,u1_0.password,u1_0.role from users u1_0 where u1_0.email=?
Hibernate: select c1_0.id,c1_0.user_id from carts c1_0 left join users u1_0 on u1_0.id=c1_0.user_id where u1_0.id=?
Hibernate: select w1_0.id,w1_0.user_id from wishlists w1_0 left join users u1_0 on u1_0.id=w1_0.user_id where u1_0.id=?
Hibernate: select u1_0.id,u1_0.email,u1_0.name,u1_0.password,u1_0.role from users u1_0 where u1_0.id=?
Hibernate: select u1_0.id,u1_0.email,u1_0.name,u1_0.password,u1_0.role from users u1_0 where u1_0.id=?
Hibernate: select i1_0.cart_id,i1_0.id,p1_0.id,p1_0.category,p1_0.description,p1_0.image_url,p1_0.name,p1_0.price,p1_0.status,p1_0.stock,v1_0.id,v1_0.address,v1_0.contact_email,v1_0.contact_phone,v1_0.created_at,v1_0.logo_url,v1_0.shop_name,v1_0.status,v1_0.user_id,i1_0.quantity from cart_items i1_0 left join product p1_0 on p1_0.id=i1_0.product_id left join vendor v1_0 on v1_0.id=p1_0.vendor_id where i1_0.cart_id=?
Hibernate: select i1_0.wishlist_id,i1_0.id,p1_0.id,p1_0.category,p1_0.description,p1_0.image_url,p1_0.name,p1_0.price,p1_0.status,p1_0.stock,v1_0.id,v1_0.address,v1_0.contact_email,v1_0.contact_phone,v1_0.created_at,v1_0.logo_url,v1_0.shop_name,v1_0.status,v1_0.user_id from wishlist_items i1_0 left join product p1_0 on p1_0.id=i1_0.product_id left join vendor v1_0 on v1_0.id=p1_0.vendor_id where i1_0.wishlist_id=?
Hibernate: select v1_0.id,v1_0.address,v1_0.contact_email,v1_0.contact_phone,v1_0.created_at,v1_0.logo_url,v1_0.shop_name,v1_0.status,v1_0.user_id from vendor v1_0
Hibernate: select u1_0.id,u1_0.email,u1_0.name,u1_0.password,u1_0.role from users u1_0 where u1_0.id=?
Hibernate: select u1_0.id,u1_0.email,u1_0.name,u1_0.password,u1_0.role from users u1_0 where u1_0.id=?
Hibernate: select u1_0.id,u1_0.email,u1_0.name,u1_0.password,u1_0.role from users u1_0 where u1_0.id=?
Hibernate: select u1_0.id,u1_0.email,u1_0.name,u1_0.password,u1_0.role from users u1_0 where u1_0.id=?
Hibernate: select count(p1_0.id) from product p1_0 left join vendor v1_0 on v1_0.id=p1_0.vendor_id where v1_0.id=?
Hibernate: select count(p1_0.id) from product p1_0 left join vendor v1_0 on v1_0.id=p1_0.vendor_id where v1_0.id=?
Hibernate: select count(p1_0.id) from product p1_0 left join vendor v1_0 on v1_0.id=p1_0.vendor_id where v1_0.id=?
Hibernate: select count(p1_0.id) from product p1_0 left join vendor v1_0 on v1_0.id=p1_0.vendor_id where v1_0.id=?
Hibernate: select u1_0.id,u1_0.email,u1_0.name,u1_0.password,u1_0.role from users u1_0 where u1_0.email=?
Hibernate: select u1_0.id,u1_0.email,u1_0.name,u1_0.password,u1_0.role from users u1_0 where u1_0.email=?
Hibernate: select v1_0.id,v1_0.address,v1_0.contact_email,v1_0.contact_phone,v1_0.created_at,v1_0.logo_url,v1_0.shop_name,v1_0.status,v1_0.user_id from vendor v1_0
Hibernate: select u1_0.id,u1_0.email,u1_0.name,u1_0.password,u1_0.role from users u1_0 where u1_0.id=?
Hibernate: select u1_0.id,u1_0.email,u1_0.name,u1_0.password,u1_0.role from users u1_0 where u1_0.id=?
Hibernate: select c1_0.id,c1_0.user_id from carts c1_0 left join users u1_0 on u1_0.id=c1_0.user_id where u1_0.id=?
Hibernate: select w1_0.id,w1_0.user_id from wishlists w1_0 left join users u1_0 on u1_0.id=w1_0.user_id where u1_0.id=?
Hibernate: select u1_0.id,u1_0.email,u1_0.name,u1_0.password,u1_0.role from users u1_0 where u1_0.id=?
Hibernate: select u1_0.id,u1_0.email,u1_0.name,u1_0.password,u1_0.role from users u1_0 where u1_0.id=?
Hibernate: select u1_0.id,u1_0.email,u1_0.name,u1_0.password,u1_0.role from users u1_0 where u1_0.id=?
Hibernate: select u1_0.id,u1_0.email,u1_0.name,u1_0.password,u1_0.role from users u1_0 where u1_0.id=?
Hibernate: select i1_0.cart_id,i1_0.id,p1_0.id,p1_0.category,p1_0.description,p1_0.image_url,p1_0.name,p1_0.price,p1_0.status,p1_0.stock,v1_0.id,v1_0.address,v1_0.contact_email,v1_0.contact_phone,v1_0.created_at,v1_0.logo_url,v1_0.shop_name,v1_0.status,v1_0.user_id,i1_0.quantity from cart_items i1_0 left join product p1_0 on p1_0.id=i1_0.product_id left join vendor v1_0 on v1_0.id=p1_0.vendor_id where i1_0.cart_id=?
Hibernate: select i1_0.wishlist_id,i1_0.id,p1_0.id,p1_0.category,p1_0.description,p1_0.image_url,p1_0.name,p1_0.price,p1_0.status,p1_0.stock,v1_0.id,v1_0.address,v1_0.contact_email,v1_0.contact_phone,v1_0.created_at,v1_0.logo_url,v1_0.shop_name,v1_0.status,v1_0.user_id from wishlist_items i1_0 left join product p1_0 on p1_0.id=i1_0.product_id left join vendor v1_0 on v1_0.id=p1_0.vendor_id where i1_0.wishlist_id=?
Hibernate: select count(p1_0.id) from product p1_0 left join vendor v1_0 on v1_0.id=p1_0.vendor_id where v1_0.id=?
Hibernate: select count(p1_0.id) from product p1_0 left join vendor v1_0 on v1_0.id=p1_0.vendor_id where v1_0.id=?
Hibernate: select u1_0.id,u1_0.email,u1_0.name,u1_0.password,u1_0.role from users u1_0 where u1_0.email=?
Hibernate: select u1_0.id,u1_0.email,u1_0.name,u1_0.password,u1_0.role from users u1_0 where u1_0.email=?
Hibernate: select count(p1_0.id) from product p1_0 left join vendor v1_0 on v1_0.id=p1_0.vendor_id where v1_0.id=?
Hibernate: select count(p1_0.id) from product p1_0 left join vendor v1_0 on v1_0.id=p1_0.vendor_id where v1_0.id=?
Hibernate: select w1_0.id,w1_0.user_id from wishlists w1_0 left join users u1_0 on u1_0.id=w1_0.user_id where u1_0.id=?
Hibernate: select c1_0.id,c1_0.user_id from carts c1_0 left join users u1_0 on u1_0.id=c1_0.user_id where u1_0.id=?
Hibernate: select u1_0.id,u1_0.email,u1_0.name,u1_0.password,u1_0.role from users u1_0 where u1_0.id=?
Hibernate: select u1_0.id,u1_0.email,u1_0.name,u1_0.password,u1_0.role from users u1_0 where u1_0.id=?
Hibernate: select i1_0.cart_id,i1_0.id,p1_0.id,p1_0.category,p1_0.description,p1_0.image_url,p1_0.name,p1_0.price,p1_0.status,p1_0.stock,v1_0.id,v1_0.address,v1_0.contact_email,v1_0.contact_phone,v1_0.created_at,v1_0.logo_url,v1_0.shop_name,v1_0.status,v1_0.user_id,i1_0.quantity from cart_items i1_0 left join product p1_0 on p1_0.id=i1_0.product_id left join vendor v1_0 on v1_0.id=p1_0.vendor_id where i1_0.cart_id=?
Hibernate: select i1_0.wishlist_id,i1_0.id,p1_0.id,p1_0.category,p1_0.description,p1_0.image_url,p1_0.name,p1_0.price,p1_0.status,p1_0.stock,v1_0.id,v1_0.address,v1_0.contact_email,v1_0.contact_phone,v1_0.created_at,v1_0.logo_url,v1_0.shop_name,v1_0.status,v1_0.user_id from wishlist_items i1_0 left join product p1_0 on p1_0.id=i1_0.product_id left join vendor v1_0 on v1_0.id=p1_0.vendor_id where i1_0.wishlist_id=?
Hibernate: select v1_0.id,v1_0.address,v1_0.contact_email,v1_0.contact_phone,v1_0.created_at,v1_0.logo_url,v1_0.shop_name,v1_0.status,v1_0.user_id from vendor v1_0
Hibernate: select u1_0.id,u1_0.email,u1_0.name,u1_0.password,u1_0.role from users u1_0 where u1_0.id=?
Hibernate: select u1_0.id,u1_0.email,u1_0.name,u1_0.password,u1_0.role from users u1_0 where u1_0.id=?
Hibernate: select u1_0.id,u1_0.email,u1_0.name,u1_0.password,u1_0.role from users u1_0 where u1_0.id=?
Hibernate: select u1_0.id,u1_0.email,u1_0.name,u1_0.password,u1_0.role from users u1_0 where u1_0.id=?
Hibernate: select count(p1_0.id) from product p1_0 left join vendor v1_0 on v1_0.id=p1_0.vendor_id where v1_0.id=?
Hibernate: select count(p1_0.id) from product p1_0 left join vendor v1_0 on v1_0.id=p1_0.vendor_id where v1_0.id=?
Hibernate: select count(p1_0.id) from product p1_0 left join vendor v1_0 on v1_0.id=p1_0.vendor_id where v1_0.id=?
Hibernate: select count(p1_0.id) from product p1_0 left join vendor v1_0 on v1_0.id=p1_0.vendor_id where v1_0.id=?
Hibernate: select v1_0.id,v1_0.address,v1_0.contact_email,v1_0.contact_phone,v1_0.created_at,v1_0.logo_url,v1_0.shop_name,v1_0.status,v1_0.user_id from vendor v1_0
Hibernate: select u1_0.id,u1_0.email,u1_0.name,u1_0.password,u1_0.role from users u1_0 where u1_0.email=?
Hibernate: select u1_0.id,u1_0.email,u1_0.name,u1_0.password,u1_0.role from users u1_0 where u1_0.email=?
Hibernate: select u1_0.id,u1_0.email,u1_0.name,u1_0.password,u1_0.role from users u1_0 where u1_0.id=?
Hibernate: select u1_0.id,u1_0.email,u1_0.name,u1_0.password,u1_0.role from users u1_0 where u1_0.id=?
Hibernate: select c1_0.id,c1_0.user_id from carts c1_0 left join users u1_0 on u1_0.id=c1_0.user_id where u1_0.id=?
Hibernate: select w1_0.id,w1_0.user_id from wishlists w1_0 left join users u1_0 on u1_0.id=w1_0.user_id where u1_0.id=?
Hibernate: select u1_0.id,u1_0.email,u1_0.name,u1_0.password,u1_0.role from users u1_0 where u1_0.id=?
Hibernate: select u1_0.id,u1_0.email,u1_0.name,u1_0.password,u1_0.role from users u1_0 where u1_0.id=?
Hibernate: select u1_0.id,u1_0.email,u1_0.name,u1_0.password,u1_0.role from users u1_0 where u1_0.id=?
Hibernate: select u1_0.id,u1_0.email,u1_0.name,u1_0.password,u1_0.role from users u1_0 where u1_0.id=?
Hibernate: select i1_0.wishlist_id,i1_0.id,p1_0.id,p1_0.category,p1_0.description,p1_0.image_url,p1_0.name,p1_0.price,p1_0.status,p1_0.stock,v1_0.id,v1_0.address,v1_0.contact_email,v1_0.contact_phone,v1_0.created_at,v1_0.logo_url,v1_0.shop_name,v1_0.status,v1_0.user_id from wishlist_items i1_0 left join product p1_0 on p1_0.id=i1_0.product_id left join vendor v1_0 on v1_0.id=p1_0.vendor_id where i1_0.wishlist_id=?
Hibernate: select i1_0.cart_id,i1_0.id,p1_0.id,p1_0.category,p1_0.description,p1_0.image_url,p1_0.name,p1_0.price,p1_0.status,p1_0.stock,v1_0.id,v1_0.address,v1_0.contact_email,v1_0.contact_phone,v1_0.created_at,v1_0.logo_url,v1_0.shop_name,v1_0.status,v1_0.user_id,i1_0.quantity from cart_items i1_0 left join product p1_0 on p1_0.id=i1_0.product_id left join vendor v1_0 on v1_0.id=p1_0.vendor_id where i1_0.cart_id=?
Hibernate: select count(p1_0.id) from product p1_0 left join vendor v1_0 on v1_0.id=p1_0.vendor_id where v1_0.id=?
Hibernate: select count(p1_0.id) from product p1_0 left join vendor v1_0 on v1_0.id=p1_0.vendor_id where v1_0.id=?
Hibernate: select count(p1_0.id) from product p1_0 left join vendor v1_0 on v1_0.id=p1_0.vendor_id where v1_0.id=?
Hibernate: select u1_0.id,u1_0.email,u1_0.name,u1_0.password,u1_0.role from users u1_0 where u1_0.email=?
Hibernate: select u1_0.id,u1_0.email,u1_0.name,u1_0.password,u1_0.role from users u1_0 where u1_0.email=?
Hibernate: select count(p1_0.id) from product p1_0 left join vendor v1_0 on v1_0.id=p1_0.vendor_id where v1_0.id=?
Hibernate: select c1_0.id,c1_0.user_id from carts c1_0 left join users u1_0 on u1_0.id=c1_0.user_id where u1_0.id=?
Hibernate: select w1_0.id,w1_0.user_id from wishlists w1_0 left join users u1_0 on u1_0.id=w1_0.user_id where u1_0.id=?
Hibernate: select u1_0.id,u1_0.email,u1_0.name,u1_0.password,u1_0.role from users u1_0 where u1_0.id=?
Hibernate: select u1_0.id,u1_0.email,u1_0.name,u1_0.password,u1_0.role from users u1_0 where u1_0.id=?
Hibernate: select i1_0.cart_id,i1_0.id,p1_0.id,p1_0.category,p1_0.description,p1_0.image_url,p1_0.name,p1_0.price,p1_0.status,p1_0.stock,v1_0.id,v1_0.address,v1_0.contact_email,v1_0.contact_phone,v1_0.created_at,v1_0.logo_url,v1_0.shop_name,v1_0.status,v1_0.user_id,i1_0.quantity from cart_items i1_0 left join product p1_0 on p1_0.id=i1_0.product_id left join vendor v1_0 on v1_0.id=p1_0.vendor_id where i1_0.cart_id=?
Hibernate: select i1_0.wishlist_id,i1_0.id,p1_0.id,p1_0.category,p1_0.description,p1_0.image_url,p1_0.name,p1_0.price,p1_0.status,p1_0.stock,v1_0.id,v1_0.address,v1_0.contact_email,v1_0.contact_phone,v1_0.created_at,v1_0.logo_url,v1_0.shop_name,v1_0.status,v1_0.user_id from wishlist_items i1_0 left join product p1_0 on p1_0.id=i1_0.product_id left join vendor v1_0 on v1_0.id=p1_0.vendor_id where i1_0.wishlist_id=?
Hibernate: select v1_0.id,v1_0.address,v1_0.contact_email,v1_0.contact_phone,v1_0.created_at,v1_0.logo_url,v1_0.shop_name,v1_0.status,v1_0.user_id from vendor v1_0
Hibernate: select u1_0.id,u1_0.email,u1_0.name,u1_0.password,u1_0.role from users u1_0 where u1_0.id=?
Hibernate: select u1_0.id,u1_0.email,u1_0.name,u1_0.password,u1_0.role from users u1_0 where u1_0.id=?
Hibernate: select u1_0.id,u1_0.email,u1_0.name,u1_0.password,u1_0.role from users u1_0 where u1_0.id=?
Hibernate: select u1_0.id,u1_0.email,u1_0.name,u1_0.password,u1_0.role from users u1_0 where u1_0.id=?
Hibernate: select count(p1_0.id) from product p1_0 left join vendor v1_0 on v1_0.id=p1_0.vendor_id where v1_0.id=?
Hibernate: select count(p1_0.id) from product p1_0 left join vendor v1_0 on v1_0.id=p1_0.vendor_id where v1_0.id=?
Hibernate: select count(p1_0.id) from product p1_0 left join vendor v1_0 on v1_0.id=p1_0.vendor_id where v1_0.id=?
Hibernate: select count(p1_0.id) from product p1_0 left join vendor v1_0 on v1_0.id=p1_0.vendor_id where v1_0.id=?
Hibernate: select u1_0.id,u1_0.email,u1_0.name,u1_0.password,u1_0.role from users u1_0 where u1_0.email=?
Hibernate: select v1_0.id,v1_0.address,v1_0.contact_email,v1_0.contact_phone,v1_0.created_at,v1_0.logo_url,v1_0.shop_name,v1_0.status,v1_0.user_id from vendor v1_0
Hibernate: select u1_0.id,u1_0.email,u1_0.name,u1_0.password,u1_0.role from users u1_0 where u1_0.email=?
Hibernate: select u1_0.id,u1_0.email,u1_0.name,u1_0.password,u1_0.role from users u1_0 where u1_0.id=?
Hibernate: select u1_0.id,u1_0.email,u1_0.name,u1_0.password,u1_0.role from users u1_0 where u1_0.id=?
Hibernate: select c1_0.id,c1_0.user_id from carts c1_0 left join users u1_0 on u1_0.id=c1_0.user_id where u1_0.id=?
Hibernate: select w1_0.id,w1_0.user_id from wishlists w1_0 left join users u1_0 on u1_0.id=w1_0.user_id where u1_0.id=?
Hibernate: select u1_0.id,u1_0.email,u1_0.name,u1_0.password,u1_0.role from users u1_0 where u1_0.id=?
Hibernate: select u1_0.id,u1_0.email,u1_0.name,u1_0.password,u1_0.role from users u1_0 where u1_0.id=?
Hibernate: select u1_0.id,u1_0.email,u1_0.name,u1_0.password,u1_0.role from users u1_0 where u1_0.id=?
Hibernate: select u1_0.id,u1_0.email,u1_0.name,u1_0.password,u1_0.role from users u1_0 where u1_0.id=?
Hibernate: select i1_0.wishlist_id,i1_0.id,p1_0.id,p1_0.category,p1_0.description,p1_0.image_url,p1_0.name,p1_0.price,p1_0.status,p1_0.stock,v1_0.id,v1_0.address,v1_0.contact_email,v1_0.contact_phone,v1_0.created_at,v1_0.logo_url,v1_0.shop_name,v1_0.status,v1_0.user_id from wishlist_items i1_0 left join product p1_0 on p1_0.id=i1_0.product_id left join vendor v1_0 on v1_0.id=p1_0.vendor_id where i1_0.wishlist_id=?
Hibernate: select i1_0.cart_id,i1_0.id,p1_0.id,p1_0.category,p1_0.description,p1_0.image_url,p1_0.name,p1_0.price,p1_0.status,p1_0.stock,v1_0.id,v1_0.address,v1_0.contact_email,v1_0.contact_phone,v1_0.created_at,v1_0.logo_url,v1_0.shop_name,v1_0.status,v1_0.user_id,i1_0.quantity from cart_items i1_0 left join product p1_0 on p1_0.id=i1_0.product_id left join vendor v1_0 on v1_0.id=p1_0.vendor_id where i1_0.cart_id=?
Hibernate: select count(p1_0.id) from product p1_0 left join vendor v1_0 on v1_0.id=p1_0.vendor_id where v1_0.id=?
Hibernate: select count(p1_0.id) from product p1_0 left join vendor v1_0 on v1_0.id=p1_0.vendor_id where v1_0.id=?
Hibernate: select u1_0.id,u1_0.email,u1_0.name,u1_0.password,u1_0.role from users u1_0 where u1_0.email=?
Hibernate: select u1_0.id,u1_0.email,u1_0.name,u1_0.password,u1_0.role from users u1_0 where u1_0.email=?
Hibernate: select count(p1_0.id) from product p1_0 left join vendor v1_0 on v1_0.id=p1_0.vendor_id where v1_0.id=?
Hibernate: select count(p1_0.id) from product p1_0 left join vendor v1_0 on v1_0.id=p1_0.vendor_id where v1_0.id=?
Hibernate: select c1_0.id,c1_0.user_id from carts c1_0 left join users u1_0 on u1_0.id=c1_0.user_id where u1_0.id=?
Hibernate: select w1_0.id,w1_0.user_id from wishlists w1_0 left join users u1_0 on u1_0.id=w1_0.user_id where u1_0.id=?
Hibernate: select u1_0.id,u1_0.email,u1_0.name,u1_0.password,u1_0.role from users u1_0 where u1_0.id=?
Hibernate: select u1_0.id,u1_0.email,u1_0.name,u1_0.password,u1_0.role from users u1_0 where u1_0.id=?
Hibernate: select i1_0.cart_id,i1_0.id,p1_0.id,p1_0.category,p1_0.description,p1_0.image_url,p1_0.name,p1_0.price,p1_0.status,p1_0.stock,v1_0.id,v1_0.address,v1_0.contact_email,v1_0.contact_phone,v1_0.created_at,v1_0.logo_url,v1_0.shop_name,v1_0.status,v1_0.user_id,i1_0.quantity from cart_items i1_0 left join product p1_0 on p1_0.id=i1_0.product_id left join vendor v1_0 on v1_0.id=p1_0.vendor_id where i1_0.cart_id=?
Hibernate: select i1_0.wishlist_id,i1_0.id,p1_0.id,p1_0.category,p1_0.description,p1_0.image_url,p1_0.name,p1_0.price,p1_0.status,p1_0.stock,v1_0.id,v1_0.address,v1_0.contact_email,v1_0.contact_phone,v1_0.created_at,v1_0.logo_url,v1_0.shop_name,v1_0.status,v1_0.user_id from wishlist_items i1_0 left join product p1_0 on p1_0.id=i1_0.product_id left join vendor v1_0 on v1_0.id=p1_0.vendor_id where i1_0.wishlist_id=?
Hibernate: select v1_0.id,v1_0.address,v1_0.contact_email,v1_0.contact_phone,v1_0.created_at,v1_0.logo_url,v1_0.shop_name,v1_0.status,v1_0.user_id from vendor v1_0
Hibernate: select u1_0.id,u1_0.email,u1_0.name,u1_0.password,u1_0.role from users u1_0 where u1_0.id=?
Hibernate: select u1_0.id,u1_0.email,u1_0.name,u1_0.password,u1_0.role from users u1_0 where u1_0.id=?
Hibernate: select u1_0.id,u1_0.email,u1_0.name,u1_0.password,u1_0.role from users u1_0 where u1_0.id=?
Hibernate: select u1_0.id,u1_0.email,u1_0.name,u1_0.password,u1_0.role from users u1_0 where u1_0.id=?
Hibernate: select count(p1_0.id) from product p1_0 left join vendor v1_0 on v1_0.id=p1_0.vendor_id where v1_0.id=?
Hibernate: select count(p1_0.id) from product p1_0 left join vendor v1_0 on v1_0.id=p1_0.vendor_id where v1_0.id=?
Hibernate: select count(p1_0.id) from product p1_0 left join vendor v1_0 on v1_0.id=p1_0.vendor_id where v1_0.id=?
Hibernate: select count(p1_0.id) from product p1_0 left join vendor v1_0 on v1_0.id=p1_0.vendor_id where v1_0.id=?
Hibernate: select v1_0.id,v1_0.address,v1_0.contact_email,v1_0.contact_phone,v1_0.created_at,v1_0.logo_url,v1_0.shop_name,v1_0.status,v1_0.user_id from vendor v1_0
Hibernate: select u1_0.id,u1_0.email,u1_0.name,u1_0.password,u1_0.role from users u1_0 where u1_0.email=?
Hibernate: select u1_0.id,u1_0.email,u1_0.name,u1_0.password,u1_0.role from users u1_0 where u1_0.email=?
Hibernate: select u1_0.id,u1_0.email,u1_0.name,u1_0.password,u1_0.role from users u1_0 where u1_0.id=?
Hibernate: select u1_0.id,u1_0.email,u1_0.name,u1_0.password,u1_0.role from users u1_0 where u1_0.id=?
Hibernate: select u1_0.id,u1_0.email,u1_0.name,u1_0.password,u1_0.role from users u1_0 where u1_0.id=?
Hibernate: select w1_0.id,w1_0.user_id from wishlists w1_0 left join users u1_0 on u1_0.id=w1_0.user_id where u1_0.id=?
Hibernate: select c1_0.id,c1_0.user_id from carts c1_0 left join users u1_0 on u1_0.id=c1_0.user_id where u1_0.id=?
Hibernate: select u1_0.id,u1_0.email,u1_0.name,u1_0.password,u1_0.role from users u1_0 where u1_0.id=?
Hibernate: select u1_0.id,u1_0.email,u1_0.name,u1_0.password,u1_0.role from users u1_0 where u1_0.id=?
Hibernate: select u1_0.id,u1_0.email,u1_0.name,u1_0.password,u1_0.role from users u1_0 where u1_0.id=?
Hibernate: select i1_0.wishlist_id,i1_0.id,p1_0.id,p1_0.category,p1_0.description,p1_0.image_url,p1_0.name,p1_0.price,p1_0.status,p1_0.stock,v1_0.id,v1_0.address,v1_0.contact_email,v1_0.contact_phone,v1_0.created_at,v1_0.logo_url,v1_0.shop_name,v1_0.status,v1_0.user_id from wishlist_items i1_0 left join product p1_0 on p1_0.id=i1_0.product_id left join vendor v1_0 on v1_0.id=p1_0.vendor_id where i1_0.wishlist_id=?
Hibernate: select i1_0.cart_id,i1_0.id,p1_0.id,p1_0.category,p1_0.description,p1_0.image_url,p1_0.name,p1_0.price,p1_0.status,p1_0.stock,v1_0.id,v1_0.address,v1_0.contact_email,v1_0.contact_phone,v1_0.created_at,v1_0.logo_url,v1_0.shop_name,v1_0.status,v1_0.user_id,i1_0.quantity from cart_items i1_0 left join product p1_0 on p1_0.id=i1_0.product_id left join vendor v1_0 on v1_0.id=p1_0.vendor_id where i1_0.cart_id=?
Hibernate: select count(p1_0.id) from product p1_0 left join vendor v1_0 on v1_0.id=p1_0.vendor_id where v1_0.id=?
Hibernate: select count(p1_0.id) from product p1_0 left join vendor v1_0 on v1_0.id=p1_0.vendor_id where v1_0.id=?
Hibernate: select count(p1_0.id) from product p1_0 left join vendor v1_0 on v1_0.id=p1_0.vendor_id where v1_0.id=?
Hibernate: select count(p1_0.id) from product p1_0 left join vendor v1_0 on v1_0.id=p1_0.vendor_id where v1_0.id=?
Hibernate: select u1_0.id,u1_0.email,u1_0.name,u1_0.password,u1_0.role from users u1_0 where u1_0.email=?
Hibernate: select u1_0.id,u1_0.email,u1_0.name,u1_0.password,u1_0.role from users u1_0 where u1_0.email=?
Hibernate: select c1_0.id,c1_0.user_id from carts c1_0 left join users u1_0 on u1_0.id=c1_0.user_id where u1_0.id=?
Hibernate: select w1_0.id,w1_0.user_id from wishlists w1_0 left join users u1_0 on u1_0.id=w1_0.user_id where u1_0.id=?
Hibernate: select u1_0.id,u1_0.email,u1_0.name,u1_0.password,u1_0.role from users u1_0 where u1_0.id=?
Hibernate: select u1_0.id,u1_0.email,u1_0.name,u1_0.password,u1_0.role from users u1_0 where u1_0.id=?
Hibernate: select v1_0.id,v1_0.address,v1_0.contact_email,v1_0.contact_phone,v1_0.created_at,v1_0.logo_url,v1_0.shop_name,v1_0.status,v1_0.user_id from vendor v1_0
Hibernate: select i1_0.cart_id,i1_0.id,p1_0.id,p1_0.category,p1_0.description,p1_0.image_url,p1_0.name,p1_0.price,p1_0.status,p1_0.stock,v1_0.id,v1_0.address,v1_0.contact_email,v1_0.contact_phone,v1_0.created_at,v1_0.logo_url,v1_0.shop_name,v1_0.status,v1_0.user_id,i1_0.quantity from cart_items i1_0 left join product p1_0 on p1_0.id=i1_0.product_id left join vendor v1_0 on v1_0.id=p1_0.vendor_id where i1_0.cart_id=?
Hibernate: select i1_0.wishlist_id,i1_0.id,p1_0.id,p1_0.category,p1_0.description,p1_0.image_url,p1_0.name,p1_0.price,p1_0.status,p1_0.stock,v1_0.id,v1_0.address,v1_0.contact_email,v1_0.contact_phone,v1_0.created_at,v1_0.logo_url,v1_0.shop_name,v1_0.status,v1_0.user_id from wishlist_items i1_0 left join product p1_0 on p1_0.id=i1_0.product_id left join vendor v1_0 on v1_0.id=p1_0.vendor_id where i1_0.wishlist_id=?
Hibernate: select u1_0.id,u1_0.email,u1_0.name,u1_0.password,u1_0.role from users u1_0 where u1_0.id=?
Hibernate: select u1_0.id,u1_0.email,u1_0.name,u1_0.password,u1_0.role from users u1_0 where u1_0.id=?
Hibernate: select u1_0.id,u1_0.email,u1_0.name,u1_0.password,u1_0.role from users u1_0 where u1_0.id=?
Hibernate: select u1_0.id,u1_0.email,u1_0.name,u1_0.password,u1_0.role from users u1_0 where u1_0.id=?
Hibernate: select count(p1_0.id) from product p1_0 left join vendor v1_0 on v1_0.id=p1_0.vendor_id where v1_0.id=?
Hibernate: select count(p1_0.id) from product p1_0 left join vendor v1_0 on v1_0.id=p1_0.vendor_id where v1_0.id=?
Hibernate: select count(p1_0.id) from product p1_0 left join vendor v1_0 on v1_0.id=p1_0.vendor_id where v1_0.id=?
Hibernate: select count(p1_0.id) from product p1_0 left join vendor v1_0 on v1_0.id=p1_0.vendor_id where v1_0.id=?
Hibernate: select v1_0.id,v1_0.address,v1_0.contact_email,v1_0.contact_phone,v1_0.created_at,v1_0.logo_url,v1_0.shop_name,v1_0.status,v1_0.user_id from vendor v1_0
Hibernate: select u1_0.id,u1_0.email,u1_0.name,u1_0.password,u1_0.role from users u1_0 where u1_0.email=?
Hibernate: select u1_0.id,u1_0.email,u1_0.name,u1_0.password,u1_0.role from users u1_0 where u1_0.email=?
Hibernate: select u1_0.id,u1_0.email,u1_0.name,u1_0.password,u1_0.role from users u1_0 where u1_0.id=?
Hibernate: select u1_0.id,u1_0.email,u1_0.name,u1_0.password,u1_0.role from users u1_0 where u1_0.id=?
Hibernate: select c1_0.id,c1_0.user_id from carts c1_0 left join users u1_0 on u1_0.id=c1_0.user_id where u1_0.id=?
Hibernate: select w1_0.id,w1_0.user_id from wishlists w1_0 left join users u1_0 on u1_0.id=w1_0.user_id where u1_0.id=?
Hibernate: select u1_0.id,u1_0.email,u1_0.name,u1_0.password,u1_0.role from users u1_0 where u1_0.id=?
Hibernate: select u1_0.id,u1_0.email,u1_0.name,u1_0.password,u1_0.role from users u1_0 where u1_0.id=?
Hibernate: select u1_0.id,u1_0.email,u1_0.name,u1_0.password,u1_0.role from users u1_0 where u1_0.id=?
Hibernate: select u1_0.id,u1_0.email,u1_0.name,u1_0.password,u1_0.role from users u1_0 where u1_0.id=?
Hibernate: select i1_0.cart_id,i1_0.id,p1_0.id,p1_0.category,p1_0.description,p1_0.image_url,p1_0.name,p1_0.price,p1_0.status,p1_0.stock,v1_0.id,v1_0.address,v1_0.contact_email,v1_0.contact_phone,v1_0.created_at,v1_0.logo_url,v1_0.shop_name,v1_0.status,v1_0.user_id,i1_0.quantity from cart_items i1_0 left join product p1_0 on p1_0.id=i1_0.product_id left join vendor v1_0 on v1_0.id=p1_0.vendor_id where i1_0.cart_id=?
Hibernate: select i1_0.wishlist_id,i1_0.id,p1_0.id,p1_0.category,p1_0.description,p1_0.image_url,p1_0.name,p1_0.price,p1_0.status,p1_0.stock,v1_0.id,v1_0.address,v1_0.contact_email,v1_0.contact_phone,v1_0.created_at,v1_0.logo_url,v1_0.shop_name,v1_0.status,v1_0.user_id from wishlist_items i1_0 left join product p1_0 on p1_0.id=i1_0.product_id left join vendor v1_0 on v1_0.id=p1_0.vendor_id where i1_0.wishlist_id=?
Hibernate: select count(p1_0.id) from product p1_0 left join vendor v1_0 on v1_0.id=p1_0.vendor_id where v1_0.id=?
Hibernate: select count(p1_0.id) from product p1_0 left join vendor v1_0 on v1_0.id=p1_0.vendor_id where v1_0.id=?
Hibernate: select count(p1_0.id) from product p1_0 left join vendor v1_0 on v1_0.id=p1_0.vendor_id where v1_0.id=?
Hibernate: select count(p1_0.id) from product p1_0 left join vendor v1_0 on v1_0.id=p1_0.vendor_id where v1_0.id=?
Hibernate: select u1_0.id,u1_0.email,u1_0.name,u1_0.password,u1_0.role from users u1_0 where u1_0.email=?
Hibernate: select u1_0.id,u1_0.email,u1_0.name,u1_0.password,u1_0.role from users u1_0 where u1_0.email=?
Hibernate: select c1_0.id,c1_0.user_id from carts c1_0 left join users u1_0 on u1_0.id=c1_0.user_id where u1_0.id=?
Hibernate: select w1_0.id,w1_0.user_id from wishlists w1_0 left join users u1_0 on u1_0.id=w1_0.user_id where u1_0.id=?
Hibernate: select u1_0.id,u1_0.email,u1_0.name,u1_0.password,u1_0.role from users u1_0 where u1_0.id=?
Hibernate: select u1_0.id,u1_0.email,u1_0.name,u1_0.password,u1_0.role from users u1_0 where u1_0.id=?
Hibernate: select i1_0.cart_id,i1_0.id,p1_0.id,p1_0.category,p1_0.description,p1_0.image_url,p1_0.name,p1_0.price,p1_0.status,p1_0.stock,v1_0.id,v1_0.address,v1_0.contact_email,v1_0.contact_phone,v1_0.created_at,v1_0.logo_url,v1_0.shop_name,v1_0.status,v1_0.user_id,i1_0.quantity from cart_items i1_0 left join product p1_0 on p1_0.id=i1_0.product_id left join vendor v1_0 on v1_0.id=p1_0.vendor_id where i1_0.cart_id=?
Hibernate: select i1_0.wishlist_id,i1_0.id,p1_0.id,p1_0.category,p1_0.description,p1_0.image_url,p1_0.name,p1_0.price,p1_0.status,p1_0.stock,v1_0.id,v1_0.address,v1_0.contact_email,v1_0.contact_phone,v1_0.created_at,v1_0.logo_url,v1_0.shop_name,v1_0.status,v1_0.user_id from wishlist_items i1_0 left join product p1_0 on p1_0.id=i1_0.product_id left join vendor v1_0 on v1_0.id=p1_0.vendor_id where i1_0.wishlist_id=?
Hibernate: select v1_0.id,v1_0.address,v1_0.contact_email,v1_0.contact_phone,v1_0.created_at,v1_0.logo_url,v1_0.shop_name,v1_0.status,v1_0.user_id from vendor v1_0
Hibernate: select u1_0.id,u1_0.email,u1_0.name,u1_0.password,u1_0.role from users u1_0 where u1_0.id=?
Hibernate: select u1_0.id,u1_0.email,u1_0.name,u1_0.password,u1_0.role from users u1_0 where u1_0.id=?
Hibernate: select u1_0.id,u1_0.email,u1_0.name,u1_0.password,u1_0.role from users u1_0 where u1_0.id=?
Hibernate: select u1_0.id,u1_0.email,u1_0.name,u1_0.password,u1_0.role from users u1_0 where u1_0.id=?
Hibernate: select count(p1_0.id) from product p1_0 left join vendor v1_0 on v1_0.id=p1_0.vendor_id where v1_0.id=?
Hibernate: select count(p1_0.id) from product p1_0 left join vendor v1_0 on v1_0.id=p1_0.vendor_id where v1_0.id=?
Hibernate: select count(p1_0.id) from product p1_0 left join vendor v1_0 on v1_0.id=p1_0.vendor_id where v1_0.id=?
Hibernate: select count(p1_0.id) from product p1_0 left join vendor v1_0 on v1_0.id=p1_0.vendor_id where v1_0.id=?
Hibernate: select v1_0.id,v1_0.address,v1_0.contact_email,v1_0.contact_phone,v1_0.created_at,v1_0.logo_url,v1_0.shop_name,v1_0.status,v1_0.user_id from vendor v1_0
Hibernate: select u1_0.id,u1_0.email,u1_0.name,u1_0.password,u1_0.role from users u1_0 where u1_0.email=?
Hibernate: select u1_0.id,u1_0.email,u1_0.name,u1_0.password,u1_0.role from users u1_0 where u1_0.email=?
Hibernate: select u1_0.id,u1_0.email,u1_0.name,u1_0.password,u1_0.role from users u1_0 where u1_0.id=?
Hibernate: select u1_0.id,u1_0.email,u1_0.name,u1_0.password,u1_0.role from users u1_0 where u1_0.id=?
Hibernate: select c1_0.id,c1_0.user_id from carts c1_0 left join users u1_0 on u1_0.id=c1_0.user_id where u1_0.id=?
Hibernate: select w1_0.id,w1_0.user_id from wishlists w1_0 left join users u1_0 on u1_0.id=w1_0.user_id where u1_0.id=?
Hibernate: select u1_0.id,u1_0.email,u1_0.name,u1_0.password,u1_0.role from users u1_0 where u1_0.id=?
Hibernate: select u1_0.id,u1_0.email,u1_0.name,u1_0.password,u1_0.role from users u1_0 where u1_0.id=?
Hibernate: select u1_0.id,u1_0.email,u1_0.name,u1_0.password,u1_0.role from users u1_0 where u1_0.id=?
Hibernate: select u1_0.id,u1_0.email,u1_0.name,u1_0.password,u1_0.role from users u1_0 where u1_0.id=?
Hibernate: select i1_0.cart_id,i1_0.id,p1_0.id,p1_0.category,p1_0.description,p1_0.image_url,p1_0.name,p1_0.price,p1_0.status,p1_0.stock,v1_0.id,v1_0.address,v1_0.contact_email,v1_0.contact_phone,v1_0.created_at,v1_0.logo_url,v1_0.shop_name,v1_0.status,v1_0.user_id,i1_0.quantity from cart_items i1_0 left join product p1_0 on p1_0.id=i1_0.product_id left join vendor v1_0 on v1_0.id=p1_0.vendor_id where i1_0.cart_id=?
Hibernate: select i1_0.wishlist_id,i1_0.id,p1_0.id,p1_0.category,p1_0.description,p1_0.image_url,p1_0.name,p1_0.price,p1_0.status,p1_0.stock,v1_0.id,v1_0.address,v1_0.contact_email,v1_0.contact_phone,v1_0.created_at,v1_0.logo_url,v1_0.shop_name,v1_0.status,v1_0.user_id from wishlist_items i1_0 left join product p1_0 on p1_0.id=i1_0.product_id left join vendor v1_0 on v1_0.id=p1_0.vendor_id where i1_0.wishlist_id=?
Hibernate: select count(p1_0.id) from product p1_0 left join vendor v1_0 on v1_0.id=p1_0.vendor_id where v1_0.id=?
Hibernate: select count(p1_0.id) from product p1_0 left join vendor v1_0 on v1_0.id=p1_0.vendor_id where v1_0.id=?
Hibernate: select count(p1_0.id) from product p1_0 left join vendor v1_0 on v1_0.id=p1_0.vendor_id where v1_0.id=?
Hibernate: select count(p1_0.id) from product p1_0 left join vendor v1_0 on v1_0.id=p1_0.vendor_id where v1_0.id=?
Hibernate: select u1_0.id,u1_0.email,u1_0.name,u1_0.password,u1_0.role from users u1_0 where u1_0.email=?
Hibernate: select u1_0.id,u1_0.email,u1_0.name,u1_0.password,u1_0.role from users u1_0 where u1_0.email=?
Hibernate: select w1_0.id,w1_0.user_id from wishlists w1_0 left join users u1_0 on u1_0.id=w1_0.user_id where u1_0.id=?
Hibernate: select c1_0.id,c1_0.user_id from carts c1_0 left join users u1_0 on u1_0.id=c1_0.user_id where u1_0.id=?
Hibernate: select u1_0.id,u1_0.email,u1_0.name,u1_0.password,u1_0.role from users u1_0 where u1_0.id=?
Hibernate: select u1_0.id,u1_0.email,u1_0.name,u1_0.password,u1_0.role from users u1_0 where u1_0.id=?
Hibernate: select i1_0.wishlist_id,i1_0.id,p1_0.id,p1_0.category,p1_0.description,p1_0.image_url,p1_0.name,p1_0.price,p1_0.status,p1_0.stock,v1_0.id,v1_0.address,v1_0.contact_email,v1_0.contact_phone,v1_0.created_at,v1_0.logo_url,v1_0.shop_name,v1_0.status,v1_0.user_id from wishlist_items i1_0 left join product p1_0 on p1_0.id=i1_0.product_id left join vendor v1_0 on v1_0.id=p1_0.vendor_id where i1_0.wishlist_id=?
Hibernate: select i1_0.cart_id,i1_0.id,p1_0.id,p1_0.category,p1_0.description,p1_0.image_url,p1_0.name,p1_0.price,p1_0.status,p1_0.stock,v1_0.id,v1_0.address,v1_0.contact_email,v1_0.contact_phone,v1_0.created_at,v1_0.logo_url,v1_0.shop_name,v1_0.status,v1_0.user_id,i1_0.quantity from cart_items i1_0 left join product p1_0 on p1_0.id=i1_0.product_id left join vendor v1_0 on v1_0.id=p1_0.vendor_id where i1_0.cart_id=?
Hibernate: select v1_0.id,v1_0.address,v1_0.contact_email,v1_0.contact_phone,v1_0.created_at,v1_0.logo_url,v1_0.shop_name,v1_0.status,v1_0.user_id from vendor v1_0
Hibernate: select u1_0.id,u1_0.email,u1_0.name,u1_0.password,u1_0.role from users u1_0 where u1_0.id=?
Hibernate: select u1_0.id,u1_0.email,u1_0.name,u1_0.password,u1_0.role from users u1_0 where u1_0.id=?
Hibernate: select u1_0.id,u1_0.email,u1_0.name,u1_0.password,u1_0.role from users u1_0 where u1_0.id=?
Hibernate: select u1_0.id,u1_0.email,u1_0.name,u1_0.password,u1_0.role from users u1_0 where u1_0.id=?
Hibernate: select count(p1_0.id) from product p1_0 left join vendor v1_0 on v1_0.id=p1_0.vendor_id where v1_0.id=?
Hibernate: select count(p1_0.id) from product p1_0 left join vendor v1_0 on v1_0.id=p1_0.vendor_id where v1_0.id=?
Hibernate: select count(p1_0.id) from product p1_0 left join vendor v1_0 on v1_0.id=p1_0.vendor_id where v1_0.id=?
Hibernate: select count(p1_0.id) from product p1_0 left join vendor v1_0 on v1_0.id=p1_0.vendor_id where v1_0.id=?
Hibernate: select v1_0.id,v1_0.address,v1_0.contact_email,v1_0.contact_phone,v1_0.created_at,v1_0.logo_url,v1_0.shop_name,v1_0.status,v1_0.user_id from vendor v1_0
Hibernate: select u1_0.id,u1_0.email,u1_0.name,u1_0.password,u1_0.role from users u1_0 where u1_0.email=?
Hibernate: select u1_0.id,u1_0.email,u1_0.name,u1_0.password,u1_0.role from users u1_0 where u1_0.email=?
Hibernate: select u1_0.id,u1_0.email,u1_0.name,u1_0.password,u1_0.role from users u1_0 where u1_0.id=?
Hibernate: select u1_0.id,u1_0.email,u1_0.name,u1_0.password,u1_0.role from users u1_0 where u1_0.id=?
Hibernate: select w1_0.id,w1_0.user_id from wishlists w1_0 left join users u1_0 on u1_0.id=w1_0.user_id where u1_0.id=?
Hibernate: select c1_0.id,c1_0.user_id from carts c1_0 left join users u1_0 on u1_0.id=c1_0.user_id where u1_0.id=?
Hibernate: select u1_0.id,u1_0.email,u1_0.name,u1_0.password,u1_0.role from users u1_0 where u1_0.id=?
Hibernate: select u1_0.id,u1_0.email,u1_0.name,u1_0.password,u1_0.role from users u1_0 where u1_0.id=?
Hibernate: select u1_0.id,u1_0.email,u1_0.name,u1_0.password,u1_0.role from users u1_0 where u1_0.id=?
Hibernate: select u1_0.id,u1_0.email,u1_0.name,u1_0.password,u1_0.role from users u1_0 where u1_0.id=?
Hibernate: select i1_0.cart_id,i1_0.id,p1_0.id,p1_0.category,p1_0.description,p1_0.image_url,p1_0.name,p1_0.price,p1_0.status,p1_0.stock,v1_0.id,v1_0.address,v1_0.contact_email,v1_0.contact_phone,v1_0.created_at,v1_0.logo_url,v1_0.shop_name,v1_0.status,v1_0.user_id,i1_0.quantity from cart_items i1_0 left join product p1_0 on p1_0.id=i1_0.product_id left join vendor v1_0 on v1_0.id=p1_0.vendor_id where i1_0.cart_id=?
Hibernate: select i1_0.wishlist_id,i1_0.id,p1_0.id,p1_0.category,p1_0.description,p1_0.image_url,p1_0.name,p1_0.price,p1_0.status,p1_0.stock,v1_0.id,v1_0.address,v1_0.contact_email,v1_0.contact_phone,v1_0.created_at,v1_0.logo_url,v1_0.shop_name,v1_0.status,v1_0.user_id from wishlist_items i1_0 left join product p1_0 on p1_0.id=i1_0.product_id left join vendor v1_0 on v1_0.id=p1_0.vendor_id where i1_0.wishlist_id=?
Hibernate: select count(p1_0.id) from product p1_0 left join vendor v1_0 on v1_0.id=p1_0.vendor_id where v1_0.id=?
Hibernate: select count(p1_0.id) from product p1_0 left join vendor v1_0 on v1_0.id=p1_0.vendor_id where v1_0.id=?
Hibernate: select count(p1_0.id) from product p1_0 left join vendor v1_0 on v1_0.id=p1_0.vendor_id where v1_0.id=?
Hibernate: select count(p1_0.id) from product p1_0 left join vendor v1_0 on v1_0.id=p1_0.vendor_id where v1_0.id=?
Hibernate: select u1_0.id,u1_0.email,u1_0.name,u1_0.password,u1_0.role from users u1_0 where u1_0.email=?
Hibernate: select u1_0.id,u1_0.email,u1_0.name,u1_0.password,u1_0.role from users u1_0 where u1_0.email=?
Hibernate: select w1_0.id,w1_0.user_id from wishlists w1_0 left join users u1_0 on u1_0.id=w1_0.user_id where u1_0.id=?
Hibernate: select c1_0.id,c1_0.user_id from carts c1_0 left join users u1_0 on u1_0.id=c1_0.user_id where u1_0.id=?
Hibernate: select u1_0.id,u1_0.email,u1_0.name,u1_0.password,u1_0.role from users u1_0 where u1_0.id=?
Hibernate: select u1_0.id,u1_0.email,u1_0.name,u1_0.password,u1_0.role from users u1_0 where u1_0.id=?
Hibernate: select i1_0.cart_id,i1_0.id,p1_0.id,p1_0.category,p1_0.description,p1_0.image_url,p1_0.name,p1_0.price,p1_0.status,p1_0.stock,v1_0.id,v1_0.address,v1_0.contact_email,v1_0.contact_phone,v1_0.created_at,v1_0.logo_url,v1_0.shop_name,v1_0.status,v1_0.user_id,i1_0.quantity from cart_items i1_0 left join product p1_0 on p1_0.id=i1_0.product_id left join vendor v1_0 on v1_0.id=p1_0.vendor_id where i1_0.cart_id=?
Hibernate: select i1_0.wishlist_id,i1_0.id,p1_0.id,p1_0.category,p1_0.description,p1_0.image_url,p1_0.name,p1_0.price,p1_0.status,p1_0.stock,v1_0.id,v1_0.address,v1_0.contact_email,v1_0.contact_phone,v1_0.created_at,v1_0.logo_url,v1_0.shop_name,v1_0.status,v1_0.user_id from wishlist_items i1_0 left join product p1_0 on p1_0.id=i1_0.product_id left join vendor v1_0 on v1_0.id=p1_0.vendor_id where i1_0.wishlist_id=?
Hibernate: select v1_0.id,v1_0.address,v1_0.contact_email,v1_0.contact_phone,v1_0.created_at,v1_0.logo_url,v1_0.shop_name,v1_0.status,v1_0.user_id from vendor v1_0
Hibernate: select u1_0.id,u1_0.email,u1_0.name,u1_0.password,u1_0.role from users u1_0 where u1_0.id=?
Hibernate: select u1_0.id,u1_0.email,u1_0.name,u1_0.password,u1_0.role from users u1_0 where u1_0.id=?
Hibernate: select u1_0.id,u1_0.email,u1_0.name,u1_0.password,u1_0.role from users u1_0 where u1_0.id=?
Hibernate: select u1_0.id,u1_0.email,u1_0.name,u1_0.password,u1_0.role from users u1_0 where u1_0.id=?
Hibernate: select count(p1_0.id) from product p1_0 left join vendor v1_0 on v1_0.id=p1_0.vendor_id where v1_0.id=?
Hibernate: select count(p1_0.id) from product p1_0 left join vendor v1_0 on v1_0.id=p1_0.vendor_id where v1_0.id=?
Hibernate: select count(p1_0.id) from product p1_0 left join vendor v1_0 on v1_0.id=p1_0.vendor_id where v1_0.id=?
Hibernate: select count(p1_0.id) from product p1_0 left join vendor v1_0 on v1_0.id=p1_0.vendor_id where v1_0.id=?
Hibernate: select v1_0.id,v1_0.address,v1_0.contact_email,v1_0.contact_phone,v1_0.created_at,v1_0.logo_url,v1_0.shop_name,v1_0.status,v1_0.user_id from vendor v1_0
Hibernate: select u1_0.id,u1_0.email,u1_0.name,u1_0.password,u1_0.role from users u1_0 where u1_0.email=?
Hibernate: select u1_0.id,u1_0.email,u1_0.name,u1_0.password,u1_0.role from users u1_0 where u1_0.email=?
Hibernate: select u1_0.id,u1_0.email,u1_0.name,u1_0.password,u1_0.role from users u1_0 where u1_0.id=?
Hibernate: select u1_0.id,u1_0.email,u1_0.name,u1_0.password,u1_0.role from users u1_0 where u1_0.id=?
Hibernate: select w1_0.id,w1_0.user_id from wishlists w1_0 left join users u1_0 on u1_0.id=w1_0.user_id where u1_0.id=?
Hibernate: select c1_0.id,c1_0.user_id from carts c1_0 left join users u1_0 on u1_0.id=c1_0.user_id where u1_0.id=?
Hibernate: select u1_0.id,u1_0.email,u1_0.name,u1_0.password,u1_0.role from users u1_0 where u1_0.id=?
Hibernate: select u1_0.id,u1_0.email,u1_0.name,u1_0.password,u1_0.role from users u1_0 where u1_0.id=?
Hibernate: select u1_0.id,u1_0.email,u1_0.name,u1_0.password,u1_0.role from users u1_0 where u1_0.id=?
Hibernate: select u1_0.id,u1_0.email,u1_0.name,u1_0.password,u1_0.role from users u1_0 where u1_0.id=?
Hibernate: select i1_0.wishlist_id,i1_0.id,p1_0.id,p1_0.category,p1_0.description,p1_0.image_url,p1_0.name,p1_0.price,p1_0.status,p1_0.stock,v1_0.id,v1_0.address,v1_0.contact_email,v1_0.contact_phone,v1_0.created_at,v1_0.logo_url,v1_0.shop_name,v1_0.status,v1_0.user_id from wishlist_items i1_0 left join product p1_0 on p1_0.id=i1_0.product_id left join vendor v1_0 on v1_0.id=p1_0.vendor_id where i1_0.wishlist_id=?
Hibernate: select i1_0.cart_id,i1_0.id,p1_0.id,p1_0.category,p1_0.description,p1_0.image_url,p1_0.name,p1_0.price,p1_0.status,p1_0.stock,v1_0.id,v1_0.address,v1_0.contact_email,v1_0.contact_phone,v1_0.created_at,v1_0.logo_url,v1_0.shop_name,v1_0.status,v1_0.user_id,i1_0.quantity from cart_items i1_0 left join product p1_0 on p1_0.id=i1_0.product_id left join vendor v1_0 on v1_0.id=p1_0.vendor_id where i1_0.cart_id=?
Hibernate: select count(p1_0.id) from product p1_0 left join vendor v1_0 on v1_0.id=p1_0.vendor_id where v1_0.id=?
Hibernate: select count(p1_0.id) from product p1_0 left join vendor v1_0 on v1_0.id=p1_0.vendor_id where v1_0.id=?
Hibernate: select count(p1_0.id) from product p1_0 left join vendor v1_0 on v1_0.id=p1_0.vendor_id where v1_0.id=?
Hibernate: select count(p1_0.id) from product p1_0 left join vendor v1_0 on v1_0.id=p1_0.vendor_id where v1_0.id=?
Hibernate: select u1_0.id,u1_0.email,u1_0.name,u1_0.password,u1_0.role from users u1_0 where u1_0.email=?
Hibernate: select u1_0.id,u1_0.email,u1_0.name,u1_0.password,u1_0.role from users u1_0 where u1_0.email=?
Hibernate: select w1_0.id,w1_0.user_id from wishlists w1_0 left join users u1_0 on u1_0.id=w1_0.user_id where u1_0.id=?
Hibernate: select c1_0.id,c1_0.user_id from carts c1_0 left join users u1_0 on u1_0.id=c1_0.user_id where u1_0.id=?
Hibernate: select u1_0.id,u1_0.email,u1_0.name,u1_0.password,u1_0.role from users u1_0 where u1_0.id=?
Hibernate: select u1_0.id,u1_0.email,u1_0.name,u1_0.password,u1_0.role from users u1_0 where u1_0.id=?
Hibernate: select i1_0.cart_id,i1_0.id,p1_0.id,p1_0.category,p1_0.description,p1_0.image_url,p1_0.name,p1_0.price,p1_0.status,p1_0.stock,v1_0.id,v1_0.address,v1_0.contact_email,v1_0.contact_phone,v1_0.created_at,v1_0.logo_url,v1_0.shop_name,v1_0.status,v1_0.user_id,i1_0.quantity from cart_items i1_0 left join product p1_0 on p1_0.id=i1_0.product_id left join vendor v1_0 on v1_0.id=p1_0.vendor_id where i1_0.cart_id=?
Hibernate: select i1_0.wishlist_id,i1_0.id,p1_0.id,p1_0.category,p1_0.description,p1_0.image_url,p1_0.name,p1_0.price,p1_0.status,p1_0.stock,v1_0.id,v1_0.address,v1_0.contact_email,v1_0.contact_phone,v1_0.created_at,v1_0.logo_url,v1_0.shop_name,v1_0.status,v1_0.user_id from wishlist_items i1_0 left join product p1_0 on p1_0.id=i1_0.product_id left join vendor v1_0 on v1_0.id=p1_0.vendor_id where i1_0.wishlist_id=?
Hibernate: select v1_0.id,v1_0.address,v1_0.contact_email,v1_0.contact_phone,v1_0.created_at,v1_0.logo_url,v1_0.shop_name,v1_0.status,v1_0.user_id from vendor v1_0
Hibernate: select u1_0.id,u1_0.email,u1_0.name,u1_0.password,u1_0.role from users u1_0 where u1_0.id=?
Hibernate: select u1_0.id,u1_0.email,u1_0.name,u1_0.password,u1_0.role from users u1_0 where u1_0.id=?
Hibernate: select u1_0.id,u1_0.email,u1_0.name,u1_0.password,u1_0.role from users u1_0 where u1_0.id=?
Hibernate: select u1_0.id,u1_0.email,u1_0.name,u1_0.password,u1_0.role from users u1_0 where u1_0.id=?
Hibernate: select count(p1_0.id) from product p1_0 left join vendor v1_0 on v1_0.id=p1_0.vendor_id where v1_0.id=?
Hibernate: select count(p1_0.id) from product p1_0 left join vendor v1_0 on v1_0.id=p1_0.vendor_id where v1_0.id=?
Hibernate: select count(p1_0.id) from product p1_0 left join vendor v1_0 on v1_0.id=p1_0.vendor_id where v1_0.id=?
Hibernate: select count(p1_0.id) from product p1_0 left join vendor v1_0 on v1_0.id=p1_0.vendor_id where v1_0.id=?
Hibernate: select v1_0.id,v1_0.address,v1_0.contact_email,v1_0.contact_phone,v1_0.created_at,v1_0.logo_url,v1_0.shop_name,v1_0.status,v1_0.user_id from vendor v1_0
Hibernate: select u1_0.id,u1_0.email,u1_0.name,u1_0.password,u1_0.role from users u1_0 where u1_0.email=?
Hibernate: select u1_0.id,u1_0.email,u1_0.name,u1_0.password,u1_0.role from users u1_0 where u1_0.email=?
Hibernate: select u1_0.id,u1_0.email,u1_0.name,u1_0.password,u1_0.role from users u1_0 where u1_0.id=?
Hibernate: select u1_0.id,u1_0.email,u1_0.name,u1_0.password,u1_0.role from users u1_0 where u1_0.id=?
Hibernate: select u1_0.id,u1_0.email,u1_0.name,u1_0.password,u1_0.role from users u1_0 where u1_0.id=?
Hibernate: select c1_0.id,c1_0.user_id from carts c1_0 left join users u1_0 on u1_0.id=c1_0.user_id where u1_0.id=?
Hibernate: select w1_0.id,w1_0.user_id from wishlists w1_0 left join users u1_0 on u1_0.id=w1_0.user_id where u1_0.id=?
Hibernate: select u1_0.id,u1_0.email,u1_0.name,u1_0.password,u1_0.role from users u1_0 where u1_0.id=?
Hibernate: select u1_0.id,u1_0.email,u1_0.name,u1_0.password,u1_0.role from users u1_0 where u1_0.id=?
Hibernate: select u1_0.id,u1_0.email,u1_0.name,u1_0.password,u1_0.role from users u1_0 where u1_0.id=?
Hibernate: select i1_0.cart_id,i1_0.id,p1_0.id,p1_0.category,p1_0.description,p1_0.image_url,p1_0.name,p1_0.price,p1_0.status,p1_0.stock,v1_0.id,v1_0.address,v1_0.contact_email,v1_0.contact_phone,v1_0.created_at,v1_0.logo_url,v1_0.shop_name,v1_0.status,v1_0.user_id,i1_0.quantity from cart_items i1_0 left join product p1_0 on p1_0.id=i1_0.product_id left join vendor v1_0 on v1_0.id=p1_0.vendor_id where i1_0.cart_id=?
Hibernate: select i1_0.wishlist_id,i1_0.id,p1_0.id,p1_0.category,p1_0.description,p1_0.image_url,p1_0.name,p1_0.price,p1_0.status,p1_0.stock,v1_0.id,v1_0.address,v1_0.contact_email,v1_0.contact_phone,v1_0.created_at,v1_0.logo_url,v1_0.shop_name,v1_0.status,v1_0.user_id from wishlist_items i1_0 left join product p1_0 on p1_0.id=i1_0.product_id left join vendor v1_0 on v1_0.id=p1_0.vendor_id where i1_0.wishlist_id=?
Hibernate: select count(p1_0.id) from product p1_0 left join vendor v1_0 on v1_0.id=p1_0.vendor_id where v1_0.id=?
Hibernate: select count(p1_0.id) from product p1_0 left join vendor v1_0 on v1_0.id=p1_0.vendor_id where v1_0.id=?
Hibernate: select count(p1_0.id) from product p1_0 left join vendor v1_0 on v1_0.id=p1_0.vendor_id where v1_0.id=?
Hibernate: select count(p1_0.id) from product p1_0 left join vendor v1_0 on v1_0.id=p1_0.vendor_id where v1_0.id=?
Hibernate: select u1_0.id,u1_0.email,u1_0.name,u1_0.password,u1_0.role from users u1_0 where u1_0.email=?
Hibernate: select u1_0.id,u1_0.email,u1_0.name,u1_0.password,u1_0.role from users u1_0 where u1_0.email=?
Hibernate: select w1_0.id,w1_0.user_id from wishlists w1_0 left join users u1_0 on u1_0.id=w1_0.user_id where u1_0.id=?
Hibernate: select c1_0.id,c1_0.user_id from carts c1_0 left join users u1_0 on u1_0.id=c1_0.user_id where u1_0.id=?
Hibernate: select u1_0.id,u1_0.email,u1_0.name,u1_0.password,u1_0.role from users u1_0 where u1_0.id=?
Hibernate: select u1_0.id,u1_0.email,u1_0.name,u1_0.password,u1_0.role from users u1_0 where u1_0.id=?
Hibernate: select i1_0.wishlist_id,i1_0.id,p1_0.id,p1_0.category,p1_0.description,p1_0.image_url,p1_0.name,p1_0.price,p1_0.status,p1_0.stock,v1_0.id,v1_0.address,v1_0.contact_email,v1_0.contact_phone,v1_0.created_at,v1_0.logo_url,v1_0.shop_name,v1_0.status,v1_0.user_id from wishlist_items i1_0 left join product p1_0 on p1_0.id=i1_0.product_id left join vendor v1_0 on v1_0.id=p1_0.vendor_id where i1_0.wishlist_id=?
Hibernate: select i1_0.cart_id,i1_0.id,p1_0.id,p1_0.category,p1_0.description,p1_0.image_url,p1_0.name,p1_0.price,p1_0.status,p1_0.stock,v1_0.id,v1_0.address,v1_0.contact_email,v1_0.contact_phone,v1_0.created_at,v1_0.logo_url,v1_0.shop_name,v1_0.status,v1_0.user_id,i1_0.quantity from cart_items i1_0 left join product p1_0 on p1_0.id=i1_0.product_id left join vendor v1_0 on v1_0.id=p1_0.vendor_id where i1_0.cart_id=?
Hibernate: select v1_0.id,v1_0.address,v1_0.contact_email,v1_0.contact_phone,v1_0.created_at,v1_0.logo_url,v1_0.shop_name,v1_0.status,v1_0.user_id from vendor v1_0
Hibernate: select u1_0.id,u1_0.email,u1_0.name,u1_0.password,u1_0.role from users u1_0 where u1_0.id=?
Hibernate: select u1_0.id,u1_0.email,u1_0.name,u1_0.password,u1_0.role from users u1_0 where u1_0.id=?
Hibernate: select u1_0.id,u1_0.email,u1_0.name,u1_0.password,u1_0.role from users u1_0 where u1_0.id=?
Hibernate: select u1_0.id,u1_0.email,u1_0.name,u1_0.password,u1_0.role from users u1_0 where u1_0.id=?
Hibernate: select count(p1_0.id) from product p1_0 left join vendor v1_0 on v1_0.id=p1_0.vendor_id where v1_0.id=?
Hibernate: select count(p1_0.id) from product p1_0 left join vendor v1_0 on v1_0.id=p1_0.vendor_id where v1_0.id=?
Hibernate: select count(p1_0.id) from product p1_0 left join vendor v1_0 on v1_0.id=p1_0.vendor_id where v1_0.id=?
Hibernate: select count(p1_0.id) from product p1_0 left join vendor v1_0 on v1_0.id=p1_0.vendor_id where v1_0.id=?
Hibernate: select v1_0.id,v1_0.address,v1_0.contact_email,v1_0.contact_phone,v1_0.created_at,v1_0.logo_url,v1_0.shop_name,v1_0.status,v1_0.user_id from vendor v1_0
Hibernate: select u1_0.id,u1_0.email,u1_0.name,u1_0.password,u1_0.role from users u1_0 where u1_0.email=?
Hibernate: select u1_0.id,u1_0.email,u1_0.name,u1_0.password,u1_0.role from users u1_0 where u1_0.email=?
Hibernate: select u1_0.id,u1_0.email,u1_0.name,u1_0.password,u1_0.role from users u1_0 where u1_0.id=?
Hibernate: select u1_0.id,u1_0.email,u1_0.name,u1_0.password,u1_0.role from users u1_0 where u1_0.id=?
Hibernate: select u1_0.id,u1_0.email,u1_0.name,u1_0.password,u1_0.role from users u1_0 where u1_0.id=?
Hibernate: select w1_0.id,w1_0.user_id from wishlists w1_0 left join users u1_0 on u1_0.id=w1_0.user_id where u1_0.id=?
Hibernate: select c1_0.id,c1_0.user_id from carts c1_0 left join users u1_0 on u1_0.id=c1_0.user_id where u1_0.id=?
Hibernate: select u1_0.id,u1_0.email,u1_0.name,u1_0.password,u1_0.role from users u1_0 where u1_0.id=?
Hibernate: select u1_0.id,u1_0.email,u1_0.name,u1_0.password,u1_0.role from users u1_0 where u1_0.id=?
Hibernate: select u1_0.id,u1_0.email,u1_0.name,u1_0.password,u1_0.role from users u1_0 where u1_0.id=?
Hibernate: select i1_0.wishlist_id,i1_0.id,p1_0.id,p1_0.category,p1_0.description,p1_0.image_url,p1_0.name,p1_0.price,p1_0.status,p1_0.stock,v1_0.id,v1_0.address,v1_0.contact_email,v1_0.contact_phone,v1_0.created_at,v1_0.logo_url,v1_0.shop_name,v1_0.status,v1_0.user_id from wishlist_items i1_0 left join product p1_0 on p1_0.id=i1_0.product_id left join vendor v1_0 on v1_0.id=p1_0.vendor_id where i1_0.wishlist_id=?
Hibernate: select i1_0.cart_id,i1_0.id,p1_0.id,p1_0.category,p1_0.description,p1_0.image_url,p1_0.name,p1_0.price,p1_0.status,p1_0.stock,v1_0.id,v1_0.address,v1_0.contact_email,v1_0.contact_phone,v1_0.created_at,v1_0.logo_url,v1_0.shop_name,v1_0.status,v1_0.user_id,i1_0.quantity from cart_items i1_0 left join product p1_0 on p1_0.id=i1_0.product_id left join vendor v1_0 on v1_0.id=p1_0.vendor_id where i1_0.cart_id=?
Hibernate: select count(p1_0.id) from product p1_0 left join vendor v1_0 on v1_0.id=p1_0.vendor_id where v1_0.id=?
Hibernate: select count(p1_0.id) from product p1_0 left join vendor v1_0 on v1_0.id=p1_0.vendor_id where v1_0.id=?
Hibernate: select count(p1_0.id) from product p1_0 left join vendor v1_0 on v1_0.id=p1_0.vendor_id where v1_0.id=?
Hibernate: select count(p1_0.id) from product p1_0 left join vendor v1_0 on v1_0.id=p1_0.vendor_id where v1_0.id=?
Hibernate: select u1_0.id,u1_0.email,u1_0.name,u1_0.password,u1_0.role from users u1_0 where u1_0.email=?
Hibernate: select u1_0.id,u1_0.email,u1_0.name,u1_0.password,u1_0.role from users u1_0 where u1_0.email=?
Hibernate: select w1_0.id,w1_0.user_id from wishlists w1_0 left join users u1_0 on u1_0.id=w1_0.user_id where u1_0.id=?
Hibernate: select c1_0.id,c1_0.user_id from carts c1_0 left join users u1_0 on u1_0.id=c1_0.user_id where u1_0.id=?
Hibernate: select v1_0.id,v1_0.address,v1_0.contact_email,v1_0.contact_phone,v1_0.created_at,v1_0.logo_url,v1_0.shop_name,v1_0.status,v1_0.user_id from vendor v1_0
Hibernate: select u1_0.id,u1_0.email,u1_0.name,u1_0.password,u1_0.role from users u1_0 where u1_0.id=?
Hibernate: select u1_0.id,u1_0.email,u1_0.name,u1_0.password,u1_0.role from users u1_0 where u1_0.id=?
Hibernate: select u1_0.id,u1_0.email,u1_0.name,u1_0.password,u1_0.role from users u1_0 where u1_0.id=?
Hibernate: select u1_0.id,u1_0.email,u1_0.name,u1_0.password,u1_0.role from users u1_0 where u1_0.id=?
Hibernate: select i1_0.cart_id,i1_0.id,p1_0.id,p1_0.category,p1_0.description,p1_0.image_url,p1_0.name,p1_0.price,p1_0.status,p1_0.stock,v1_0.id,v1_0.address,v1_0.contact_email,v1_0.contact_phone,v1_0.created_at,v1_0.logo_url,v1_0.shop_name,v1_0.status,v1_0.user_id,i1_0.quantity from cart_items i1_0 left join product p1_0 on p1_0.id=i1_0.product_id left join vendor v1_0 on v1_0.id=p1_0.vendor_id where i1_0.cart_id=?
Hibernate: select i1_0.wishlist_id,i1_0.id,p1_0.id,p1_0.category,p1_0.description,p1_0.image_url,p1_0.name,p1_0.price,p1_0.status,p1_0.stock,v1_0.id,v1_0.address,v1_0.contact_email,v1_0.contact_phone,v1_0.created_at,v1_0.logo_url,v1_0.shop_name,v1_0.status,v1_0.user_id from wishlist_items i1_0 left join product p1_0 on p1_0.id=i1_0.product_id left join vendor v1_0 on v1_0.id=p1_0.vendor_id where i1_0.wishlist_id=?
Hibernate: select u1_0.id,u1_0.email,u1_0.name,u1_0.password,u1_0.role from users u1_0 where u1_0.id=?
Hibernate: select u1_0.id,u1_0.email,u1_0.name,u1_0.password,u1_0.role from users u1_0 where u1_0.id=?
Hibernate: select count(p1_0.id) from product p1_0 left join vendor v1_0 on v1_0.id=p1_0.vendor_id where v1_0.id=?
Hibernate: select count(p1_0.id) from product p1_0 left join vendor v1_0 on v1_0.id=p1_0.vendor_id where v1_0.id=?
Hibernate: select count(p1_0.id) from product p1_0 left join vendor v1_0 on v1_0.id=p1_0.vendor_id where v1_0.id=?
Hibernate: select count(p1_0.id) from product p1_0 left join vendor v1_0 on v1_0.id=p1_0.vendor_id where v1_0.id=?
Hibernate: select v1_0.id,v1_0.address,v1_0.contact_email,v1_0.contact_phone,v1_0.created_at,v1_0.logo_url,v1_0.shop_name,v1_0.status,v1_0.user_id from vendor v1_0
Hibernate: select u1_0.id,u1_0.email,u1_0.name,u1_0.password,u1_0.role from users u1_0 where u1_0.email=?
Hibernate: select u1_0.id,u1_0.email,u1_0.name,u1_0.password,u1_0.role from users u1_0 where u1_0.email=?
Hibernate: select u1_0.id,u1_0.email,u1_0.name,u1_0.password,u1_0.role from users u1_0 where u1_0.id=?
Hibernate: select u1_0.id,u1_0.email,u1_0.name,u1_0.password,u1_0.role from users u1_0 where u1_0.id=?
Hibernate: select c1_0.id,c1_0.user_id from carts c1_0 left join users u1_0 on u1_0.id=c1_0.user_id where u1_0.id=?
Hibernate: select w1_0.id,w1_0.user_id from wishlists w1_0 left join users u1_0 on u1_0.id=w1_0.user_id where u1_0.id=?
Hibernate: select u1_0.id,u1_0.email,u1_0.name,u1_0.password,u1_0.role from users u1_0 where u1_0.id=?
Hibernate: select u1_0.id,u1_0.email,u1_0.name,u1_0.password,u1_0.role from users u1_0 where u1_0.id=?
Hibernate: select u1_0.id,u1_0.email,u1_0.name,u1_0.password,u1_0.role from users u1_0 where u1_0.id=?
Hibernate: select u1_0.id,u1_0.email,u1_0.name,u1_0.password,u1_0.role from users u1_0 where u1_0.id=?
Hibernate: select i1_0.cart_id,i1_0.id,p1_0.id,p1_0.category,p1_0.description,p1_0.image_url,p1_0.name,p1_0.price,p1_0.status,p1_0.stock,v1_0.id,v1_0.address,v1_0.contact_email,v1_0.contact_phone,v1_0.created_at,v1_0.logo_url,v1_0.shop_name,v1_0.status,v1_0.user_id,i1_0.quantity from cart_items i1_0 left join product p1_0 on p1_0.id=i1_0.product_id left join vendor v1_0 on v1_0.id=p1_0.vendor_id where i1_0.cart_id=?
Hibernate: select i1_0.wishlist_id,i1_0.id,p1_0.id,p1_0.category,p1_0.description,p1_0.image_url,p1_0.name,p1_0.price,p1_0.status,p1_0.stock,v1_0.id,v1_0.address,v1_0.contact_email,v1_0.contact_phone,v1_0.created_at,v1_0.logo_url,v1_0.shop_name,v1_0.status,v1_0.user_id from wishlist_items i1_0 left join product p1_0 on p1_0.id=i1_0.product_id left join vendor v1_0 on v1_0.id=p1_0.vendor_id where i1_0.wishlist_id=?
Hibernate: select count(p1_0.id) from product p1_0 left join vendor v1_0 on v1_0.id=p1_0.vendor_id where v1_0.id=?
Hibernate: select count(p1_0.id) from product p1_0 left join vendor v1_0 on v1_0.id=p1_0.vendor_id where v1_0.id=?
Hibernate: select count(p1_0.id) from product p1_0 left join vendor v1_0 on v1_0.id=p1_0.vendor_id where v1_0.id=?
Hibernate: select count(p1_0.id) from product p1_0 left join vendor v1_0 on v1_0.id=p1_0.vendor_id where v1_0.id=?
Hibernate: select u1_0.id,u1_0.email,u1_0.name,u1_0.password,u1_0.role from users u1_0 where u1_0.email=?
Hibernate: select u1_0.id,u1_0.email,u1_0.name,u1_0.password,u1_0.role from users u1_0 where u1_0.email=?
Hibernate: select c1_0.id,c1_0.user_id from carts c1_0 left join users u1_0 on u1_0.id=c1_0.user_id where u1_0.id=?
Hibernate: select w1_0.id,w1_0.user_id from wishlists w1_0 left join users u1_0 on u1_0.id=w1_0.user_id where u1_0.id=?
Hibernate: select u1_0.id,u1_0.email,u1_0.name,u1_0.password,u1_0.role from users u1_0 where u1_0.id=?
Hibernate: select u1_0.id,u1_0.email,u1_0.name,u1_0.password,u1_0.role from users u1_0 where u1_0.id=?
Hibernate: select i1_0.cart_id,i1_0.id,p1_0.id,p1_0.category,p1_0.description,p1_0.image_url,p1_0.name,p1_0.price,p1_0.status,p1_0.stock,v1_0.id,v1_0.address,v1_0.contact_email,v1_0.contact_phone,v1_0.created_at,v1_0.logo_url,v1_0.shop_name,v1_0.status,v1_0.user_id,i1_0.quantity from cart_items i1_0 left join product p1_0 on p1_0.id=i1_0.product_id left join vendor v1_0 on v1_0.id=p1_0.vendor_id where i1_0.cart_id=?
Hibernate: select i1_0.wishlist_id,i1_0.id,p1_0.id,p1_0.category,p1_0.description,p1_0.image_url,p1_0.name,p1_0.price,p1_0.status,p1_0.stock,v1_0.id,v1_0.address,v1_0.contact_email,v1_0.contact_phone,v1_0.created_at,v1_0.logo_url,v1_0.shop_name,v1_0.status,v1_0.user_id from wishlist_items i1_0 left join product p1_0 on p1_0.id=i1_0.product_id left join vendor v1_0 on v1_0.id=p1_0.vendor_id where i1_0.wishlist_id=?
Hibernate: select v1_0.id,v1_0.address,v1_0.contact_email,v1_0.contact_phone,v1_0.created_at,v1_0.logo_url,v1_0.shop_name,v1_0.status,v1_0.user_id from vendor v1_0
Hibernate: select u1_0.id,u1_0.email,u1_0.name,u1_0.password,u1_0.role from users u1_0 where u1_0.id=?
Hibernate: select u1_0.id,u1_0.email,u1_0.name,u1_0.password,u1_0.role from users u1_0 where u1_0.id=?
Hibernate: select u1_0.id,u1_0.email,u1_0.name,u1_0.password,u1_0.role from users u1_0 where u1_0.id=?
Hibernate: select u1_0.id,u1_0.email,u1_0.name,u1_0.password,u1_0.role from users u1_0 where u1_0.id=?
Hibernate: select count(p1_0.id) from product p1_0 left join vendor v1_0 on v1_0.id=p1_0.vendor_id where v1_0.id=?
Hibernate: select count(p1_0.id) from product p1_0 left join vendor v1_0 on v1_0.id=p1_0.vendor_id where v1_0.id=?
Hibernate: select count(p1_0.id) from product p1_0 left join vendor v1_0 on v1_0.id=p1_0.vendor_id where v1_0.id=?
Hibernate: select count(p1_0.id) from product p1_0 left join vendor v1_0 on v1_0.id=p1_0.vendor_id where v1_0.id=?
Hibernate: select u1_0.id,u1_0.email,u1_0.name,u1_0.password,u1_0.role from users u1_0 where u1_0.email=?
Hibernate: select u1_0.id,u1_0.email,u1_0.name,u1_0.password,u1_0.role from users u1_0 where u1_0.email=?
Hibernate: select v1_0.id,v1_0.address,v1_0.contact_email,v1_0.contact_phone,v1_0.created_at,v1_0.logo_url,v1_0.shop_name,v1_0.status,v1_0.user_id from vendor v1_0
Hibernate: select u1_0.id,u1_0.email,u1_0.name,u1_0.password,u1_0.role from users u1_0 where u1_0.id=?
Hibernate: select u1_0.id,u1_0.email,u1_0.name,u1_0.password,u1_0.role from users u1_0 where u1_0.id=?
Hibernate: select c1_0.id,c1_0.user_id from carts c1_0 left join users u1_0 on u1_0.id=c1_0.user_id where u1_0.id=?
Hibernate: select u1_0.id,u1_0.email,u1_0.name,u1_0.password,u1_0.role from users u1_0 where u1_0.id=?
Hibernate: select w1_0.id,w1_0.user_id from wishlists w1_0 left join users u1_0 on u1_0.id=w1_0.user_id where u1_0.id=?
Hibernate: select u1_0.id,u1_0.email,u1_0.name,u1_0.password,u1_0.role from users u1_0 where u1_0.id=?
Hibernate: select u1_0.id,u1_0.email,u1_0.name,u1_0.password,u1_0.role from users u1_0 where u1_0.id=?
Hibernate: select u1_0.id,u1_0.email,u1_0.name,u1_0.password,u1_0.role from users u1_0 where u1_0.id=?
Hibernate: select i1_0.wishlist_id,i1_0.id,p1_0.id,p1_0.category,p1_0.description,p1_0.image_url,p1_0.name,p1_0.price,p1_0.status,p1_0.stock,v1_0.id,v1_0.address,v1_0.contact_email,v1_0.contact_phone,v1_0.created_at,v1_0.logo_url,v1_0.shop_name,v1_0.status,v1_0.user_id from wishlist_items i1_0 left join product p1_0 on p1_0.id=i1_0.product_id left join vendor v1_0 on v1_0.id=p1_0.vendor_id where i1_0.wishlist_id=?
Hibernate: select i1_0.cart_id,i1_0.id,p1_0.id,p1_0.category,p1_0.description,p1_0.image_url,p1_0.name,p1_0.price,p1_0.status,p1_0.stock,v1_0.id,v1_0.address,v1_0.contact_email,v1_0.contact_phone,v1_0.created_at,v1_0.logo_url,v1_0.shop_name,v1_0.status,v1_0.user_id,i1_0.quantity from cart_items i1_0 left join product p1_0 on p1_0.id=i1_0.product_id left join vendor v1_0 on v1_0.id=p1_0.vendor_id where i1_0.cart_id=?
Hibernate: select count(p1_0.id) from product p1_0 left join vendor v1_0 on v1_0.id=p1_0.vendor_id where v1_0.id=?
Hibernate: select count(p1_0.id) from product p1_0 left join vendor v1_0 on v1_0.id=p1_0.vendor_id where v1_0.id=?
Hibernate: select count(p1_0.id) from product p1_0 left join vendor v1_0 on v1_0.id=p1_0.vendor_id where v1_0.id=?
Hibernate: select count(p1_0.id) from product p1_0 left join vendor v1_0 on v1_0.id=p1_0.vendor_id where v1_0.id=?
Hibernate: select u1_0.id,u1_0.email,u1_0.name,u1_0.password,u1_0.role from users u1_0 where u1_0.email=?
Hibernate: select u1_0.id,u1_0.email,u1_0.name,u1_0.password,u1_0.role from users u1_0 where u1_0.email=?
Hibernate: select c1_0.id,c1_0.user_id from carts c1_0 left join users u1_0 on u1_0.id=c1_0.user_id where u1_0.id=?
Hibernate: select w1_0.id,w1_0.user_id from wishlists w1_0 left join users u1_0 on u1_0.id=w1_0.user_id where u1_0.id=?
Hibernate: select u1_0.id,u1_0.email,u1_0.name,u1_0.password,u1_0.role from users u1_0 where u1_0.id=?
Hibernate: select u1_0.id,u1_0.email,u1_0.name,u1_0.password,u1_0.role from users u1_0 where u1_0.id=?
Hibernate: select i1_0.wishlist_id,i1_0.id,p1_0.id,p1_0.category,p1_0.description,p1_0.image_url,p1_0.name,p1_0.price,p1_0.status,p1_0.stock,v1_0.id,v1_0.address,v1_0.contact_email,v1_0.contact_phone,v1_0.created_at,v1_0.logo_url,v1_0.shop_name,v1_0.status,v1_0.user_id from wishlist_items i1_0 left join product p1_0 on p1_0.id=i1_0.product_id left join vendor v1_0 on v1_0.id=p1_0.vendor_id where i1_0.wishlist_id=?
Hibernate: select i1_0.cart_id,i1_0.id,p1_0.id,p1_0.category,p1_0.description,p1_0.image_url,p1_0.name,p1_0.price,p1_0.status,p1_0.stock,v1_0.id,v1_0.address,v1_0.contact_email,v1_0.contact_phone,v1_0.created_at,v1_0.logo_url,v1_0.shop_name,v1_0.status,v1_0.user_id,i1_0.quantity from cart_items i1_0 left join product p1_0 on p1_0.id=i1_0.product_id left join vendor v1_0 on v1_0.id=p1_0.vendor_id where i1_0.cart_id=?
Hibernate: select v1_0.id,v1_0.address,v1_0.contact_email,v1_0.contact_phone,v1_0.created_at,v1_0.logo_url,v1_0.shop_name,v1_0.status,v1_0.user_id from vendor v1_0
Hibernate: select u1_0.id,u1_0.email,u1_0.name,u1_0.password,u1_0.role from users u1_0 where u1_0.id=?
Hibernate: select u1_0.id,u1_0.email,u1_0.name,u1_0.password,u1_0.role from users u1_0 where u1_0.id=?
Hibernate: select u1_0.id,u1_0.email,u1_0.name,u1_0.password,u1_0.role from users u1_0 where u1_0.id=?
Hibernate: select u1_0.id,u1_0.email,u1_0.name,u1_0.password,u1_0.role from users u1_0 where u1_0.id=?
Hibernate: select count(p1_0.id) from product p1_0 left join vendor v1_0 on v1_0.id=p1_0.vendor_id where v1_0.id=?
Hibernate: select count(p1_0.id) from product p1_0 left join vendor v1_0 on v1_0.id=p1_0.vendor_id where v1_0.id=?
Hibernate: select count(p1_0.id) from product p1_0 left join vendor v1_0 on v1_0.id=p1_0.vendor_id where v1_0.id=?
Hibernate: select count(p1_0.id) from product p1_0 left join vendor v1_0 on v1_0.id=p1_0.vendor_id where v1_0.id=?
Hibernate: select v1_0.id,v1_0.address,v1_0.contact_email,v1_0.contact_phone,v1_0.created_at,v1_0.logo_url,v1_0.shop_name,v1_0.status,v1_0.user_id from vendor v1_0
Hibernate: select u1_0.id,u1_0.email,u1_0.name,u1_0.password,u1_0.role from users u1_0 where u1_0.email=?
Hibernate: select u1_0.id,u1_0.email,u1_0.name,u1_0.password,u1_0.role from users u1_0 where u1_0.email=?
Hibernate: select u1_0.id,u1_0.email,u1_0.name,u1_0.password,u1_0.role from users u1_0 where u1_0.id=?
Hibernate: select w1_0.id,w1_0.user_id from wishlists w1_0 left join users u1_0 on u1_0.id=w1_0.user_id where u1_0.id=?
Hibernate: select u1_0.id,u1_0.email,u1_0.name,u1_0.password,u1_0.role from users u1_0 where u1_0.id=?
Hibernate: select c1_0.id,c1_0.user_id from carts c1_0 left join users u1_0 on u1_0.id=c1_0.user_id where u1_0.id=?
Hibernate: select u1_0.id,u1_0.email,u1_0.name,u1_0.password,u1_0.role from users u1_0 where u1_0.id=?
Hibernate: select u1_0.id,u1_0.email,u1_0.name,u1_0.password,u1_0.role from users u1_0 where u1_0.id=?
Hibernate: select u1_0.id,u1_0.email,u1_0.name,u1_0.password,u1_0.role from users u1_0 where u1_0.id=?
Hibernate: select u1_0.id,u1_0.email,u1_0.name,u1_0.password,u1_0.role from users u1_0 where u1_0.id=?
Hibernate: select i1_0.wishlist_id,i1_0.id,p1_0.id,p1_0.category,p1_0.description,p1_0.image_url,p1_0.name,p1_0.price,p1_0.status,p1_0.stock,v1_0.id,v1_0.address,v1_0.contact_email,v1_0.contact_phone,v1_0.created_at,v1_0.logo_url,v1_0.shop_name,v1_0.status,v1_0.user_id from wishlist_items i1_0 left join product p1_0 on p1_0.id=i1_0.product_id left join vendor v1_0 on v1_0.id=p1_0.vendor_id where i1_0.wishlist_id=?
Hibernate: select i1_0.cart_id,i1_0.id,p1_0.id,p1_0.category,p1_0.description,p1_0.image_url,p1_0.name,p1_0.price,p1_0.status,p1_0.stock,v1_0.id,v1_0.address,v1_0.contact_email,v1_0.contact_phone,v1_0.created_at,v1_0.logo_url,v1_0.shop_name,v1_0.status,v1_0.user_id,i1_0.quantity from cart_items i1_0 left join product p1_0 on p1_0.id=i1_0.product_id left join vendor v1_0 on v1_0.id=p1_0.vendor_id where i1_0.cart_id=?
Hibernate: select count(p1_0.id) from product p1_0 left join vendor v1_0 on v1_0.id=p1_0.vendor_id where v1_0.id=?
Hibernate: select count(p1_0.id) from product p1_0 left join vendor v1_0 on v1_0.id=p1_0.vendor_id where v1_0.id=?
Hibernate: select count(p1_0.id) from product p1_0 left join vendor v1_0 on v1_0.id=p1_0.vendor_id where v1_0.id=?
Hibernate: select count(p1_0.id) from product p1_0 left join vendor v1_0 on v1_0.id=p1_0.vendor_id where v1_0.id=?
Hibernate: select u1_0.id,u1_0.email,u1_0.name,u1_0.password,u1_0.role from users u1_0 where u1_0.email=?
Hibernate: select u1_0.id,u1_0.email,u1_0.name,u1_0.password,u1_0.role from users u1_0 where u1_0.email=?
Hibernate: select c1_0.id,c1_0.user_id from carts c1_0 left join users u1_0 on u1_0.id=c1_0.user_id where u1_0.id=?
Hibernate: select w1_0.id,w1_0.user_id from wishlists w1_0 left join users u1_0 on u1_0.id=w1_0.user_id where u1_0.id=?
Hibernate: select u1_0.id,u1_0.email,u1_0.name,u1_0.password,u1_0.role from users u1_0 where u1_0.id=?
Hibernate: select u1_0.id,u1_0.email,u1_0.name,u1_0.password,u1_0.role from users u1_0 where u1_0.id=?
Hibernate: select i1_0.wishlist_id,i1_0.id,p1_0.id,p1_0.category,p1_0.description,p1_0.image_url,p1_0.name,p1_0.price,p1_0.status,p1_0.stock,v1_0.id,v1_0.address,v1_0.contact_email,v1_0.contact_phone,v1_0.created_at,v1_0.logo_url,v1_0.shop_name,v1_0.status,v1_0.user_id from wishlist_items i1_0 left join product p1_0 on p1_0.id=i1_0.product_id left join vendor v1_0 on v1_0.id=p1_0.vendor_id where i1_0.wishlist_id=?
Hibernate: select i1_0.cart_id,i1_0.id,p1_0.id,p1_0.category,p1_0.description,p1_0.image_url,p1_0.name,p1_0.price,p1_0.status,p1_0.stock,v1_0.id,v1_0.address,v1_0.contact_email,v1_0.contact_phone,v1_0.created_at,v1_0.logo_url,v1_0.shop_name,v1_0.status,v1_0.user_id,i1_0.quantity from cart_items i1_0 left join product p1_0 on p1_0.id=i1_0.product_id left join vendor v1_0 on v1_0.id=p1_0.vendor_id where i1_0.cart_id=?
Hibernate: select v1_0.id,v1_0.address,v1_0.contact_email,v1_0.contact_phone,v1_0.created_at,v1_0.logo_url,v1_0.shop_name,v1_0.status,v1_0.user_id from vendor v1_0
Hibernate: select u1_0.id,u1_0.email,u1_0.name,u1_0.password,u1_0.role from users u1_0 where u1_0.id=?
Hibernate: select u1_0.id,u1_0.email,u1_0.name,u1_0.password,u1_0.role from users u1_0 where u1_0.id=?
Hibernate: select u1_0.id,u1_0.email,u1_0.name,u1_0.password,u1_0.role from users u1_0 where u1_0.id=?
Hibernate: select u1_0.id,u1_0.email,u1_0.name,u1_0.password,u1_0.role from users u1_0 where u1_0.id=?
Hibernate: select count(p1_0.id) from product p1_0 left join vendor v1_0 on v1_0.id=p1_0.vendor_id where v1_0.id=?
Hibernate: select count(p1_0.id) from product p1_0 left join vendor v1_0 on v1_0.id=p1_0.vendor_id where v1_0.id=?
Hibernate: select count(p1_0.id) from product p1_0 left join vendor v1_0 on v1_0.id=p1_0.vendor_id where v1_0.id=?
Hibernate: select count(p1_0.id) from product p1_0 left join vendor v1_0 on v1_0.id=p1_0.vendor_id where v1_0.id=?
Hibernate: select v1_0.id,v1_0.address,v1_0.contact_email,v1_0.contact_phone,v1_0.created_at,v1_0.logo_url,v1_0.shop_name,v1_0.status,v1_0.user_id from vendor v1_0
Hibernate: select u1_0.id,u1_0.email,u1_0.name,u1_0.password,u1_0.role from users u1_0 where u1_0.email=?
Hibernate: select u1_0.id,u1_0.email,u1_0.name,u1_0.password,u1_0.role from users u1_0 where u1_0.email=?
Hibernate: select u1_0.id,u1_0.email,u1_0.name,u1_0.password,u1_0.role from users u1_0 where u1_0.id=?
Hibernate: select u1_0.id,u1_0.email,u1_0.name,u1_0.password,u1_0.role from users u1_0 where u1_0.id=?
Hibernate: select w1_0.id,w1_0.user_id from wishlists w1_0 left join users u1_0 on u1_0.id=w1_0.user_id where u1_0.id=?
Hibernate: select c1_0.id,c1_0.user_id from carts c1_0 left join users u1_0 on u1_0.id=c1_0.user_id where u1_0.id=?
Hibernate: select u1_0.id,u1_0.email,u1_0.name,u1_0.password,u1_0.role from users u1_0 where u1_0.id=?
Hibernate: select u1_0.id,u1_0.email,u1_0.name,u1_0.password,u1_0.role from users u1_0 where u1_0.id=?
Hibernate: select u1_0.id,u1_0.email,u1_0.name,u1_0.password,u1_0.role from users u1_0 where u1_0.id=?
Hibernate: select u1_0.id,u1_0.email,u1_0.name,u1_0.password,u1_0.role from users u1_0 where u1_0.id=?
Hibernate: select i1_0.cart_id,i1_0.id,p1_0.id,p1_0.category,p1_0.description,p1_0.image_url,p1_0.name,p1_0.price,p1_0.status,p1_0.stock,v1_0.id,v1_0.address,v1_0.contact_email,v1_0.contact_phone,v1_0.created_at,v1_0.logo_url,v1_0.shop_name,v1_0.status,v1_0.user_id,i1_0.quantity from cart_items i1_0 left join product p1_0 on p1_0.id=i1_0.product_id left join vendor v1_0 on v1_0.id=p1_0.vendor_id where i1_0.cart_id=?
Hibernate: select i1_0.wishlist_id,i1_0.id,p1_0.id,p1_0.category,p1_0.description,p1_0.image_url,p1_0.name,p1_0.price,p1_0.status,p1_0.stock,v1_0.id,v1_0.address,v1_0.contact_email,v1_0.contact_phone,v1_0.created_at,v1_0.logo_url,v1_0.shop_name,v1_0.status,v1_0.user_id from wishlist_items i1_0 left join product p1_0 on p1_0.id=i1_0.product_id left join vendor v1_0 on v1_0.id=p1_0.vendor_id where i1_0.wishlist_id=?
Hibernate: select count(p1_0.id) from product p1_0 left join vendor v1_0 on v1_0.id=p1_0.vendor_id where v1_0.id=?
Hibernate: select count(p1_0.id) from product p1_0 left join vendor v1_0 on v1_0.id=p1_0.vendor_id where v1_0.id=?
Hibernate: select count(p1_0.id) from product p1_0 left join vendor v1_0 on v1_0.id=p1_0.vendor_id where v1_0.id=?
Hibernate: select count(p1_0.id) from product p1_0 left join vendor v1_0 on v1_0.id=p1_0.vendor_id where v1_0.id=?
Hibernate: select u1_0.id,u1_0.email,u1_0.name,u1_0.password,u1_0.role from users u1_0 where u1_0.email=?
Hibernate: select u1_0.id,u1_0.email,u1_0.name,u1_0.password,u1_0.role from users u1_0 where u1_0.email=?
Hibernate: select w1_0.id,w1_0.user_id from wishlists w1_0 left join users u1_0 on u1_0.id=w1_0.user_id where u1_0.id=?
Hibernate: select c1_0.id,c1_0.user_id from carts c1_0 left join users u1_0 on u1_0.id=c1_0.user_id where u1_0.id=?
Hibernate: select u1_0.id,u1_0.email,u1_0.name,u1_0.password,u1_0.role from users u1_0 where u1_0.id=?
Hibernate: select u1_0.id,u1_0.email,u1_0.name,u1_0.password,u1_0.role from users u1_0 where u1_0.id=?
Hibernate: select i1_0.wishlist_id,i1_0.id,p1_0.id,p1_0.category,p1_0.description,p1_0.image_url,p1_0.name,p1_0.price,p1_0.status,p1_0.stock,v1_0.id,v1_0.address,v1_0.contact_email,v1_0.contact_phone,v1_0.created_at,v1_0.logo_url,v1_0.shop_name,v1_0.status,v1_0.user_id from wishlist_items i1_0 left join product p1_0 on p1_0.id=i1_0.product_id left join vendor v1_0 on v1_0.id=p1_0.vendor_id where i1_0.wishlist_id=?
Hibernate: select i1_0.cart_id,i1_0.id,p1_0.id,p1_0.category,p1_0.description,p1_0.image_url,p1_0.name,p1_0.price,p1_0.status,p1_0.stock,v1_0.id,v1_0.address,v1_0.contact_email,v1_0.contact_phone,v1_0.created_at,v1_0.logo_url,v1_0.shop_name,v1_0.status,v1_0.user_id,i1_0.quantity from cart_items i1_0 left join product p1_0 on p1_0.id=i1_0.product_id left join vendor v1_0 on v1_0.id=p1_0.vendor_id where i1_0.cart_id=?
Hibernate: select v1_0.id,v1_0.address,v1_0.contact_email,v1_0.contact_phone,v1_0.created_at,v1_0.logo_url,v1_0.shop_name,v1_0.status,v1_0.user_id from vendor v1_0
Hibernate: select u1_0.id,u1_0.email,u1_0.name,u1_0.password,u1_0.role from users u1_0 where u1_0.id=?
Hibernate: select u1_0.id,u1_0.email,u1_0.name,u1_0.password,u1_0.role from users u1_0 where u1_0.id=?
Hibernate: select u1_0.id,u1_0.email,u1_0.name,u1_0.password,u1_0.role from users u1_0 where u1_0.id=?
Hibernate: select u1_0.id,u1_0.email,u1_0.name,u1_0.password,u1_0.role from users u1_0 where u1_0.id=?
Hibernate: select count(p1_0.id) from product p1_0 left join vendor v1_0 on v1_0.id=p1_0.vendor_id where v1_0.id=?
Hibernate: select count(p1_0.id) from product p1_0 left join vendor v1_0 on v1_0.id=p1_0.vendor_id where v1_0.id=?
Hibernate: select count(p1_0.id) from product p1_0 left join vendor v1_0 on v1_0.id=p1_0.vendor_id where v1_0.id=?
Hibernate: select count(p1_0.id) from product p1_0 left join vendor v1_0 on v1_0.id=p1_0.vendor_id where v1_0.id=?
Hibernate: select u1_0.id,u1_0.email,u1_0.name,u1_0.password,u1_0.role from users u1_0 where u1_0.email=?
Hibernate: select u1_0.id,u1_0.email,u1_0.name,u1_0.password,u1_0.role from users u1_0 where u1_0.email=?
Hibernate: select v1_0.id,v1_0.address,v1_0.contact_email,v1_0.contact_phone,v1_0.created_at,v1_0.logo_url,v1_0.shop_name,v1_0.status,v1_0.user_id from vendor v1_0
Hibernate: select u1_0.id,u1_0.email,u1_0.name,u1_0.password,u1_0.role from users u1_0 where u1_0.id=?
Hibernate: select c1_0.id,c1_0.user_id from carts c1_0 left join users u1_0 on u1_0.id=c1_0.user_id where u1_0.id=?
Hibernate: select u1_0.id,u1_0.email,u1_0.name,u1_0.password,u1_0.role from users u1_0 where u1_0.id=?
Hibernate: select w1_0.id,w1_0.user_id from wishlists w1_0 left join users u1_0 on u1_0.id=w1_0.user_id where u1_0.id=?
Hibernate: select u1_0.id,u1_0.email,u1_0.name,u1_0.password,u1_0.role from users u1_0 where u1_0.id=?
Hibernate: select u1_0.id,u1_0.email,u1_0.name,u1_0.password,u1_0.role from users u1_0 where u1_0.id=?
Hibernate: select u1_0.id,u1_0.email,u1_0.name,u1_0.password,u1_0.role from users u1_0 where u1_0.id=?
Hibernate: select u1_0.id,u1_0.email,u1_0.name,u1_0.password,u1_0.role from users u1_0 where u1_0.id=?
Hibernate: select i1_0.cart_id,i1_0.id,p1_0.id,p1_0.category,p1_0.description,p1_0.image_url,p1_0.name,p1_0.price,p1_0.status,p1_0.stock,v1_0.id,v1_0.address,v1_0.contact_email,v1_0.contact_phone,v1_0.created_at,v1_0.logo_url,v1_0.shop_name,v1_0.status,v1_0.user_id,i1_0.quantity from cart_items i1_0 left join product p1_0 on p1_0.id=i1_0.product_id left join vendor v1_0 on v1_0.id=p1_0.vendor_id where i1_0.cart_id=?
Hibernate: select i1_0.wishlist_id,i1_0.id,p1_0.id,p1_0.category,p1_0.description,p1_0.image_url,p1_0.name,p1_0.price,p1_0.status,p1_0.stock,v1_0.id,v1_0.address,v1_0.contact_email,v1_0.contact_phone,v1_0.created_at,v1_0.logo_url,v1_0.shop_name,v1_0.status,v1_0.user_id from wishlist_items i1_0 left join product p1_0 on p1_0.id=i1_0.product_id left join vendor v1_0 on v1_0.id=p1_0.vendor_id where i1_0.wishlist_id=?
Hibernate: select count(p1_0.id) from product p1_0 left join vendor v1_0 on v1_0.id=p1_0.vendor_id where v1_0.id=?
Hibernate: select count(p1_0.id) from product p1_0 left join vendor v1_0 on v1_0.id=p1_0.vendor_id where v1_0.id=?
Hibernate: select count(p1_0.id) from product p1_0 left join vendor v1_0 on v1_0.id=p1_0.vendor_id where v1_0.id=?
Hibernate: select count(p1_0.id) from product p1_0 left join vendor v1_0 on v1_0.id=p1_0.vendor_id where v1_0.id=?
Hibernate: select u1_0.id,u1_0.email,u1_0.name,u1_0.password,u1_0.role from users u1_0 where u1_0.email=?
Hibernate: select u1_0.id,u1_0.email,u1_0.name,u1_0.password,u1_0.role from users u1_0 where u1_0.email=?
Hibernate: select c1_0.id,c1_0.user_id from carts c1_0 left join users u1_0 on u1_0.id=c1_0.user_id where u1_0.id=?
Hibernate: select w1_0.id,w1_0.user_id from wishlists w1_0 left join users u1_0 on u1_0.id=w1_0.user_id where u1_0.id=?
Hibernate: select u1_0.id,u1_0.email,u1_0.name,u1_0.password,u1_0.role from users u1_0 where u1_0.id=?
Hibernate: select u1_0.id,u1_0.email,u1_0.name,u1_0.password,u1_0.role from users u1_0 where u1_0.id=?
Hibernate: select i1_0.cart_id,i1_0.id,p1_0.id,p1_0.category,p1_0.description,p1_0.image_url,p1_0.name,p1_0.price,p1_0.status,p1_0.stock,v1_0.id,v1_0.address,v1_0.contact_email,v1_0.contact_phone,v1_0.created_at,v1_0.logo_url,v1_0.shop_name,v1_0.status,v1_0.user_id,i1_0.quantity from cart_items i1_0 left join product p1_0 on p1_0.id=i1_0.product_id left join vendor v1_0 on v1_0.id=p1_0.vendor_id where i1_0.cart_id=?
Hibernate: select i1_0.wishlist_id,i1_0.id,p1_0.id,p1_0.category,p1_0.description,p1_0.image_url,p1_0.name,p1_0.price,p1_0.status,p1_0.stock,v1_0.id,v1_0.address,v1_0.contact_email,v1_0.contact_phone,v1_0.created_at,v1_0.logo_url,v1_0.shop_name,v1_0.status,v1_0.user_id from wishlist_items i1_0 left join product p1_0 on p1_0.id=i1_0.product_id left join vendor v1_0 on v1_0.id=p1_0.vendor_id where i1_0.wishlist_id=?
Hibernate: select v1_0.id,v1_0.address,v1_0.contact_email,v1_0.contact_phone,v1_0.created_at,v1_0.logo_url,v1_0.shop_name,v1_0.status,v1_0.user_id from vendor v1_0
Hibernate: select u1_0.id,u1_0.email,u1_0.name,u1_0.password,u1_0.role from users u1_0 where u1_0.id=?
Hibernate: select u1_0.id,u1_0.email,u1_0.name,u1_0.password,u1_0.role from users u1_0 where u1_0.id=?
Hibernate: select u1_0.id,u1_0.email,u1_0.name,u1_0.password,u1_0.role from users u1_0 where u1_0.id=?
Hibernate: select u1_0.id,u1_0.email,u1_0.name,u1_0.password,u1_0.role from users u1_0 where u1_0.id=?
Hibernate: select count(p1_0.id) from product p1_0 left join vendor v1_0 on v1_0.id=p1_0.vendor_id where v1_0.id=?
Hibernate: select count(p1_0.id) from product p1_0 left join vendor v1_0 on v1_0.id=p1_0.vendor_id where v1_0.id=?
Hibernate: select count(p1_0.id) from product p1_0 left join vendor v1_0 on v1_0.id=p1_0.vendor_id where v1_0.id=?
Hibernate: select count(p1_0.id) from product p1_0 left join vendor v1_0 on v1_0.id=p1_0.vendor_id where v1_0.id=?
Hibernate: select v1_0.id,v1_0.address,v1_0.contact_email,v1_0.contact_phone,v1_0.created_at,v1_0.logo_url,v1_0.shop_name,v1_0.status,v1_0.user_id from vendor v1_0
Hibernate: select u1_0.id,u1_0.email,u1_0.name,u1_0.password,u1_0.role from users u1_0 where u1_0.email=?
Hibernate: select u1_0.id,u1_0.email,u1_0.name,u1_0.password,u1_0.role from users u1_0 where u1_0.email=?
Hibernate: select u1_0.id,u1_0.email,u1_0.name,u1_0.password,u1_0.role from users u1_0 where u1_0.id=?
Hibernate: select w1_0.id,w1_0.user_id from wishlists w1_0 left join users u1_0 on u1_0.id=w1_0.user_id where u1_0.id=?
Hibernate: select u1_0.id,u1_0.email,u1_0.name,u1_0.password,u1_0.role from users u1_0 where u1_0.id=?
Hibernate: select u1_0.id,u1_0.email,u1_0.name,u1_0.password,u1_0.role from users u1_0 where u1_0.id=?
Hibernate: select u1_0.id,u1_0.email,u1_0.name,u1_0.password,u1_0.role from users u1_0 where u1_0.id=?
Hibernate: select c1_0.id,c1_0.user_id from carts c1_0 left join users u1_0 on u1_0.id=c1_0.user_id where u1_0.id=?
Hibernate: select i1_0.wishlist_id,i1_0.id,p1_0.id,p1_0.category,p1_0.description,p1_0.image_url,p1_0.name,p1_0.price,p1_0.status,p1_0.stock,v1_0.id,v1_0.address,v1_0.contact_email,v1_0.contact_phone,v1_0.created_at,v1_0.logo_url,v1_0.shop_name,v1_0.status,v1_0.user_id from wishlist_items i1_0 left join product p1_0 on p1_0.id=i1_0.product_id left join vendor v1_0 on v1_0.id=p1_0.vendor_id where i1_0.wishlist_id=?
Hibernate: select u1_0.id,u1_0.email,u1_0.name,u1_0.password,u1_0.role from users u1_0 where u1_0.id=?
Hibernate: select u1_0.id,u1_0.email,u1_0.name,u1_0.password,u1_0.role from users u1_0 where u1_0.id=?
Hibernate: select i1_0.cart_id,i1_0.id,p1_0.id,p1_0.category,p1_0.description,p1_0.image_url,p1_0.name,p1_0.price,p1_0.status,p1_0.stock,v1_0.id,v1_0.address,v1_0.contact_email,v1_0.contact_phone,v1_0.created_at,v1_0.logo_url,v1_0.shop_name,v1_0.status,v1_0.user_id,i1_0.quantity from cart_items i1_0 left join product p1_0 on p1_0.id=i1_0.product_id left join vendor v1_0 on v1_0.id=p1_0.vendor_id where i1_0.cart_id=?
Hibernate: select count(p1_0.id) from product p1_0 left join vendor v1_0 on v1_0.id=p1_0.vendor_id where v1_0.id=?
Hibernate: select count(p1_0.id) from product p1_0 left join vendor v1_0 on v1_0.id=p1_0.vendor_id where v1_0.id=?
Hibernate: select count(p1_0.id) from product p1_0 left join vendor v1_0 on v1_0.id=p1_0.vendor_id where v1_0.id=?
Hibernate: select count(p1_0.id) from product p1_0 left join vendor v1_0 on v1_0.id=p1_0.vendor_id where v1_0.id=?
Hibernate: select u1_0.id,u1_0.email,u1_0.name,u1_0.password,u1_0.role from users u1_0 where u1_0.email=?
Hibernate: select u1_0.id,u1_0.email,u1_0.name,u1_0.password,u1_0.role from users u1_0 where u1_0.email=?
Hibernate: select c1_0.id,c1_0.user_id from carts c1_0 left join users u1_0 on u1_0.id=c1_0.user_id where u1_0.id=?
Hibernate: select w1_0.id,w1_0.user_id from wishlists w1_0 left join users u1_0 on u1_0.id=w1_0.user_id where u1_0.id=?
Hibernate: select u1_0.id,u1_0.email,u1_0.name,u1_0.password,u1_0.role from users u1_0 where u1_0.id=?
Hibernate: select u1_0.id,u1_0.email,u1_0.name,u1_0.password,u1_0.role from users u1_0 where u1_0.id=?
Hibernate: select i1_0.wishlist_id,i1_0.id,p1_0.id,p1_0.category,p1_0.description,p1_0.image_url,p1_0.name,p1_0.price,p1_0.status,p1_0.stock,v1_0.id,v1_0.address,v1_0.contact_email,v1_0.contact_phone,v1_0.created_at,v1_0.logo_url,v1_0.shop_name,v1_0.status,v1_0.user_id from wishlist_items i1_0 left join product p1_0 on p1_0.id=i1_0.product_id left join vendor v1_0 on v1_0.id=p1_0.vendor_id where i1_0.wishlist_id=?
Hibernate: select i1_0.cart_id,i1_0.id,p1_0.id,p1_0.category,p1_0.description,p1_0.image_url,p1_0.name,p1_0.price,p1_0.status,p1_0.stock,v1_0.id,v1_0.address,v1_0.contact_email,v1_0.contact_phone,v1_0.created_at,v1_0.logo_url,v1_0.shop_name,v1_0.status,v1_0.user_id,i1_0.quantity from cart_items i1_0 left join product p1_0 on p1_0.id=i1_0.product_id left join vendor v1_0 on v1_0.id=p1_0.vendor_id where i1_0.cart_id=?
Hibernate: select v1_0.id,v1_0.address,v1_0.contact_email,v1_0.contact_phone,v1_0.created_at,v1_0.logo_url,v1_0.shop_name,v1_0.status,v1_0.user_id from vendor v1_0
Hibernate: select u1_0.id,u1_0.email,u1_0.name,u1_0.password,u1_0.role from users u1_0 where u1_0.id=?
Hibernate: select u1_0.id,u1_0.email,u1_0.name,u1_0.password,u1_0.role from users u1_0 where u1_0.id=?
Hibernate: select u1_0.id,u1_0.email,u1_0.name,u1_0.password,u1_0.role from users u1_0 where u1_0.id=?
Hibernate: select u1_0.id,u1_0.email,u1_0.name,u1_0.password,u1_0.role from users u1_0 where u1_0.id=?
Hibernate: select count(p1_0.id) from product p1_0 left join vendor v1_0 on v1_0.id=p1_0.vendor_id where v1_0.id=?
Hibernate: select count(p1_0.id) from product p1_0 left join vendor v1_0 on v1_0.id=p1_0.vendor_id where v1_0.id=?
Hibernate: select count(p1_0.id) from product p1_0 left join vendor v1_0 on v1_0.id=p1_0.vendor_id where v1_0.id=?
Hibernate: select count(p1_0.id) from product p1_0 left join vendor v1_0 on v1_0.id=p1_0.vendor_id where v1_0.id=?
Hibernate: select u1_0.id,u1_0.email,u1_0.name,u1_0.password,u1_0.role from users u1_0 where u1_0.email=?
Hibernate: select v1_0.id,v1_0.address,v1_0.contact_email,v1_0.contact_phone,v1_0.created_at,v1_0.logo_url,v1_0.shop_name,v1_0.status,v1_0.user_id from vendor v1_0
Hibernate: select u1_0.id,u1_0.email,u1_0.name,u1_0.password,u1_0.role from users u1_0 where u1_0.email=?
Hibernate: select u1_0.id,u1_0.email,u1_0.name,u1_0.password,u1_0.role from users u1_0 where u1_0.id=?
Hibernate: select u1_0.id,u1_0.email,u1_0.name,u1_0.password,u1_0.role from users u1_0 where u1_0.id=?
Hibernate: select w1_0.id,w1_0.user_id from wishlists w1_0 left join users u1_0 on u1_0.id=w1_0.user_id where u1_0.id=?
Hibernate: select c1_0.id,c1_0.user_id from carts c1_0 left join users u1_0 on u1_0.id=c1_0.user_id where u1_0.id=?
Hibernate: select u1_0.id,u1_0.email,u1_0.name,u1_0.password,u1_0.role from users u1_0 where u1_0.id=?
Hibernate: select u1_0.id,u1_0.email,u1_0.name,u1_0.password,u1_0.role from users u1_0 where u1_0.id=?
Hibernate: select u1_0.id,u1_0.email,u1_0.name,u1_0.password,u1_0.role from users u1_0 where u1_0.id=?
Hibernate: select u1_0.id,u1_0.email,u1_0.name,u1_0.password,u1_0.role from users u1_0 where u1_0.id=?
Hibernate: select i1_0.cart_id,i1_0.id,p1_0.id,p1_0.category,p1_0.description,p1_0.image_url,p1_0.name,p1_0.price,p1_0.status,p1_0.stock,v1_0.id,v1_0.address,v1_0.contact_email,v1_0.contact_phone,v1_0.created_at,v1_0.logo_url,v1_0.shop_name,v1_0.status,v1_0.user_id,i1_0.quantity from cart_items i1_0 left join product p1_0 on p1_0.id=i1_0.product_id left join vendor v1_0 on v1_0.id=p1_0.vendor_id where i1_0.cart_id=?
Hibernate: select i1_0.wishlist_id,i1_0.id,p1_0.id,p1_0.category,p1_0.description,p1_0.image_url,p1_0.name,p1_0.price,p1_0.status,p1_0.stock,v1_0.id,v1_0.address,v1_0.contact_email,v1_0.contact_phone,v1_0.created_at,v1_0.logo_url,v1_0.shop_name,v1_0.status,v1_0.user_id from wishlist_items i1_0 left join product p1_0 on p1_0.id=i1_0.product_id left join vendor v1_0 on v1_0.id=p1_0.vendor_id where i1_0.wishlist_id=?
Hibernate: select count(p1_0.id) from product p1_0 left join vendor v1_0 on v1_0.id=p1_0.vendor_id where v1_0.id=?
Hibernate: select count(p1_0.id) from product p1_0 left join vendor v1_0 on v1_0.id=p1_0.vendor_id where v1_0.id=?
Hibernate: select count(p1_0.id) from product p1_0 left join vendor v1_0 on v1_0.id=p1_0.vendor_id where v1_0.id=?
Hibernate: select count(p1_0.id) from product p1_0 left join vendor v1_0 on v1_0.id=p1_0.vendor_id where v1_0.id=?
Hibernate: select u1_0.id,u1_0.email,u1_0.name,u1_0.password,u1_0.role from users u1_0 where u1_0.email=?
Hibernate: select u1_0.id,u1_0.email,u1_0.name,u1_0.password,u1_0.role from users u1_0 where u1_0.email=?
Hibernate: select v1_0.id,v1_0.address,v1_0.contact_email,v1_0.contact_phone,v1_0.created_at,v1_0.logo_url,v1_0.shop_name,v1_0.status,v1_0.user_id from vendor v1_0
Hibernate: select c1_0.id,c1_0.user_id from carts c1_0 left join users u1_0 on u1_0.id=c1_0.user_id where u1_0.id=?
Hibernate: select w1_0.id,w1_0.user_id from wishlists w1_0 left join users u1_0 on u1_0.id=w1_0.user_id where u1_0.id=?
Hibernate: select u1_0.id,u1_0.email,u1_0.name,u1_0.password,u1_0.role from users u1_0 where u1_0.id=?
Hibernate: select u1_0.id,u1_0.email,u1_0.name,u1_0.password,u1_0.role from users u1_0 where u1_0.id=?
Hibernate: select u1_0.id,u1_0.email,u1_0.name,u1_0.password,u1_0.role from users u1_0 where u1_0.id=?
Hibernate: select u1_0.id,u1_0.email,u1_0.name,u1_0.password,u1_0.role from users u1_0 where u1_0.id=?
Hibernate: select i1_0.wishlist_id,i1_0.id,p1_0.id,p1_0.category,p1_0.description,p1_0.image_url,p1_0.name,p1_0.price,p1_0.status,p1_0.stock,v1_0.id,v1_0.address,v1_0.contact_email,v1_0.contact_phone,v1_0.created_at,v1_0.logo_url,v1_0.shop_name,v1_0.status,v1_0.user_id from wishlist_items i1_0 left join product p1_0 on p1_0.id=i1_0.product_id left join vendor v1_0 on v1_0.id=p1_0.vendor_id where i1_0.wishlist_id=?
Hibernate: select i1_0.cart_id,i1_0.id,p1_0.id,p1_0.category,p1_0.description,p1_0.image_url,p1_0.name,p1_0.price,p1_0.status,p1_0.stock,v1_0.id,v1_0.address,v1_0.contact_email,v1_0.contact_phone,v1_0.created_at,v1_0.logo_url,v1_0.shop_name,v1_0.status,v1_0.user_id,i1_0.quantity from cart_items i1_0 left join product p1_0 on p1_0.id=i1_0.product_id left join vendor v1_0 on v1_0.id=p1_0.vendor_id where i1_0.cart_id=?
Hibernate: select u1_0.id,u1_0.email,u1_0.name,u1_0.password,u1_0.role from users u1_0 where u1_0.id=?
Hibernate: select u1_0.id,u1_0.email,u1_0.name,u1_0.password,u1_0.role from users u1_0 where u1_0.id=?
Hibernate: select count(p1_0.id) from product p1_0 left join vendor v1_0 on v1_0.id=p1_0.vendor_id where v1_0.id=?
Hibernate: select count(p1_0.id) from product p1_0 left join vendor v1_0 on v1_0.id=p1_0.vendor_id where v1_0.id=?
Hibernate: select count(p1_0.id) from product p1_0 left join vendor v1_0 on v1_0.id=p1_0.vendor_id where v1_0.id=?
Hibernate: select count(p1_0.id) from product p1_0 left join vendor v1_0 on v1_0.id=p1_0.vendor_id where v1_0.id=?
Hibernate: select v1_0.id,v1_0.address,v1_0.contact_email,v1_0.contact_phone,v1_0.created_at,v1_0.logo_url,v1_0.shop_name,v1_0.status,v1_0.user_id from vendor v1_0
Hibernate: select u1_0.id,u1_0.email,u1_0.name,u1_0.password,u1_0.role from users u1_0 where u1_0.email=?
Hibernate: select u1_0.id,u1_0.email,u1_0.name,u1_0.password,u1_0.role from users u1_0 where u1_0.email=?
Hibernate: select u1_0.id,u1_0.email,u1_0.name,u1_0.password,u1_0.role from users u1_0 where u1_0.id=?
Hibernate: select u1_0.id,u1_0.email,u1_0.name,u1_0.password,u1_0.role from users u1_0 where u1_0.id=?
Hibernate: select w1_0.id,w1_0.user_id from wishlists w1_0 left join users u1_0 on u1_0.id=w1_0.user_id where u1_0.id=?
Hibernate: select c1_0.id,c1_0.user_id from carts c1_0 left join users u1_0 on u1_0.id=c1_0.user_id where u1_0.id=?
Hibernate: select u1_0.id,u1_0.email,u1_0.name,u1_0.password,u1_0.role from users u1_0 where u1_0.id=?
Hibernate: select u1_0.id,u1_0.email,u1_0.name,u1_0.password,u1_0.role from users u1_0 where u1_0.id=?
Hibernate: select u1_0.id,u1_0.email,u1_0.name,u1_0.password,u1_0.role from users u1_0 where u1_0.id=?
Hibernate: select u1_0.id,u1_0.email,u1_0.name,u1_0.password,u1_0.role from users u1_0 where u1_0.id=?
Hibernate: select i1_0.wishlist_id,i1_0.id,p1_0.id,p1_0.category,p1_0.description,p1_0.image_url,p1_0.name,p1_0.price,p1_0.status,p1_0.stock,v1_0.id,v1_0.address,v1_0.contact_email,v1_0.contact_phone,v1_0.created_at,v1_0.logo_url,v1_0.shop_name,v1_0.status,v1_0.user_id from wishlist_items i1_0 left join product p1_0 on p1_0.id=i1_0.product_id left join vendor v1_0 on v1_0.id=p1_0.vendor_id where i1_0.wishlist_id=?
Hibernate: select i1_0.cart_id,i1_0.id,p1_0.id,p1_0.category,p1_0.description,p1_0.image_url,p1_0.name,p1_0.price,p1_0.status,p1_0.stock,v1_0.id,v1_0.address,v1_0.contact_email,v1_0.contact_phone,v1_0.created_at,v1_0.logo_url,v1_0.shop_name,v1_0.status,v1_0.user_id,i1_0.quantity from cart_items i1_0 left join product p1_0 on p1_0.id=i1_0.product_id left join vendor v1_0 on v1_0.id=p1_0.vendor_id where i1_0.cart_id=?
Hibernate: select count(p1_0.id) from product p1_0 left join vendor v1_0 on v1_0.id=p1_0.vendor_id where v1_0.id=?
Hibernate: select count(p1_0.id) from product p1_0 left join vendor v1_0 on v1_0.id=p1_0.vendor_id where v1_0.id=?
Hibernate: select count(p1_0.id) from product p1_0 left join vendor v1_0 on v1_0.id=p1_0.vendor_id where v1_0.id=?
Hibernate: select count(p1_0.id) from product p1_0 left join vendor v1_0 on v1_0.id=p1_0.vendor_id where v1_0.id=?
Hibernate: select v1_0.id,v1_0.address,v1_0.contact_email,v1_0.contact_phone,v1_0.created_at,v1_0.logo_url,v1_0.shop_name,v1_0.status,v1_0.user_id from vendor v1_0
Hibernate: select u1_0.id,u1_0.email,u1_0.name,u1_0.password,u1_0.role from users u1_0 where u1_0.email=?
Hibernate: select u1_0.id,u1_0.email,u1_0.name,u1_0.password,u1_0.role from users u1_0 where u1_0.email=?
Hibernate: select u1_0.id,u1_0.email,u1_0.name,u1_0.password,u1_0.role from users u1_0 where u1_0.id=?
Hibernate: select c1_0.id,c1_0.user_id from carts c1_0 left join users u1_0 on u1_0.id=c1_0.user_id where u1_0.id=?
Hibernate: select w1_0.id,w1_0.user_id from wishlists w1_0 left join users u1_0 on u1_0.id=w1_0.user_id where u1_0.id=?
Hibernate: select u1_0.id,u1_0.email,u1_0.name,u1_0.password,u1_0.role from users u1_0 where u1_0.id=?
Hibernate: select u1_0.id,u1_0.email,u1_0.name,u1_0.password,u1_0.role from users u1_0 where u1_0.id=?
Hibernate: select u1_0.id,u1_0.email,u1_0.name,u1_0.password,u1_0.role from users u1_0 where u1_0.id=?
Hibernate: select u1_0.id,u1_0.email,u1_0.name,u1_0.password,u1_0.role from users u1_0 where u1_0.id=?
Hibernate: select i1_0.cart_id,i1_0.id,p1_0.id,p1_0.category,p1_0.description,p1_0.image_url,p1_0.name,p1_0.price,p1_0.status,p1_0.stock,v1_0.id,v1_0.address,v1_0.contact_email,v1_0.contact_phone,v1_0.created_at,v1_0.logo_url,v1_0.shop_name,v1_0.status,v1_0.user_id,i1_0.quantity from cart_items i1_0 left join product p1_0 on p1_0.id=i1_0.product_id left join vendor v1_0 on v1_0.id=p1_0.vendor_id where i1_0.cart_id=?
Hibernate: select i1_0.wishlist_id,i1_0.id,p1_0.id,p1_0.category,p1_0.description,p1_0.image_url,p1_0.name,p1_0.price,p1_0.status,p1_0.stock,v1_0.id,v1_0.address,v1_0.contact_email,v1_0.contact_phone,v1_0.created_at,v1_0.logo_url,v1_0.shop_name,v1_0.status,v1_0.user_id from wishlist_items i1_0 left join product p1_0 on p1_0.id=i1_0.product_id left join vendor v1_0 on v1_0.id=p1_0.vendor_id where i1_0.wishlist_id=?
Hibernate: select u1_0.id,u1_0.email,u1_0.name,u1_0.password,u1_0.role from users u1_0 where u1_0.id=?
Hibernate: select count(p1_0.id) from product p1_0 left join vendor v1_0 on v1_0.id=p1_0.vendor_id where v1_0.id=?
Hibernate: select count(p1_0.id) from product p1_0 left join vendor v1_0 on v1_0.id=p1_0.vendor_id where v1_0.id=?
Hibernate: select count(p1_0.id) from product p1_0 left join vendor v1_0 on v1_0.id=p1_0.vendor_id where v1_0.id=?
Hibernate: select count(p1_0.id) from product p1_0 left join vendor v1_0 on v1_0.id=p1_0.vendor_id where v1_0.id=?
Hibernate: select u1_0.id,u1_0.email,u1_0.name,u1_0.password,u1_0.role from users u1_0 where u1_0.email=?
Hibernate: select u1_0.id,u1_0.email,u1_0.name,u1_0.password,u1_0.role from users u1_0 where u1_0.email=?
Hibernate: select v1_0.id,v1_0.address,v1_0.contact_email,v1_0.contact_phone,v1_0.created_at,v1_0.logo_url,v1_0.shop_name,v1_0.status,v1_0.user_id from vendor v1_0
Hibernate: select u1_0.id,u1_0.email,u1_0.name,u1_0.password,u1_0.role from users u1_0 where u1_0.id=?
Hibernate: select u1_0.id,u1_0.email,u1_0.name,u1_0.password,u1_0.role from users u1_0 where u1_0.id=?
Hibernate: select c1_0.id,c1_0.user_id from carts c1_0 left join users u1_0 on u1_0.id=c1_0.user_id where u1_0.id=?
Hibernate: select w1_0.id,w1_0.user_id from wishlists w1_0 left join users u1_0 on u1_0.id=w1_0.user_id where u1_0.id=?
Hibernate: select u1_0.id,u1_0.email,u1_0.name,u1_0.password,u1_0.role from users u1_0 where u1_0.id=?
Hibernate: select u1_0.id,u1_0.email,u1_0.name,u1_0.password,u1_0.role from users u1_0 where u1_0.id=?
Hibernate: select u1_0.id,u1_0.email,u1_0.name,u1_0.password,u1_0.role from users u1_0 where u1_0.id=?
Hibernate: select u1_0.id,u1_0.email,u1_0.name,u1_0.password,u1_0.role from users u1_0 where u1_0.id=?
Hibernate: select i1_0.cart_id,i1_0.id,p1_0.id,p1_0.category,p1_0.description,p1_0.image_url,p1_0.name,p1_0.price,p1_0.status,p1_0.stock,v1_0.id,v1_0.address,v1_0.contact_email,v1_0.contact_phone,v1_0.created_at,v1_0.logo_url,v1_0.shop_name,v1_0.status,v1_0.user_id,i1_0.quantity from cart_items i1_0 left join product p1_0 on p1_0.id=i1_0.product_id left join vendor v1_0 on v1_0.id=p1_0.vendor_id where i1_0.cart_id=?
Hibernate: select i1_0.wishlist_id,i1_0.id,p1_0.id,p1_0.category,p1_0.description,p1_0.image_url,p1_0.name,p1_0.price,p1_0.status,p1_0.stock,v1_0.id,v1_0.address,v1_0.contact_email,v1_0.contact_phone,v1_0.created_at,v1_0.logo_url,v1_0.shop_name,v1_0.status,v1_0.user_id from wishlist_items i1_0 left join product p1_0 on p1_0.id=i1_0.product_id left join vendor v1_0 on v1_0.id=p1_0.vendor_id where i1_0.wishlist_id=?
Hibernate: select count(p1_0.id) from product p1_0 left join vendor v1_0 on v1_0.id=p1_0.vendor_id where v1_0.id=?
Hibernate: select count(p1_0.id) from product p1_0 left join vendor v1_0 on v1_0.id=p1_0.vendor_id where v1_0.id=?
Hibernate: select count(p1_0.id) from product p1_0 left join vendor v1_0 on v1_0.id=p1_0.vendor_id where v1_0.id=?
Hibernate: select u1_0.id,u1_0.email,u1_0.name,u1_0.password,u1_0.role from users u1_0 where u1_0.email=?
Hibernate: select u1_0.id,u1_0.email,u1_0.name,u1_0.password,u1_0.role from users u1_0 where u1_0.email=?
Hibernate: select count(p1_0.id) from product p1_0 left join vendor v1_0 on v1_0.id=p1_0.vendor_id where v1_0.id=?
Hibernate: select c1_0.id,c1_0.user_id from carts c1_0 left join users u1_0 on u1_0.id=c1_0.user_id where u1_0.id=?
Hibernate: select w1_0.id,w1_0.user_id from wishlists w1_0 left join users u1_0 on u1_0.id=w1_0.user_id where u1_0.id=?
Hibernate: select u1_0.id,u1_0.email,u1_0.name,u1_0.password,u1_0.role from users u1_0 where u1_0.id=?
Hibernate: select u1_0.id,u1_0.email,u1_0.name,u1_0.password,u1_0.role from users u1_0 where u1_0.id=?
Hibernate: select i1_0.cart_id,i1_0.id,p1_0.id,p1_0.category,p1_0.description,p1_0.image_url,p1_0.name,p1_0.price,p1_0.status,p1_0.stock,v1_0.id,v1_0.address,v1_0.contact_email,v1_0.contact_phone,v1_0.created_at,v1_0.logo_url,v1_0.shop_name,v1_0.status,v1_0.user_id,i1_0.quantity from cart_items i1_0 left join product p1_0 on p1_0.id=i1_0.product_id left join vendor v1_0 on v1_0.id=p1_0.vendor_id where i1_0.cart_id=?
Hibernate: select i1_0.wishlist_id,i1_0.id,p1_0.id,p1_0.category,p1_0.description,p1_0.image_url,p1_0.name,p1_0.price,p1_0.status,p1_0.stock,v1_0.id,v1_0.address,v1_0.contact_email,v1_0.contact_phone,v1_0.created_at,v1_0.logo_url,v1_0.shop_name,v1_0.status,v1_0.user_id from wishlist_items i1_0 left join product p1_0 on p1_0.id=i1_0.product_id left join vendor v1_0 on v1_0.id=p1_0.vendor_id where i1_0.wishlist_id=?
Hibernate: select v1_0.id,v1_0.address,v1_0.contact_email,v1_0.contact_phone,v1_0.created_at,v1_0.logo_url,v1_0.shop_name,v1_0.status,v1_0.user_id from vendor v1_0
Hibernate: select u1_0.id,u1_0.email,u1_0.name,u1_0.password,u1_0.role from users u1_0 where u1_0.id=?
Hibernate: select u1_0.id,u1_0.email,u1_0.name,u1_0.password,u1_0.role from users u1_0 where u1_0.id=?
Hibernate: select u1_0.id,u1_0.email,u1_0.name,u1_0.password,u1_0.role from users u1_0 where u1_0.id=?
Hibernate: select u1_0.id,u1_0.email,u1_0.name,u1_0.password,u1_0.role from users u1_0 where u1_0.id=?
Hibernate: select count(p1_0.id) from product p1_0 left join vendor v1_0 on v1_0.id=p1_0.vendor_id where v1_0.id=?
Hibernate: select count(p1_0.id) from product p1_0 left join vendor v1_0 on v1_0.id=p1_0.vendor_id where v1_0.id=?
Hibernate: select count(p1_0.id) from product p1_0 left join vendor v1_0 on v1_0.id=p1_0.vendor_id where v1_0.id=?
Hibernate: select count(p1_0.id) from product p1_0 left join vendor v1_0 on v1_0.id=p1_0.vendor_id where v1_0.id=?
Hibernate: select u1_0.id,u1_0.email,u1_0.name,u1_0.password,u1_0.role from users u1_0 where u1_0.email=?
Hibernate: select u1_0.id,u1_0.email,u1_0.name,u1_0.password,u1_0.role from users u1_0 where u1_0.email=?
Hibernate: select v1_0.id,v1_0.address,v1_0.contact_email,v1_0.contact_phone,v1_0.created_at,v1_0.logo_url,v1_0.shop_name,v1_0.status,v1_0.user_id from vendor v1_0
Hibernate: select u1_0.id,u1_0.email,u1_0.name,u1_0.password,u1_0.role from users u1_0 where u1_0.id=?
Hibernate: select u1_0.id,u1_0.email,u1_0.name,u1_0.password,u1_0.role from users u1_0 where u1_0.id=?
Hibernate: select u1_0.id,u1_0.email,u1_0.name,u1_0.password,u1_0.role from users u1_0 where u1_0.id=?
Hibernate: select w1_0.id,w1_0.user_id from wishlists w1_0 left join users u1_0 on u1_0.id=w1_0.user_id where u1_0.id=?
Hibernate: select u1_0.id,u1_0.email,u1_0.name,u1_0.password,u1_0.role from users u1_0 where u1_0.id=?
Hibernate: select c1_0.id,c1_0.user_id from carts c1_0 left join users u1_0 on u1_0.id=c1_0.user_id where u1_0.id=?
Hibernate: select u1_0.id,u1_0.email,u1_0.name,u1_0.password,u1_0.role from users u1_0 where u1_0.id=?
Hibernate: select u1_0.id,u1_0.email,u1_0.name,u1_0.password,u1_0.role from users u1_0 where u1_0.id=?
Hibernate: select i1_0.wishlist_id,i1_0.id,p1_0.id,p1_0.category,p1_0.description,p1_0.image_url,p1_0.name,p1_0.price,p1_0.status,p1_0.stock,v1_0.id,v1_0.address,v1_0.contact_email,v1_0.contact_phone,v1_0.created_at,v1_0.logo_url,v1_0.shop_name,v1_0.status,v1_0.user_id from wishlist_items i1_0 left join product p1_0 on p1_0.id=i1_0.product_id left join vendor v1_0 on v1_0.id=p1_0.vendor_id where i1_0.wishlist_id=?
Hibernate: select i1_0.cart_id,i1_0.id,p1_0.id,p1_0.category,p1_0.description,p1_0.image_url,p1_0.name,p1_0.price,p1_0.status,p1_0.stock,v1_0.id,v1_0.address,v1_0.contact_email,v1_0.contact_phone,v1_0.created_at,v1_0.logo_url,v1_0.shop_name,v1_0.status,v1_0.user_id,i1_0.quantity from cart_items i1_0 left join product p1_0 on p1_0.id=i1_0.product_id left join vendor v1_0 on v1_0.id=p1_0.vendor_id where i1_0.cart_id=?
Hibernate: select count(p1_0.id) from product p1_0 left join vendor v1_0 on v1_0.id=p1_0.vendor_id where v1_0.id=?
Hibernate: select count(p1_0.id) from product p1_0 left join vendor v1_0 on v1_0.id=p1_0.vendor_id where v1_0.id=?
Hibernate: select count(p1_0.id) from product p1_0 left join vendor v1_0 on v1_0.id=p1_0.vendor_id where v1_0.id=?
Hibernate: select count(p1_0.id) from product p1_0 left join vendor v1_0 on v1_0.id=p1_0.vendor_id where v1_0.id=?
Hibernate: select v1_0.id,v1_0.address,v1_0.contact_email,v1_0.contact_phone,v1_0.created_at,v1_0.logo_url,v1_0.shop_name,v1_0.status,v1_0.user_id from vendor v1_0
Hibernate: select u1_0.id,u1_0.email,u1_0.name,u1_0.password,u1_0.role from users u1_0 where u1_0.email=?
Hibernate: select u1_0.id,u1_0.email,u1_0.name,u1_0.password,u1_0.role from users u1_0 where u1_0.email=?
Hibernate: select u1_0.id,u1_0.email,u1_0.name,u1_0.password,u1_0.role from users u1_0 where u1_0.id=?
Hibernate: select u1_0.id,u1_0.email,u1_0.name,u1_0.password,u1_0.role from users u1_0 where u1_0.id=?
Hibernate: select c1_0.id,c1_0.user_id from carts c1_0 left join users u1_0 on u1_0.id=c1_0.user_id where u1_0.id=?
Hibernate: select w1_0.id,w1_0.user_id from wishlists w1_0 left join users u1_0 on u1_0.id=w1_0.user_id where u1_0.id=?
Hibernate: select u1_0.id,u1_0.email,u1_0.name,u1_0.password,u1_0.role from users u1_0 where u1_0.id=?
Hibernate: select u1_0.id,u1_0.email,u1_0.name,u1_0.password,u1_0.role from users u1_0 where u1_0.id=?
Hibernate: select u1_0.id,u1_0.email,u1_0.name,u1_0.password,u1_0.role from users u1_0 where u1_0.id=?
Hibernate: select u1_0.id,u1_0.email,u1_0.name,u1_0.password,u1_0.role from users u1_0 where u1_0.id=?
Hibernate: select i1_0.cart_id,i1_0.id,p1_0.id,p1_0.category,p1_0.description,p1_0.image_url,p1_0.name,p1_0.price,p1_0.status,p1_0.stock,v1_0.id,v1_0.address,v1_0.contact_email,v1_0.contact_phone,v1_0.created_at,v1_0.logo_url,v1_0.shop_name,v1_0.status,v1_0.user_id,i1_0.quantity from cart_items i1_0 left join product p1_0 on p1_0.id=i1_0.product_id left join vendor v1_0 on v1_0.id=p1_0.vendor_id where i1_0.cart_id=?
Hibernate: select i1_0.wishlist_id,i1_0.id,p1_0.id,p1_0.category,p1_0.description,p1_0.image_url,p1_0.name,p1_0.price,p1_0.status,p1_0.stock,v1_0.id,v1_0.address,v1_0.contact_email,v1_0.contact_phone,v1_0.created_at,v1_0.logo_url,v1_0.shop_name,v1_0.status,v1_0.user_id from wishlist_items i1_0 left join product p1_0 on p1_0.id=i1_0.product_id left join vendor v1_0 on v1_0.id=p1_0.vendor_id where i1_0.wishlist_id=?
Hibernate: select count(p1_0.id) from product p1_0 left join vendor v1_0 on v1_0.id=p1_0.vendor_id where v1_0.id=?
Hibernate: select count(p1_0.id) from product p1_0 left join vendor v1_0 on v1_0.id=p1_0.vendor_id where v1_0.id=?
Hibernate: select count(p1_0.id) from product p1_0 left join vendor v1_0 on v1_0.id=p1_0.vendor_id where v1_0.id=?
Hibernate: select count(p1_0.id) from product p1_0 left join vendor v1_0 on v1_0.id=p1_0.vendor_id where v1_0.id=?
Hibernate: select v1_0.id,v1_0.address,v1_0.contact_email,v1_0.contact_phone,v1_0.created_at,v1_0.logo_url,v1_0.shop_name,v1_0.status,v1_0.user_id from vendor v1_0
Hibernate: select u1_0.id,u1_0.email,u1_0.name,u1_0.password,u1_0.role from users u1_0 where u1_0.email=?
Hibernate: select u1_0.id,u1_0.email,u1_0.name,u1_0.password,u1_0.role from users u1_0 where u1_0.email=?
Hibernate: select u1_0.id,u1_0.email,u1_0.name,u1_0.password,u1_0.role from users u1_0 where u1_0.id=?
Hibernate: select u1_0.id,u1_0.email,u1_0.name,u1_0.password,u1_0.role from users u1_0 where u1_0.id=?
Hibernate: select c1_0.id,c1_0.user_id from carts c1_0 left join users u1_0 on u1_0.id=c1_0.user_id where u1_0.id=?
Hibernate: select w1_0.id,w1_0.user_id from wishlists w1_0 left join users u1_0 on u1_0.id=w1_0.user_id where u1_0.id=?
Hibernate: select u1_0.id,u1_0.email,u1_0.name,u1_0.password,u1_0.role from users u1_0 where u1_0.id=?
Hibernate: select u1_0.id,u1_0.email,u1_0.name,u1_0.password,u1_0.role from users u1_0 where u1_0.id=?
Hibernate: select u1_0.id,u1_0.email,u1_0.name,u1_0.password,u1_0.role from users u1_0 where u1_0.id=?
Hibernate: select u1_0.id,u1_0.email,u1_0.name,u1_0.password,u1_0.role from users u1_0 where u1_0.id=?
Hibernate: select i1_0.cart_id,i1_0.id,p1_0.id,p1_0.category,p1_0.description,p1_0.image_url,p1_0.name,p1_0.price,p1_0.status,p1_0.stock,v1_0.id,v1_0.address,v1_0.contact_email,v1_0.contact_phone,v1_0.created_at,v1_0.logo_url,v1_0.shop_name,v1_0.status,v1_0.user_id,i1_0.quantity from cart_items i1_0 left join product p1_0 on p1_0.id=i1_0.product_id left join vendor v1_0 on v1_0.id=p1_0.vendor_id where i1_0.cart_id=?
Hibernate: select i1_0.wishlist_id,i1_0.id,p1_0.id,p1_0.category,p1_0.description,p1_0.image_url,p1_0.name,p1_0.price,p1_0.status,p1_0.stock,v1_0.id,v1_0.address,v1_0.contact_email,v1_0.contact_phone,v1_0.created_at,v1_0.logo_url,v1_0.shop_name,v1_0.status,v1_0.user_id from wishlist_items i1_0 left join product p1_0 on p1_0.id=i1_0.product_id left join vendor v1_0 on v1_0.id=p1_0.vendor_id where i1_0.wishlist_id=?
Hibernate: select count(p1_0.id) from product p1_0 left join vendor v1_0 on v1_0.id=p1_0.vendor_id where v1_0.id=?
Hibernate: select count(p1_0.id) from product p1_0 left join vendor v1_0 on v1_0.id=p1_0.vendor_id where v1_0.id=?
Hibernate: select count(p1_0.id) from product p1_0 left join vendor v1_0 on v1_0.id=p1_0.vendor_id where v1_0.id=?
Hibernate: select count(p1_0.id) from product p1_0 left join vendor v1_0 on v1_0.id=p1_0.vendor_id where v1_0.id=?
Hibernate: select u1_0.id,u1_0.email,u1_0.name,u1_0.password,u1_0.role from users u1_0 where u1_0.email=?
Hibernate: select u1_0.id,u1_0.email,u1_0.name,u1_0.password,u1_0.role from users u1_0 where u1_0.email=?
Hibernate: select w1_0.id,w1_0.user_id from wishlists w1_0 left join users u1_0 on u1_0.id=w1_0.user_id where u1_0.id=?
Hibernate: select c1_0.id,c1_0.user_id from carts c1_0 left join users u1_0 on u1_0.id=c1_0.user_id where u1_0.id=?
Hibernate: select u1_0.id,u1_0.email,u1_0.name,u1_0.password,u1_0.role from users u1_0 where u1_0.id=?
Hibernate: select u1_0.id,u1_0.email,u1_0.name,u1_0.password,u1_0.role from users u1_0 where u1_0.id=?
Hibernate: select i1_0.cart_id,i1_0.id,p1_0.id,p1_0.category,p1_0.description,p1_0.image_url,p1_0.name,p1_0.price,p1_0.status,p1_0.stock,v1_0.id,v1_0.address,v1_0.contact_email,v1_0.contact_phone,v1_0.created_at,v1_0.logo_url,v1_0.shop_name,v1_0.status,v1_0.user_id,i1_0.quantity from cart_items i1_0 left join product p1_0 on p1_0.id=i1_0.product_id left join vendor v1_0 on v1_0.id=p1_0.vendor_id where i1_0.cart_id=?
Hibernate: select v1_0.id,v1_0.address,v1_0.contact_email,v1_0.contact_phone,v1_0.created_at,v1_0.logo_url,v1_0.shop_name,v1_0.status,v1_0.user_id from vendor v1_0
Hibernate: select i1_0.wishlist_id,i1_0.id,p1_0.id,p1_0.category,p1_0.description,p1_0.image_url,p1_0.name,p1_0.price,p1_0.status,p1_0.stock,v1_0.id,v1_0.address,v1_0.contact_email,v1_0.contact_phone,v1_0.created_at,v1_0.logo_url,v1_0.shop_name,v1_0.status,v1_0.user_id from wishlist_items i1_0 left join product p1_0 on p1_0.id=i1_0.product_id left join vendor v1_0 on v1_0.id=p1_0.vendor_id where i1_0.wishlist_id=?
Hibernate: select u1_0.id,u1_0.email,u1_0.name,u1_0.password,u1_0.role from users u1_0 where u1_0.id=?
Hibernate: select u1_0.id,u1_0.email,u1_0.name,u1_0.password,u1_0.role from users u1_0 where u1_0.id=?
Hibernate: select u1_0.id,u1_0.email,u1_0.name,u1_0.password,u1_0.role from users u1_0 where u1_0.id=?
Hibernate: select u1_0.id,u1_0.email,u1_0.name,u1_0.password,u1_0.role from users u1_0 where u1_0.id=?
Hibernate: select count(p1_0.id) from product p1_0 left join vendor v1_0 on v1_0.id=p1_0.vendor_id where v1_0.id=?
Hibernate: select count(p1_0.id) from product p1_0 left join vendor v1_0 on v1_0.id=p1_0.vendor_id where v1_0.id=?
Hibernate: select count(p1_0.id) from product p1_0 left join vendor v1_0 on v1_0.id=p1_0.vendor_id where v1_0.id=?
Hibernate: select count(p1_0.id) from product p1_0 left join vendor v1_0 on v1_0.id=p1_0.vendor_id where v1_0.id=?
Hibernate: select v1_0.id,v1_0.address,v1_0.contact_email,v1_0.contact_phone,v1_0.created_at,v1_0.logo_url,v1_0.shop_name,v1_0.status,v1_0.user_id from vendor v1_0
Hibernate: select u1_0.id,u1_0.email,u1_0.name,u1_0.password,u1_0.role from users u1_0 where u1_0.email=?
Hibernate: select u1_0.id,u1_0.email,u1_0.name,u1_0.password,u1_0.role from users u1_0 where u1_0.email=?
Hibernate: select u1_0.id,u1_0.email,u1_0.name,u1_0.password,u1_0.role from users u1_0 where u1_0.id=?
Hibernate: select u1_0.id,u1_0.email,u1_0.name,u1_0.password,u1_0.role from users u1_0 where u1_0.id=?
Hibernate: select c1_0.id,c1_0.user_id from carts c1_0 left join users u1_0 on u1_0.id=c1_0.user_id where u1_0.id=?
Hibernate: select w1_0.id,w1_0.user_id from wishlists w1_0 left join users u1_0 on u1_0.id=w1_0.user_id where u1_0.id=?
Hibernate: select u1_0.id,u1_0.email,u1_0.name,u1_0.password,u1_0.role from users u1_0 where u1_0.id=?
Hibernate: select u1_0.id,u1_0.email,u1_0.name,u1_0.password,u1_0.role from users u1_0 where u1_0.id=?
Hibernate: select u1_0.id,u1_0.email,u1_0.name,u1_0.password,u1_0.role from users u1_0 where u1_0.id=?
Hibernate: select u1_0.id,u1_0.email,u1_0.name,u1_0.password,u1_0.role from users u1_0 where u1_0.id=?
Hibernate: select i1_0.cart_id,i1_0.id,p1_0.id,p1_0.category,p1_0.description,p1_0.image_url,p1_0.name,p1_0.price,p1_0.status,p1_0.stock,v1_0.id,v1_0.address,v1_0.contact_email,v1_0.contact_phone,v1_0.created_at,v1_0.logo_url,v1_0.shop_name,v1_0.status,v1_0.user_id,i1_0.quantity from cart_items i1_0 left join product p1_0 on p1_0.id=i1_0.product_id left join vendor v1_0 on v1_0.id=p1_0.vendor_id where i1_0.cart_id=?
Hibernate: select i1_0.wishlist_id,i1_0.id,p1_0.id,p1_0.category,p1_0.description,p1_0.image_url,p1_0.name,p1_0.price,p1_0.status,p1_0.stock,v1_0.id,v1_0.address,v1_0.contact_email,v1_0.contact_phone,v1_0.created_at,v1_0.logo_url,v1_0.shop_name,v1_0.status,v1_0.user_id from wishlist_items i1_0 left join product p1_0 on p1_0.id=i1_0.product_id left join vendor v1_0 on v1_0.id=p1_0.vendor_id where i1_0.wishlist_id=?
Hibernate: select count(p1_0.id) from product p1_0 left join vendor v1_0 on v1_0.id=p1_0.vendor_id where v1_0.id=?
Hibernate: select count(p1_0.id) from product p1_0 left join vendor v1_0 on v1_0.id=p1_0.vendor_id where v1_0.id=?
Hibernate: select count(p1_0.id) from product p1_0 left join vendor v1_0 on v1_0.id=p1_0.vendor_id where v1_0.id=?
Hibernate: select count(p1_0.id) from product p1_0 left join vendor v1_0 on v1_0.id=p1_0.vendor_id where v1_0.id=?
Hibernate: select u1_0.id,u1_0.email,u1_0.name,u1_0.password,u1_0.role from users u1_0 where u1_0.email=?
Hibernate: select u1_0.id,u1_0.email,u1_0.name,u1_0.password,u1_0.role from users u1_0 where u1_0.email=?
Hibernate: select c1_0.id,c1_0.user_id from carts c1_0 left join users u1_0 on u1_0.id=c1_0.user_id where u1_0.id=?
Hibernate: select w1_0.id,w1_0.user_id from wishlists w1_0 left join users u1_0 on u1_0.id=w1_0.user_id where u1_0.id=?
Hibernate: select u1_0.id,u1_0.email,u1_0.name,u1_0.password,u1_0.role from users u1_0 where u1_0.id=?
Hibernate: select u1_0.id,u1_0.email,u1_0.name,u1_0.password,u1_0.role from users u1_0 where u1_0.id=?
Hibernate: select i1_0.wishlist_id,i1_0.id,p1_0.id,p1_0.category,p1_0.description,p1_0.image_url,p1_0.name,p1_0.price,p1_0.status,p1_0.stock,v1_0.id,v1_0.address,v1_0.contact_email,v1_0.contact_phone,v1_0.created_at,v1_0.logo_url,v1_0.shop_name,v1_0.status,v1_0.user_id from wishlist_items i1_0 left join product p1_0 on p1_0.id=i1_0.product_id left join vendor v1_0 on v1_0.id=p1_0.vendor_id where i1_0.wishlist_id=?
Hibernate: select i1_0.cart_id,i1_0.id,p1_0.id,p1_0.category,p1_0.description,p1_0.image_url,p1_0.name,p1_0.price,p1_0.status,p1_0.stock,v1_0.id,v1_0.address,v1_0.contact_email,v1_0.contact_phone,v1_0.created_at,v1_0.logo_url,v1_0.shop_name,v1_0.status,v1_0.user_id,i1_0.quantity from cart_items i1_0 left join product p1_0 on p1_0.id=i1_0.product_id left join vendor v1_0 on v1_0.id=p1_0.vendor_id where i1_0.cart_id=?
Hibernate: select v1_0.id,v1_0.address,v1_0.contact_email,v1_0.contact_phone,v1_0.created_at,v1_0.logo_url,v1_0.shop_name,v1_0.status,v1_0.user_id from vendor v1_0
Hibernate: select u1_0.id,u1_0.email,u1_0.name,u1_0.password,u1_0.role from users u1_0 where u1_0.id=?
Hibernate: select u1_0.id,u1_0.email,u1_0.name,u1_0.password,u1_0.role from users u1_0 where u1_0.id=?
Hibernate: select u1_0.id,u1_0.email,u1_0.name,u1_0.password,u1_0.role from users u1_0 where u1_0.id=?
Hibernate: select u1_0.id,u1_0.email,u1_0.name,u1_0.password,u1_0.role from users u1_0 where u1_0.id=?
Hibernate: select count(p1_0.id) from product p1_0 left join vendor v1_0 on v1_0.id=p1_0.vendor_id where v1_0.id=?
Hibernate: select count(p1_0.id) from product p1_0 left join vendor v1_0 on v1_0.id=p1_0.vendor_id where v1_0.id=?
Hibernate: select count(p1_0.id) from product p1_0 left join vendor v1_0 on v1_0.id=p1_0.vendor_id where v1_0.id=?
Hibernate: select count(p1_0.id) from product p1_0 left join vendor v1_0 on v1_0.id=p1_0.vendor_id where v1_0.id=?
Hibernate: select p1_0.id,p1_0.category,p1_0.description,p1_0.image_url,p1_0.name,p1_0.price,p1_0.status,p1_0.stock,p1_0.vendor_id from product p1_0
Hibernate: select v1_0.id,v1_0.address,v1_0.contact_email,v1_0.contact_phone,v1_0.created_at,v1_0.logo_url,v1_0.shop_name,v1_0.status,u1_0.id,u1_0.email,u1_0.name,u1_0.password,u1_0.role from vendor v1_0 left join users u1_0 on u1_0.id=v1_0.user_id where v1_0.id=?
Hibernate: select v1_0.id,v1_0.address,v1_0.contact_email,v1_0.contact_phone,v1_0.created_at,v1_0.logo_url,v1_0.shop_name,v1_0.status,u1_0.id,u1_0.email,u1_0.name,u1_0.password,u1_0.role from vendor v1_0 left join users u1_0 on u1_0.id=v1_0.user_id where v1_0.id=?
Hibernate: select v1_0.id,v1_0.address,v1_0.contact_email,v1_0.contact_phone,v1_0.created_at,v1_0.logo_url,v1_0.shop_name,v1_0.status,u1_0.id,u1_0.email,u1_0.name,u1_0.password,u1_0.role from vendor v1_0 left join users u1_0 on u1_0.id=v1_0.user_id where v1_0.id=?
Hibernate: select v1_0.id,v1_0.address,v1_0.contact_email,v1_0.contact_phone,v1_0.created_at,v1_0.logo_url,v1_0.shop_name,v1_0.status,u1_0.id,u1_0.email,u1_0.name,u1_0.password,u1_0.role from vendor v1_0 left join users u1_0 on u1_0.id=v1_0.user_id where v1_0.id=?
Hibernate: select p1_0.id,p1_0.category,p1_0.description,p1_0.image_url,p1_0.name,p1_0.price,p1_0.status,p1_0.stock,p1_0.vendor_id from product p1_0
Hibernate: select v1_0.id,v1_0.address,v1_0.contact_email,v1_0.contact_phone,v1_0.created_at,v1_0.logo_url,v1_0.shop_name,v1_0.status,u1_0.id,u1_0.email,u1_0.name,u1_0.password,u1_0.role from vendor v1_0 left join users u1_0 on u1_0.id=v1_0.user_id where v1_0.id=?
Hibernate: select v1_0.id,v1_0.address,v1_0.contact_email,v1_0.contact_phone,v1_0.created_at,v1_0.logo_url,v1_0.shop_name,v1_0.status,u1_0.id,u1_0.email,u1_0.name,u1_0.password,u1_0.role from vendor v1_0 left join users u1_0 on u1_0.id=v1_0.user_id where v1_0.id=?
Hibernate: select v1_0.id,v1_0.address,v1_0.contact_email,v1_0.contact_phone,v1_0.created_at,v1_0.logo_url,v1_0.shop_name,v1_0.status,u1_0.id,u1_0.email,u1_0.name,u1_0.password,u1_0.role from vendor v1_0 left join users u1_0 on u1_0.id=v1_0.user_id where v1_0.id=?
Hibernate: select v1_0.id,v1_0.address,v1_0.contact_email,v1_0.contact_phone,v1_0.created_at,v1_0.logo_url,v1_0.shop_name,v1_0.status,u1_0.id,u1_0.email,u1_0.name,u1_0.password,u1_0.role from vendor v1_0 left join users u1_0 on u1_0.id=v1_0.user_id where v1_0.id=?
Hibernate: select v1_0.id,v1_0.address,v1_0.contact_email,v1_0.contact_phone,v1_0.created_at,v1_0.logo_url,v1_0.shop_name,v1_0.status,v1_0.user_id from vendor v1_0
Hibernate: select u1_0.id,u1_0.email,u1_0.name,u1_0.password,u1_0.role from users u1_0 where u1_0.id=?
Hibernate: select u1_0.id,u1_0.email,u1_0.name,u1_0.password,u1_0.role from users u1_0 where u1_0.id=?
Hibernate: select u1_0.id,u1_0.email,u1_0.name,u1_0.password,u1_0.role from users u1_0 where u1_0.id=?
Hibernate: select u1_0.id,u1_0.email,u1_0.name,u1_0.password,u1_0.role from users u1_0 where u1_0.id=?
Hibernate: select count(p1_0.id) from product p1_0 left join vendor v1_0 on v1_0.id=p1_0.vendor_id where v1_0.id=?
Hibernate: select count(p1_0.id) from product p1_0 left join vendor v1_0 on v1_0.id=p1_0.vendor_id where v1_0.id=?
Hibernate: select count(p1_0.id) from product p1_0 left join vendor v1_0 on v1_0.id=p1_0.vendor_id where v1_0.id=?
Hibernate: select count(p1_0.id) from product p1_0 left join vendor v1_0 on v1_0.id=p1_0.vendor_id where v1_0.id=?
Hibernate: select v1_0.id,v1_0.address,v1_0.contact_email,v1_0.contact_phone,v1_0.created_at,v1_0.logo_url,v1_0.shop_name,v1_0.status,v1_0.user_id from vendor v1_0
Hibernate: select u1_0.id,u1_0.email,u1_0.name,u1_0.password,u1_0.role from users u1_0 where u1_0.id=?
Hibernate: select u1_0.id,u1_0.email,u1_0.name,u1_0.password,u1_0.role from users u1_0 where u1_0.id=?
Hibernate: select u1_0.id,u1_0.email,u1_0.name,u1_0.password,u1_0.role from users u1_0 where u1_0.id=?
Hibernate: select u1_0.id,u1_0.email,u1_0.name,u1_0.password,u1_0.role from users u1_0 where u1_0.id=?
Hibernate: select count(p1_0.id) from product p1_0 left join vendor v1_0 on v1_0.id=p1_0.vendor_id where v1_0.id=?
Hibernate: select count(p1_0.id) from product p1_0 left join vendor v1_0 on v1_0.id=p1_0.vendor_id where v1_0.id=?
Hibernate: select count(p1_0.id) from product p1_0 left join vendor v1_0 on v1_0.id=p1_0.vendor_id where v1_0.id=?
Hibernate: select count(p1_0.id) from product p1_0 left join vendor v1_0 on v1_0.id=p1_0.vendor_id where v1_0.id=?
Hibernate: select p1_0.id,p1_0.category,p1_0.description,p1_0.image_url,p1_0.name,p1_0.price,p1_0.status,p1_0.stock,p1_0.vendor_id from product p1_0
Hibernate: select v1_0.id,v1_0.address,v1_0.contact_email,v1_0.contact_phone,v1_0.created_at,v1_0.logo_url,v1_0.shop_name,v1_0.status,u1_0.id,u1_0.email,u1_0.name,u1_0.password,u1_0.role from vendor v1_0 left join users u1_0 on u1_0.id=v1_0.user_id where v1_0.id=?
Hibernate: select v1_0.id,v1_0.address,v1_0.contact_email,v1_0.contact_phone,v1_0.created_at,v1_0.logo_url,v1_0.shop_name,v1_0.status,u1_0.id,u1_0.email,u1_0.name,u1_0.password,u1_0.role from vendor v1_0 left join users u1_0 on u1_0.id=v1_0.user_id where v1_0.id=?
Hibernate: select v1_0.id,v1_0.address,v1_0.contact_email,v1_0.contact_phone,v1_0.created_at,v1_0.logo_url,v1_0.shop_name,v1_0.status,u1_0.id,u1_0.email,u1_0.name,u1_0.password,u1_0.role from vendor v1_0 left join users u1_0 on u1_0.id=v1_0.user_id where v1_0.id=?
Hibernate: select v1_0.id,v1_0.address,v1_0.contact_email,v1_0.contact_phone,v1_0.created_at,v1_0.logo_url,v1_0.shop_name,v1_0.status,u1_0.id,u1_0.email,u1_0.name,u1_0.password,u1_0.role from vendor v1_0 left join users u1_0 on u1_0.id=v1_0.user_id where v1_0.id=?
Hibernate: select p1_0.id,p1_0.category,p1_0.description,p1_0.image_url,p1_0.name,p1_0.price,p1_0.status,p1_0.stock,p1_0.vendor_id from product p1_0
Hibernate: select v1_0.id,v1_0.address,v1_0.contact_email,v1_0.contact_phone,v1_0.created_at,v1_0.logo_url,v1_0.shop_name,v1_0.status,u1_0.id,u1_0.email,u1_0.name,u1_0.password,u1_0.role from vendor v1_0 left join users u1_0 on u1_0.id=v1_0.user_id where v1_0.id=?
Hibernate: select v1_0.id,v1_0.address,v1_0.contact_email,v1_0.contact_phone,v1_0.created_at,v1_0.logo_url,v1_0.shop_name,v1_0.status,u1_0.id,u1_0.email,u1_0.name,u1_0.password,u1_0.role from vendor v1_0 left join users u1_0 on u1_0.id=v1_0.user_id where v1_0.id=?
Hibernate: select v1_0.id,v1_0.address,v1_0.contact_email,v1_0.contact_phone,v1_0.created_at,v1_0.logo_url,v1_0.shop_name,v1_0.status,u1_0.id,u1_0.email,u1_0.name,u1_0.password,u1_0.role from vendor v1_0 left join users u1_0 on u1_0.id=v1_0.user_id where v1_0.id=?
Hibernate: select v1_0.id,v1_0.address,v1_0.contact_email,v1_0.contact_phone,v1_0.created_at,v1_0.logo_url,v1_0.shop_name,v1_0.status,u1_0.id,u1_0.email,u1_0.name,u1_0.password,u1_0.role from vendor v1_0 left join users u1_0 on u1_0.id=v1_0.user_id where v1_0.id=?
Hibernate: select v1_0.id,v1_0.address,v1_0.contact_email,v1_0.contact_phone,v1_0.created_at,v1_0.logo_url,v1_0.shop_name,v1_0.status,v1_0.user_id from vendor v1_0
Hibernate: select u1_0.id,u1_0.email,u1_0.name,u1_0.password,u1_0.role from users u1_0 where u1_0.id=?
Hibernate: select u1_0.id,u1_0.email,u1_0.name,u1_0.password,u1_0.role from users u1_0 where u1_0.id=?
Hibernate: select u1_0.id,u1_0.email,u1_0.name,u1_0.password,u1_0.role from users u1_0 where u1_0.id=?
Hibernate: select u1_0.id,u1_0.email,u1_0.name,u1_0.password,u1_0.role from users u1_0 where u1_0.id=?
Hibernate: select count(p1_0.id) from product p1_0 left join vendor v1_0 on v1_0.id=p1_0.vendor_id where v1_0.id=?
Hibernate: select count(p1_0.id) from product p1_0 left join vendor v1_0 on v1_0.id=p1_0.vendor_id where v1_0.id=?
Hibernate: select count(p1_0.id) from product p1_0 left join vendor v1_0 on v1_0.id=p1_0.vendor_id where v1_0.id=?
Hibernate: select count(p1_0.id) from product p1_0 left join vendor v1_0 on v1_0.id=p1_0.vendor_id where v1_0.id=?
Hibernate: select v1_0.id,v1_0.address,v1_0.contact_email,v1_0.contact_phone,v1_0.created_at,v1_0.logo_url,v1_0.shop_name,v1_0.status,v1_0.user_id from vendor v1_0
Hibernate: select u1_0.id,u1_0.email,u1_0.name,u1_0.password,u1_0.role from users u1_0 where u1_0.id=?
Hibernate: select u1_0.id,u1_0.email,u1_0.name,u1_0.password,u1_0.role from users u1_0 where u1_0.id=?
Hibernate: select u1_0.id,u1_0.email,u1_0.name,u1_0.password,u1_0.role from users u1_0 where u1_0.id=?
Hibernate: select u1_0.id,u1_0.email,u1_0.name,u1_0.password,u1_0.role from users u1_0 where u1_0.id=?
Hibernate: select count(p1_0.id) from product p1_0 left join vendor v1_0 on v1_0.id=p1_0.vendor_id where v1_0.id=?
Hibernate: select count(p1_0.id) from product p1_0 left join vendor v1_0 on v1_0.id=p1_0.vendor_id where v1_0.id=?
Hibernate: select count(p1_0.id) from product p1_0 left join vendor v1_0 on v1_0.id=p1_0.vendor_id where v1_0.id=?
Hibernate: select count(p1_0.id) from product p1_0 left join vendor v1_0 on v1_0.id=p1_0.vendor_id where v1_0.id=?
nohup: ./mvnw: No such file or directory
2026-01-28T00:07:54.297+05:30  INFO 7183 --- [ionShutdownHook] o.s.b.w.e.tomcat.GracefulShutdown        : Commencing graceful shutdown. Waiting for active requests to complete
2026-01-28T00:07:54.298+05:30  INFO 7183 --- [tomcat-shutdown] o.s.b.w.e.tomcat.GracefulShutdown        : Graceful shutdown complete
2026-01-28T00:07:56.395+05:30  INFO 7183 --- [ionShutdownHook] j.LocalContainerEntityManagerFactoryBean : Closing JPA EntityManagerFactory for persistence unit 'default'
2026-01-28T00:07:56.399+05:30  INFO 7183 --- [ionShutdownHook] com.zaxxer.hikari.HikariDataSource       : HikariPool-1 - Shutdown initiated...
2026-01-28T00:07:56.404+05:30  INFO 7183 --- [ionShutdownHook] com.zaxxer.hikari.HikariDataSource       : HikariPool-1 - Shutdown completed.
